302602.4956899233 4123865.585020155 1.0845210101514222 9
302602.58907541423 4123865.7618795945 1.0859101341707469 9
302602.6819831083 4123865.938990045 1.0893431280014125 9
302602.77481990505 4123866.11613736 1.0855182217887163 9
302602.8684496802 4123866.2928673425 1.0824762499968372 9
302602.9622118081 4123866.469527719 1.0836271131495019 9
302603.0557443737 4123866.6463090205 1.0844562210636348 9
302603.14923974755 4123866.823110071 1.0841315464438885 9
302603.2428585572 4123866.999845822 1.0830780256354506 9
302603.33668441814 4123867.176471674 1.082117229962683 9
302603.43056303496 4123867.353069565 1.0824943423940996 9
302603.5242999658 4123867.5297427922 1.0832731122748531 9
302603.6180368476 4123867.7064159513 1.0824379278906624 9
302603.71205744153 4123867.882938056 1.0802914501100116 9
302603.80642866425 4123868.0592732816 1.0786336904132845 9
302603.9010279454 4123868.2354864376 1.0777000680800197 9
302603.99574211414 4123868.411637611 1.0772782789739594 9
302604.0904951834 4123868.587767777 1.077257964064956 9
302604.18522782717 4123868.763909049 1.0773592978895254 9
302604.28000230464 4123868.940027826 1.076737421121623 9
302604.37495492835 4123869.116050486 1.075339265699538 9
302604.4701830557 4123869.2919243416 1.0737767233069708 9
302604.5656624384 4123869.4676620704 1.0724816511215614 9
302604.661345652 4123869.643288825 1.071460040776298 9
302604.75718096265 4123869.818832501 1.070753749244843 9
302604.8531118928 4123869.994324018 1.0703708343670637 9
302604.9490963568 4123870.1697863983 1.0700131805684603 9
302605.04518741724 4123870.345190334 1.0691455652996924 9
302605.14147615107 4123870.520485609 1.0677613469468157 9
302605.23801111314 4123870.6956454176 1.0665223924072895 9
302605.3347083643 4123870.870715907 1.0659088960432879 9
302605.4314583893 4123871.0457573044 1.0659111954812388 9
302605.52818348346 4123871.220812356 1.0660861647338091 9
302605.624883863 4123871.395880986 1.0661931853722837 9
302605.72157145943 4123871.570956681 1.0662316320245577 9
302605.8182631427 4123871.746030166 1.0661259240589072 9
302605.91499051335 4123871.9210839397 1.065823940305359 9
302606.0117879054 4123872.096098972 1.065325680575388 9
302606.1086802898 4123872.27106142 1.0648164565148075 9
302606.20563649235 4123872.4459885387 1.0646002456376082 9
302606.3026045078 4123872.6209091214 1.0646814511910383 9
302606.39953312976 4123872.7958515193 1.0650241688738298 9
302606.49640395516 4123872.9708259203 1.0652928785069653 9
302606.5932414357 4123873.1458187876 1.0654053322240826 9
302606.69007291173 4123873.320814983 1.0653615300435904 9
302606.7869249719 4123873.4957997845 1.0651857254700408 9
302606.8838092174 4123873.670766767 1.0650066113524068 9
302606.98072343925 4123873.845717146 1.0648430567862983 9
302607.0776649122 4123874.020652426 1.0646950617663473 9
302607.1746308462 4123874.1955741453 1.0645659794315872 9
302607.2716145545 4123874.3704860066 1.0644992238851267 9
302607.368603323 4123874.545395063 1.064508119390826 9
302607.4655839205 4123874.7203086517 1.0645926659472027 9
302607.5625431156 4123874.8952341126 1.0647528635445833 9
302607.65947237454 4123875.0701761777 1.0648992370727415 9
302607.75638852787 4123875.2451255093 1.064901698210878 9
302607.85331692855 4123875.4200680424 1.0647591558650236 9
302607.95028293604 4123875.5949897063 1.0644716099734117 9
302608.04731183907 4123875.7698764727 1.0640443459999702 9
302608.14441831305 4123875.944720192 1.0636135235866548 9
302608.2415952038 4123876.1195248137 1.0632389178885238 9
302608.33883267106 4123876.294295776 1.0629205288324015 9
302608.4361208738 4123876.4690385186 1.0626583563142677 9
302608.5334500349 4123876.643758443 1.0624492932263363 9
302608.63081377954 4123876.8184590745 1.0622562245104823 9
302608.7282107919 4123876.993141144 1.0620683322677298 9
302608.8256401675 4123877.167805154 1.061885616510174 9
302608.92310100165 4123877.3424516087 1.0617080772479086 9
302609.02059239143 4123877.5170810106 1.0615355469253578 9
302609.1181139482 4123877.6916935723 1.0613608906999878 9
302609.21566651826 4123877.866288814 1.0611803258572174 9
302609.3132511294 4123878.040866153 1.0609938523883728 9
302609.4108688097 4123878.2154250047 1.0608014702858324 9
302609.50852058677 4123878.3899647864 1.06060317954322 9
302609.60620743607 4123878.564484945 1.060400028690294 9
302609.7039300102 4123878.738985102 1.0601937780978745 9
302609.80168884015 4123878.913464948 1.0599844556337985 9
302609.8994844565 4123879.0879241745 1.0597720612819477 9
302609.9973173899 4123879.2623624704 1.0595565950268415 9
302610.0951881275 4123879.43677955 1.0593398671398024 9
302610.1930955995 4123879.611176007 1.0591375233225757 9
302610.29103679 4123879.7855535336 1.0589531735274662 9
302610.3890085604 4123879.9599138894 1.0587868177607211 9
302610.4870077721 4123880.134258836 1.0586384560230666 9
302610.58503128635 4123880.3085901346 1.0585080883113247 9
302610.6830768332 4123880.482909055 1.0583771348880249 9
302610.781148458 4123880.6572133056 1.058207935281375 9
302610.87925299647 4123880.8314990234 1.0579994005501716 9
302610.9773972966 4123881.0057623335 1.0577515306575678 9
302611.07558820647 4123881.1799993645 1.0574643255745808 9
302611.1738325742 4123881.354206245 1.0571377852916009 9
302611.2721333996 4123881.528381274 1.0568402885768462 9
302611.3704768093 4123881.702532279 1.0566489127396628 9
302611.46884430666 4123881.876669694 1.0565637258353269 9
302611.56721739494 4123882.050803957 1.056584727838265 9
302611.66557757754 4123882.224945504 1.0567119187520417 9
302611.7639063575 4123882.399104771 1.0569452986022556 9
302611.8621899597 4123882.57328953 1.057197249199437 9
302611.96043805766 4123882.747494323 1.0573524642184295 9
302612.05866759113 4123882.9217095934 1.0574104174007888 9
302612.15689550195 4123883.095925782 1.0573711087570372 9
302612.25513873197 4123883.27013333 1.057234538285541 9
302612.35341422306 4123883.444322679 1.0570007059836646 9
302612.4517371455 4123883.6184852696 1.056717044534903 9
302612.5501002202 4123883.792625206 1.0565508042226945 9
302612.648480753 4123883.966755289 1.0565165751771979 9
302612.7468557473 4123884.140888489 1.0566143573928093 9
302612.8452022067 4123884.3150377767 1.0568441509270072 9
302612.94349713455 4123884.489216123 1.0572059558492326 9
302613.0417175661 4123884.66343648 1.0576970110887385 9
302613.1398474836 4123884.8377078674 1.0582237374679633 9
302613.23788649763 4123885.0120304534 1.0587403101951045 9
302613.3358363529 4123885.1864031972 1.059246729397672 9
302613.43369879434 4123885.3608250595 1.0597429952192756 9
302613.53147556674 4123885.535295 1.0602291078180586 9
302613.6291684148 4123885.7098119785 1.0607050673651621 9
302613.7267788151 4123885.8843751033 1.0611783861513695 9
302613.82430443313 4123886.058985606 1.0616784943335427 9
302613.9217401034 4123886.233646289 1.0622083751235076 9
302614.0190805928 4123886.4083599956 1.062768028770599 9
302614.1163206686 4123886.583129568 1.0633574554766665 9
302614.2134550978 4123886.7579578483 1.063976655381192 9
302614.3104786477 4123886.9328476787 1.0646256285456146 9
302614.40738703817 4123887.1078013694 1.065285887969606 9
302614.50418137724 4123887.2828182215 1.0659290756907207 9
302614.6008646643 4123887.457896482 1.0665548828775466 9
302614.69743990124 4123887.633034396 1.0671633098483129 9
302614.79391008936 4123887.8082302087 1.067754356955623 9
302614.8902782306 4123887.9834821634 1.0683280245809386 9
302614.98654732737 4123888.158788506 1.0688841761429393 9
302615.08272117854 4123888.334147062 1.0694111143445373 9
302615.1788058216 4123888.509554486 1.069901334264925 9
302615.2748076843 4123888.6850072257 1.0703548358560615 9
302615.37073319446 4123888.8605017294 1.070771619136817 9
302615.4665887799 4123889.0360344467 1.0711516841746302 9
302615.5623808685 4123889.2116018245 1.0714950310686504 9
302615.6581157157 4123889.387200406 1.071808100918714 9
302615.7537946926 4123889.5628294107 1.0721369868759933 9
302615.84941370867 4123889.7384910495 1.0724907622901594 9
302615.94496838585 4123889.9141876902 1.0728694271433448 9
302616.0404543458 4123890.0899217036 1.0732729813863786 9
302616.1358672105 4123890.2656954564 1.0737014249317514 9
302616.2312026017 4123890.441511318 1.0741547576461128 9
302616.326455589 4123890.6173719433 1.0746443307937257 9
302616.4216174282 4123890.7932819584 1.0751919256033833 9
302616.5166777639 4123890.969246823 1.0757980813929413 9
302616.6116262353 4123891.145272 1.0764627988255622 9
302616.70645248133 4123891.3213629522 1.0771860784811538 9
302616.80114614125 4123891.4975251425 1.077967920787981 9
302616.8956970722 4123891.673763917 1.0787954310998213 9
302616.99011382303 4123891.85007463 1.079448868174939 9
302617.08443770465 4123892.026435125 1.079849133282108 9
302617.17871334066 4123892.202821472 1.0799962268015113 9
302617.2729853546 4123892.3792097447 1.0798901489375037 9
302617.3672983702 4123892.555576013 1.0795308994357713 9
302617.4616970111 4123892.731896349 1.0789184777873029 9
302617.5562202334 4123892.9081498636 1.0781726067947421 9
302617.6508658628 4123893.084337715 1.0775354730168607 9
302617.7456135819 4123893.260470791 1.0770140406652249 9
302617.8404429939 4123893.436560018 1.0766083095667676 9
302617.9353337022 4123893.6126163276 1.0763182793948627 9
302618.03026530973 4123893.788650647 1.0761439498322651 9
302618.12521752366 4123893.96467385 1.076078513385773 9
302618.2201814585 4123894.1406906727 1.075982579734721 9
302618.315169781 4123894.316694261 1.0758010401047395 9
302618.4101975518 4123894.4926764704 1.075533894385978 9
302618.50527983165 4123894.6686291588 1.0751811424943272 9
302618.60043168144 4123894.844544184 1.0747427844301527 9
302618.6956681618 4123895.0204134015 1.0742188203558478 9
302618.7910018455 4123895.196230005 1.073654991447942 9
302618.88643287413 4123895.371993862 1.0731119300742296 9
302618.9819575146 4123895.547706921 1.0725899272464108 9
302619.0775720326 4123895.7233711304 1.0720889826766147 9
302619.1732726939 4123895.8989884406 1.0716090960565758 9
302619.26905576437 4123896.0745607987 1.0711502670642983 9
302619.36491736805 4123896.250090234 1.0707167426147435 9
302619.4608512815 4123896.4255801085 1.0703276892406821 9
302619.55684934807 4123896.601034876 1.0699854387338708 9
302619.65290335385 4123896.7764590275 1.0696899911575681 9
302619.7490050847 4123896.95185705 1.0694413465262897 9
302619.8451463264 4123897.1272334335 1.0692395048252208 9
302619.9413188736 4123897.3025926617 1.0690835265830263 9
302620.037518074 4123897.47793727 1.0689230133346534 9
302620.1337483272 4123897.6532648294 1.0687292731281972 9
302620.230015453 4123897.8285721303 1.0685023059379442 9
302620.3263252711 4123898.0038559665 1.0682421117444818 9
302620.4226836012 4123898.179113129 1.0679486905422166 9
302620.519096263 4123898.3543404094 1.0676220423479914 9
302620.6155686697 4123898.5295348223 1.0672714739037996 9
302620.71210265177 4123898.704695333 1.0669200275201156 9
302620.8086981754 4123898.879821926 1.066568779363739 9
302620.90535519127 4123899.054914593 1.066217729358848 9
302621.00207364955 4123899.229973327 1.0658668774295108 9
302621.0988535007 4123899.4049981195 1.0655162234996867 9
302621.19569460826 4123899.579989011 1.0651707250682827 9
302621.29259015067 4123899.754949755 1.0649082853400307 9
302621.389521995 4123899.9298903886 1.064755725400357 9
302621.48647091526 4123900.1048215567 1.0647130452457818 9
302621.58341768524 4123900.2797539034 1.0647802448832178 9
302621.680343079 4123900.454698073 1.0649573243454278 9
302621.7772278703 4123900.6296647093 1.0652442836666869 9
302621.8740563853 4123900.804662491 1.0655703650881652 9
302621.9708346317 4123900.9796880945 1.0658171449485891 9
302622.06757679605 4123901.154733669 1.0659827694446398 9
302622.16429707996 4123901.3297913563 1.0660672386118069 9
302622.2610096852 4123901.504853298 1.0660705524792229 9
302622.35772881325 4123901.679911635 1.0659927110529726 9
302622.45446839137 4123901.8549586595 1.0658444606999606 9
302622.55123373127 4123902.0299914326 1.0657093545034328 9
302622.6480200187 4123902.2050126176 1.0656050689898746 9
302622.74482185976 4123902.380025198 1.0655316041649807 9
302622.84163386066 4123902.555032158 1.0654889600307573 9
302622.9384506276 4123902.730036482 1.0654771365876154 9
302623.0352667668 4123902.905041152 1.065496133835586 9
302623.1320782406 4123903.080048404 1.0655209799643452 9
302623.22888768814 4123903.255056776 1.0655191598283893 9
302623.3256997997 4123903.430063675 1.0654905361488094 9
302623.42251926614 4123903.605066506 1.0654351089258374 9
302623.5193507783 4123903.7800626736 1.0653528781604988 9
302623.616199027 4123903.9550495823 1.0652438438558072 9
302623.7130683867 4123904.130024814 1.0651194771593704 9
302623.80995493295 4123904.304990538 1.0650566842299023 9
302623.9068458316 4123904.479953853 1.0650697307488264 9
302624.0037278096 4123904.6549220993 1.0651586167209277 9
302624.100587594 4123904.8299026196 1.0653233421642803 9
302624.1974119116 4123905.0049027535 1.0655639070949117 9
302624.29418748996 4123905.1799298422 1.065880167014246 9
302624.39090472244 4123905.354989196 1.0662127510685804 9
302624.4875665647 4123905.530079163 1.0665130351552985 9
302624.5841786616 4123905.705196601 1.0667810193281286 9
302624.68074665754 4123905.880338369 1.067016703649815 9
302624.7772761974 4123906.0555013246 1.0672200881837317 9
302624.8737729257 4123906.2306823274 1.0673911729865053 9
302624.97024284746 4123906.4058780405 1.0675209788892086 9
302625.06669590174 4123906.581083002 1.0675820294026686 9
302625.16314444976 4123906.756290443 1.0675724103410202 9
302625.2596008884 4123906.931493574 1.0674921217238746 9
302625.3560776141 4123907.1066856063 1.0673411636400583 9
302625.45258702396 4123907.281859751 1.0671195362596444 9
302625.54914039467 4123907.457009832 1.0668654946557112 9
302625.64572331775 4123907.6321437405 1.066808062678842 9
302625.74229573575 4123907.8072834145 1.0669853267522644 9
302625.8388164787 4123907.982451401 1.0673972875109858 9
302625.935244377 4123908.1576702464 1.0680439461957496 9
302626.0315382608 4123908.332962499 1.0689253039722812 9
302626.12765728176 4123908.508350528 1.070022982856176 9
302626.2235856309 4123908.6838429803 1.0710455066086773 9
302626.31935004017 4123908.8594251894 1.0718920021516396 9
302626.4149813748 4123909.035080219 1.0725624699678695 9
302626.5105104997 4123909.2107911366 1.0730569112436699 9
302626.60596828 4123909.386541007 1.0733753272455961 9
302626.7013855547 4123909.5623129113 1.0735208694443341 9
302626.79677952564 4123909.738097359 1.073689762300666 9
302626.8921314441 4123909.913904447 1.0739984610885156 9
302626.98741670715 4123910.089747461 1.0744469663259888 9
302627.08261071175 4123910.2656396865 1.0750352784707806 9
302627.1776888548 4123910.4415944107 1.0757633976571823 9
302627.27262654365 4123910.6176249133 1.0766298826091836 9
302627.3674070018 4123910.7937402255 1.0775196345589675 9
302627.4620351474 4123910.969937586 1.07835993826268 9
302627.5565196323 4123911.1462122016 1.0791507942553042 9
302627.65086910815 4123911.3225592813 1.079892203270948 9
302627.74509222683 4123911.498974033 1.0805841661848314 9
302627.83919762896 4123911.6754516703 1.0812278701808775 9
302627.93318966485 4123911.8519896944 1.0818833802627317 9
302628.027061909 4123912.0285913544 1.08258431543026 9
302628.1208062706 4123912.205260785 1.0833306765967996 9
302628.21441465936 4123912.382002121 1.0841224645841303 9
302628.30787898466 4123912.558819498 1.0849596800762682 9
302628.4011912118 4123912.735717023 1.08583906061673 9
302628.49434802146 4123912.912696362 1.0867057216765839 9
302628.58735431236 4123913.0897549326 1.0875400439438059 9
302628.6802158086 4123913.266889722 1.0883420263705648 9
302628.77293823427 4123913.444097721 1.0891116681627515 9
302628.8655273132 4123913.6213759175 1.0898489687548205 9
302628.95798797684 4123913.7987217014 1.0905828389846615 9
302629.0503030642 4123913.9761436204 1.0915171567070288 9
302629.1424309385 4123914.153662585 1.0926915367748886 9
302629.2343286913 4123914.331300148 1.0941059884091298 9
302629.3259534144 4123914.5090778614 1.0957605203001655 9
302629.41726219974 4123914.687017278 1.0976551381622377 9
302629.50821687386 4123914.865137548 1.0996629449458888 9
302629.59884290455 4123915.043425529 1.1013111968873386 9
302629.68921130867 4123915.2218449665 1.1025552182059548 9
302629.7793940917 4123915.400359106 1.1033950135697739 9
302629.86946325935 4123915.57893119 1.1038305895778575 9
302629.9594908173 4123915.757524464 1.1038619506437652 9
302630.04953180294 4123915.9361107666 1.1037955453839363 9
302630.13955773646 4123916.1147042504 1.1040302859822098 9
302630.22951448534 4123916.2933320613 1.104567855563097 9
302630.31934791023 4123916.4720213497 1.1054082567839643 9
302630.4090038717 4123916.650799266 1.1065514912040149 9
302630.498428936 4123916.829692606 1.107965203119589 9
302630.5876035263 4123917.0087111657 1.1092957582198615 9
302630.6765561782 4123917.1878405875 1.110446065815685 9
302630.7653190948 4123917.367064667 1.1114161272916465 9
302630.8539244793 4123917.546367206 1.1122059453682276 9
302630.9424045345 4123917.7257320024 1.1128155231563353 9
302631.0307846739 4123917.9051461876 1.1133862949115023 9
302631.1190404788 4123918.084621353 1.1142078180958859 9
302631.2071253309 4123918.2641799874 1.115288699751044 9
302631.29499251005 4123918.4438446285 1.1166289446841067 9
302631.3825952962 4123918.623637815 1.1182285554880205 9
302631.4698873996 4123918.803581875 1.120065151646858 9
302631.55685078393 4123918.983685328 1.1218270525918705 9
302631.6435126631 4123919.1639345805 1.123414220879222 9
302631.7299043189 4123919.34431405 1.1248266613186728 9
302631.8160570334 4123919.5248081535 1.1260643807585273 9
302631.90200208826 4123919.7054013107 1.1271273867920375 9
302631.9877652588 4123919.8860806264 1.1281128095872381 9
302632.0733464459 4123920.0668458473 1.1291400791019715 9
302632.1587379574 4123920.2477004253 1.1302095072411191 9
302632.24393210036 4123920.428647816 1.1313210943052647 9
302632.32892118173 4123920.6096914723 1.1324748401913804 9
302632.4136980445 4123920.7908345927 1.1336579473168178 9
302632.4982611498 4123920.9720777045 1.134832773135504 9
302632.5826123126 4123921.1534197405 1.135996868337823 9
302632.6667533926 4123921.3348596115 1.137150233348615 9
302632.7506862497 4123921.5163962278 1.1382928686997973 9
302632.83441215806 4123921.698028761 1.1394459464787745 9
302632.91791549127 4123921.87976389 1.140763171597334 9
302633.00116156175 4123922.0616167607 1.1422751979434196 9
302633.0841146624 4123922.243602975 1.1439820348345946 9
302633.1667390856 4123922.42573813 1.1458836892831825 9
302633.2489994507 4123922.6080376813 1.1479622479542126 9
302633.3308856898 4123922.7905056924 1.149934597535618 9
302633.4124306716 4123922.973126912 1.1517029598726205 9
302633.49367142725 4123923.1558842156 1.153267339408314 9
302633.5746449879 4123923.3387604784 1.1546277439167139 9
302633.6553883071 4123923.52173861 1.1557906067265564 9
302633.73592165223 4123923.7048089867 1.1569695784470706 9
302633.8162279737 4123923.887978674 1.158268547645551 9
302633.8962851587 4123924.071257004 1.1596875170126635 9
302633.9760710943 4123924.25465331 1.1612264877103868 9
302634.05556369404 4123924.4381769104 1.1628829548661352 9
302634.1347492027 4123924.6218334334 1.1645461587639012 9
302634.21363408095 4123924.8056195416 1.1661566517551945 9
302634.2922277955 4123924.9895305675 1.1677144390933794 9
302634.37053981354 4123925.173561841 1.1692195267263559 9
302634.44857959787 4123925.3577086944 1.1706722244407386 9
302634.52635590243 4123925.541966845 1.1720817960841694 9
302634.60387593595 4123925.72633284 1.1734526010272408 9
302634.6811467043 4123925.910803338 1.1747846415656247 9
302634.75817521295 4123926.0953749963 1.176077920413851 9
302634.8349685199 4123926.2800444537 1.1773292693859911 9
302634.9115391704 4123926.464806197 1.1784756457801608 9
302634.98790995794 4123926.6496507036 1.1794924810803764 9
302635.0641047979 4123926.834568009 1.1803797745556575 9
302635.14014760585 4123927.019548147 1.1811375265464092 9
302635.21606167103 4123927.2045814097 1.1817918128070588 9
302635.29184422945 4123927.3896686416 1.1825972340213435 9
302635.36745765054 4123927.5748248138 1.1836182870061818 9
302635.44286186766 4123927.760065886 1.1848549761861813 9
302635.51801681396 4123927.945407816 1.1863073049082837 9
302635.59288610046 4123928.130865086 1.187873946681789 9
302635.66749138077 4123928.3164288723 1.1891177134921571 9
302635.7419005834 4123928.5020717713 1.1899883065690182 9
302635.8161829231 4123928.6877658623 1.190485728568607 9
302635.89040761476 4123928.8734832252 1.1906099823158338 9
302635.964630113 4123929.0592014454 1.1906271905843586 9
302636.03881498624 4123929.2449344834 1.1910235488141863 9
302636.112889944 4123929.4307110487 1.1918093907644396 9
302636.1867825904 4123929.6165598943 1.192984718224913 9
302636.2604206015 4123929.802509744 1.1945427414663095 9
302636.3337542762 4123929.988580175 1.1961874387165499 9
302636.4067885956 4123930.174768657 1.1977606470777076 9
302636.4795366391 4123930.3610693826 1.1992623738458266 9
302636.5520114865 4123930.5474765473 1.2006926269752602 9
302636.6242268796 4123930.7339841095 1.202031777857071 9
302636.6962094256 4123930.920581415 1.2031779846073656 9
302636.76799740345 4123931.107253631 1.2041166813981599 9
302636.8396295153 4123931.2939857715 1.204847867876705 9
302636.91114446346 4123931.4807628505 1.2053715447605493 9
302636.98257133114 4123931.667573577 1.205855620584242 9
302637.0538903191 4123931.854425431 1.206527268429193 9
302637.12506613845 4123932.0413318453 1.207387740855137 9
302637.196063494 4123932.228306251 1.2084370364849348 9
302637.2668469809 4123932.4153621066 1.2096789679525157 9
302637.33737778827 4123932.602513693 1.2111429572136887 9
302637.40761312225 4123932.789776246 1.2128351954752323 9
302637.4775099627 4123932.9771650583 1.2147556936641726 9
302637.5470252897 4123933.1646954217 1.2169043413492335 9
302637.61612796434 4123933.352378222 1.2190961941041862 9
302637.6848308312 4123933.5402080384 1.2211641493450835 9
302637.75315690984 4123933.728175675 1.2231082125268633 9
302637.8211292204 4123933.9162719375 1.2249283922974183 9
302637.8887679789 4123934.1044886257 1.2266905286052379 9
302637.95606209966 4123934.2928286437 1.2286004467583216 9
302638.02298090013 4123934.4813018497 1.2306730262409369 9
302638.0894933967 4123934.6699182065 1.2329082807964922 9
302638.1555696108 4123934.858687334 1.235265632891361 9
302638.2212203866 4123935.047604855 1.2373562475175328 9
302638.28651063674 4123935.236647852 1.2390830025019839 9
302638.35150899313 4123935.4257921344 1.2404459023943186 9
302638.41628403205 4123935.6150135286 1.2414520294058171 9
302638.48086413776 4123935.8043015325 1.2426491218415756 9
302638.54516681057 4123935.993683358 1.2443806913332152 9
302638.60909059073 4123936.1831926666 1.246646751025186 9
302638.67253401893 4123936.3728631195 1.249447298089082 9
302638.73541063315 4123936.5627230317 1.2525336092708936 9
302638.79770160996 4123936.7527766204 1.2556151776145392 9
302638.85940718453 4123936.943021311 1.2586916235411423 9
302638.92052759347 4123937.1334545272 1.2617629984979517 9
302638.981069639 4123937.324071807 1.2647186166213378 9
302639.04107303027 4123937.5148592293 1.2674111563847592 9
302639.10058776377 4123937.705799917 1.2698398968331341 9
302639.15966383927 4123937.896876992 1.2720048548776977 9
302639.2183455799 4123938.0880753966 1.274008419092606 9
302639.27664400043 4123938.279390747 1.2760144367978312 9
302639.33455800515 4123938.470822545 1.278025064291424 9
302639.3920864815 4123938.662370294 1.2800403093368828 9
302639.44923339173 4123938.854032038 1.2819665527361976 9
302639.50603511604 4123939.045796484 1.2836389307394591 9
302639.5625407879 4123939.2376486673 1.2850543451391403 9
302639.61879957124 4123939.4295736137 1.2862128010898688 9
302639.6748516232 4123939.6215589996 1.2872812531368083 9
302639.73067911534 4123939.8136095726 1.2885562388614533 9
302639.786241244 4123940.005736844 1.2900435028626334 9
302639.8414971477 4123940.1979523404 1.2917430450970817 9
302639.896412152 4123940.39026573 1.2935516188031817 9
302639.95098135195 4123940.5826777234 1.2953384929614966 9
302640.0052087862 4123940.7751863413 1.2971032347444058 9
302640.05909850117 4123940.967789603 1.2988447237366412 9
302640.11266821146 4123941.1604818823 1.3003699368721449 9
302640.1659784375 4123941.3532461384 1.3015375410368413 9
302640.21909805655 4123941.546063102 1.3023475367944424 9
302640.2720957076 4123941.7389135687 1.3028137871418495 9
302640.32501571334 4123941.931785176 1.3032052645411936 9
302640.3778574225 4123942.124678206 1.3036255301837216 9
302640.43061531766 4123942.317594309 1.304074583054701 9
302640.48328243324 4123942.510535517 1.3046000981469899 9
302640.53581350076 4123942.7035139473 1.3055239723201806 9
302640.5881219467 4123942.896552596 1.3069063132499208 9
302640.64011914824 4123943.0896749943 1.3087471265656436 9
302640.69172283733 4123943.2829029453 1.3109005049576603 9
302640.7429218722 4123943.4762388533 1.3129091805762167 9
302640.7937497254 4123943.669672958 1.3147400089643466 9
302640.8442405578 4123943.8631953103 1.3163930039198324 9
302640.8944249308 4123944.05679703 1.3179273532441136 9
302640.94431673276 4123944.250474181 1.3194145354339293 9
302640.99392502836 4123944.4442242566 1.3208547034188305 9
302641.043258543 4123944.638044834 1.3222660244465987 9
302641.0922969951 4123944.8319405066 1.3239578293664847 9
302641.14096928324 4123945.0259281625 1.326041423963745 9
302641.1891991694 4123945.220025933 1.3285168214685488 9
302641.2369148196 4123945.414250829 1.3312762531406368 9
302641.2841025064 4123945.6086050654 1.333925102740036 9
302641.33078955597 4123945.8030804093 1.3364270122917175 9
302641.37700415886 4123945.9976684065 1.3387819117525583 9
302641.42278189195 4123946.1923591555 1.3408807110016465 9
302641.46818523936 4123946.387137485 1.3426268379129 9
302641.513282811 4123946.5819870257 1.344020291334786 9
302641.55814149603 4123946.7768918043 1.345117251208501 9
302641.60278277035 4123946.971846378 1.3462964187051354 9
302641.647179183 4123947.166856646 1.3476284037880832 9
302641.6913008597 4123947.3619290683 1.3491132087510278 9
302641.7351311757 4123947.5570671395 1.3505367338919072 9
302641.77871485864 4123947.7522606133 1.3516404592438824 9
302641.822114381 4123947.947495272 1.352423825499109 9
302641.86539031024 4123948.1427573254 1.3529433193599987 9
302641.908563075 4123948.3380420688 1.3535130267852764 9
302641.951614931 4123948.5333534335 1.3541813656418318 9
302641.994526619 4123948.728695693 1.3549485627595355 9
302642.0372771398 4123948.92407341 1.3558378635739228 9
302642.0798404465 4123949.119491987 1.3568647732403045 9
302642.12218958134 4123949.314956976 1.3580292944715047 9
302642.16430551984 4123949.510472241 1.3591683866407358 9
302642.20623915835 4123949.706026747 1.3598783869368771 9
302642.2480777682 4123949.9016017094 1.3601404429575985 9
302642.28990746546 4123950.097178593 1.3600114386570892 9
302642.3317558398 4123950.292751426 1.3600285930425402 9
302642.3735735722 4123950.4883307484 1.3603246537060822 9
302642.41530612664 4123950.6839282187 1.3608976353764963 9
302642.4569167733 4123950.8795516854 1.3615040124928368 9
302642.4984220091 4123951.075197602 1.3619753852485474 9
302642.53984823386 4123951.2708603037 1.362311753964361 9
302642.5812155325 4123951.466535462 1.3626342014614656 9
302642.62249726884 4123951.6622286495 1.3631927513453637 9
302642.663645846 4123951.8579498813 1.3639950034713468 9
302642.70461381617 4123952.0537091256 1.3650336736824824 9
302642.74535874126 4123952.2495150017 1.3662697053684125 9
302642.78584283375 4123952.4453748786 1.3676973104529835 9
302642.8260288536 4123952.641296 1.3692967930586124 9
302642.86591111874 4123952.8372792015 1.3707347825788472 9
302642.90553909505 4123953.0333141144 1.3718917277517115 9
302642.9449677985 4123953.2293892438 1.3727685933096212 9
302642.9842416437 4123953.4254953205 1.3735122670671989 9
302643.02337232954 4123953.621629942 1.3742283674606808 9
302643.0623652637 4123953.8177920277 1.3749168937732 9
302643.10121910635 4123954.013981795 1.3756910524985386 9
302643.139897169 4123954.210206274 1.3767096688654468 9
302643.17835122667 4123954.4064747193 1.3779738389359277 9
302643.2165348077 4123954.602796009 1.3794488248521741 9
302643.2544154638 4123954.7991760415 1.381057073587606 9
302643.2919674543 4123954.9956192877 1.3827957172962633 9
302643.3291643936 4123955.192130299 1.3846806346683584 9
302643.3659715034 4123955.388714713 1.3867659597104602 9
302643.40234838886 4123955.585378894 1.3890561975457152 9
302643.4382598303 4123955.782128286 1.39141595296086 9
302643.47375155037 4123955.978953968 1.3932759837108812 9
302643.508932602 4123956.175835783 1.3945729393448267 9
302643.54390850273 4123956.3727542167 1.3954522616407723 9
302643.5786877032 4123956.56970722 1.396639443348542 9
302643.61319291336 4123956.7667081733 1.398233805477864 9
302643.6473453275 4123956.9637707104 1.4001949206732358 9
302643.6810934495 4123957.1609031297 1.4023165707621756 9
302643.71441028226 4123957.3581089457 1.404569817373246 9
302643.74727137963 4123957.555391222 1.4069101982313148 9
302643.7796800949 4123957.752748342 1.409137768780226 9
302643.8116626085 4123957.950174853 1.4112283303639472 9
302643.84324975347 4123958.1476646177 1.4130859182466526 9
302643.87452579115 4123958.3452038537 1.414353113799564 9
302643.9056132101 4123958.54277331 1.4149961563834275 9
302643.9366139891 4123958.7403568826 1.4154650885897 9
302643.967424202 4123958.9379699607 1.4169801277043346 9
302643.997824697 4123959.1356455637 1.419609693745408 9
302644.0276376059 4123959.3334104307 1.4225850536697147 9
302644.0569622649 4123959.53124916 1.4245227472394244 9
302644.0860090403 4123959.7291294644 1.425394810466646 9
302644.11494246876 4123959.9270260045 1.4259144194349351 9
302644.1437318965 4123960.1249430208 1.4268495514118202 9
302644.1722951751 4123960.3228925606 1.428188612152487 9
302644.20059585845 4123960.5208799955 1.4293648959457577 9
302644.22871064674 4123960.7188941757 1.4300667022140605 9
302644.2567326366 4123960.9169215555 1.4303267505114365 9
302644.2847183178 4123961.114953934 1.430486066814424 9
302644.31267343945 4123961.312990517 1.4306352218279588 9
302644.3406006195 4123961.5110309734 1.4307584284994435 9
302644.3685123814 4123961.7090736413 1.4307848435113275 9
302644.3964293712 4123961.9071157696 1.4307059078042583 9
302644.42435300513 4123962.105157239 1.4308883150428464 9
302644.4521425691 4123962.3032173757 1.4320785207497493 9
302644.4795943396 4123962.50132413 1.434295109956912 9
302644.5066096282 4123962.699491015 1.4360264530484044 9
302644.5334540615 4123962.897681465 1.4360198372395943 9
302644.56046875654 4123963.0958485384 1.434422937560601 9
302644.58779794537 4123963.2939724145 1.4331792606286653 9
302644.61527887796 4123963.492075562 1.4328914090178166 9
302644.642725424 4123963.6901836465 1.433482129074482 9
302644.66999369895 4123963.888316205 1.4346716162268365 9
302644.6969694221 4123964.08648848 1.436434483354074 9
302644.72358646226 4123964.2847092357 1.4380367344919185 9
302644.7499804513 4123964.4829601026 1.4386849330888323 9
302644.77633859386 4123964.6812157794 1.4384655384763438 9
302644.80273629905 4123964.879466036 1.4384695768330285 9
302644.82907846075 4123965.0777236326 1.4390258028354128 9
302644.8552598986 4123965.2760026455 1.4400468446715484 9
302644.88121370604 4123965.474311615 1.4413129537866296 9
302644.90689329023 4123965.672656147 1.442799745925423 9
302644.9323062115 4123965.871034989 1.4438385369315767 9
302644.957594152 4123966.0694299117 1.4440598556037554 9
302644.98290577036 4123966.2678218205 1.4437966493686105 9
302645.008197978 4123966.466216139 1.4443536451164514 9
302645.03328519355 4123966.664636514 1.4458615394106467 9
302645.0580070936 4123966.8631030424 1.4479181589821837 9
302645.08229720424 4123967.061622775 1.4502120908753697 9
302645.10611604305 4123967.260199207 1.4525282022894528 9
302645.1295691943 4123967.458819263 1.4537920847171053 9
302645.1528904712 4123967.6574552236 1.4538574195413898 9
302645.17622347816 4123967.8560898956 1.454113347910184 9
302645.19936240476 4123968.054746815 1.4558109288414434 9
302645.2220296856 4123968.253457867 1.4586913188585215 9
302645.24413562886 4123968.452232689 1.4613083558781994 9
302645.2657697775 4123968.651059693 1.4634382424640546 9
302645.2870148788 4123968.849928287 1.4652844770254834 9
302645.30790323124 4123969.0488345395 1.4670255501674605 9
302645.3284517564 4123969.2477764017 1.468764847305951 9
302645.34861264954 4123969.446757918 1.4709614779698084 9
302645.36828550196 4123969.6457880847 1.4736624308854405 9
302645.38740349107 4123969.844872445 1.4764260215032985 9
302645.40599044156 4123970.04400726 1.4789967296912796 9
302645.4240844522 4123970.243187387 1.4813778366644617 9
302645.44172224554 4123970.4424083293 1.4835774363309975 9
302645.4589397632 4123970.6416659406 1.4855987647047562 9
302645.4757692496 4123970.840956644 1.4874779466026398 9
302645.49223729485 4123971.040277738 1.4892259269237758 9
302645.5083472184 4123971.239628277 1.4911887845430354 9
302645.52400854835 4123971.4390142434 1.4937258613879225 9
302645.53911835427 4123971.638442525 1.4965755419425042 9
302645.55370741023 4123971.8379099257 1.4988987387148003 9
302645.5678903044 4123972.037406924 1.5006975103460958 9
302645.5817049367 4123972.236929534 1.5027088708063079 9
302645.5950763463 4123972.4364819215 1.5051370022053756 9
302645.6079698581 4123972.6360657504 1.5072991229986288 9
302645.62051079515 4123972.8356724577 1.508670161972631 9
302645.63283471705 4123973.03529279 1.5096969838948922 9
302645.64488308143 4123973.234929586 1.5114720376116217 9
302645.6565029216 4123973.4345915755 1.5138811366833862 9
302645.66766355344 4123973.6342800665 1.515967654451449 9
302645.6784545989 4123973.83398906 1.5176071392674726 9
302645.6889239897 4123974.0337149953 1.5192758421869859 9
302645.69904088846 4123974.233458937 1.5211349357387778 9
302645.70879142685 4123974.4332211525 1.5228476666751276 9
302645.7182393832 4123974.6329979827 1.5241642836746248 9
302645.7274639567 4123974.832785108 1.5250832370728913 9
302645.73654488876 4123975.032578859 1.5256022033198342 9
302645.74554146745 4123975.232376647 1.5261469073780471 9
302645.75431939214 4123975.432183964 1.527839562480752 9
302645.76265161653 4123975.6320101484 1.5304060497803822 9
302645.77051297214 4123975.831855757 1.5324373785687346 9
302645.7780339055 4123976.03171458 1.5338848230123632 9
302645.7852676826 4123976.2315837727 1.5353789677781293 9
302645.79218812264 4123976.4314639554 1.537017162013236 9
302645.79877011495 4123976.6313556517 1.538759272005168 9
302645.8049940699 4123976.83125907 1.5406188080147347 9
302645.81080141006 4123977.031175064 1.5430046538129407 9
302645.81606512424 4123977.231105645 1.5460158687766685 9
302645.8207673626 4123977.431050307 1.5483363373225845 9
302645.825133657 4123977.631003022 1.5493941676682643 9
302645.82931503264 4123977.830959503 1.550530734558525 9
302645.8331797966 4123978.0309220077 1.5525538183125525 9
302645.83661481214 4123978.230892508 1.554589447057536 9
302645.8397012755 4123978.430868889 1.556040174291806 9
302645.8425486491 4123978.63084865 1.557011941192243 9
302645.84524118714 4123978.8308305186 1.557589585210258 9
302645.8478280719 4123979.030813823 1.558196773949535 9
302645.85025558586 4123979.2307990803 1.5591802228117917 9
302645.85249568353 4123979.4307865277 1.5598820778242732 9
302645.85467274353 4123979.630774694 1.5598132718325592 9
302645.8569058373 4123979.8307622056 1.5594601735575637 9
302645.85920219595 4123980.0307490584 1.5591853921846006 9
302645.86149979895 4123980.2307359516 1.559622474244277 9
302645.8635951938 4123980.4307248867 1.5611858100722864 9
302645.8653671275 4123980.6307170126 1.5625183709470143 9
302645.86697362986 4123980.8307106653 1.5628588631615834 9
302645.86855043704 4123981.0307044457 1.5629988972974944 9
302645.87007886573 4123981.2306986097 1.5633563175675684 9
302645.87149389 4123981.4306936404 1.5641763110251297 9
302645.8726952334 4123981.630689998 1.5653782404456584 9
302645.8737328027 4123981.8306873194 1.5656308059190127 9
302645.8748381923 4123982.030684267 1.5648541402390277 9
302645.8760555851 4123982.230680574 1.5647328327238592 9
302645.87719879736 4123982.430677282 1.5655182795222065 9
302645.87818709563 4123982.630674839 1.5661094134905 9
302645.87910628284 4123982.830672762 1.566213687853336 9
302645.88003360736 4123983.030670622 1.5660932964737369 9
302645.88099244464 4123983.2306683143 1.5658985561110417 9
302645.8819937037 4123983.4306658013 1.5657059203448584 9
302645.883016766 4123983.630663187 1.565685880978656 9
302645.8840260341 4123983.8306606426 1.565838282565681 9
302645.88500378875 4123984.0306582525 1.5659538394922345 9
302645.8859721998 4123984.230655908 1.565931719547423 9
302645.8869584563 4123984.4306534757 1.565784809623715 9
302645.8879765122 4123984.6306508854 1.565630777603975 9
302645.88902325236 4123984.830648149 1.5654979629050696 9
302645.8900943392 4123985.0306452825 1.5653895742194555 9
302645.89118251426 4123985.230642322 1.56533033075028 9
302645.89227710455 4123985.4306393266 1.5653254214104335 9
302645.8933674224 4123985.6306363535 1.5653680865179393 9
302645.8944498477 4123985.830633424 1.5653950575391034 9
302645.895530001 4123986.030630507 1.5653908064706956 9
302645.8966139739 4123986.230627571 1.565362149706001 9
302645.89769888937 4123986.4306246312 1.5653961551244537 9
302645.89876808826 4123986.630621773 1.5655193184425167 9
302645.899803845 4123986.8306190907 1.5657253183885962 9
302645.9008010859 4123987.030616608 1.5658763751994864 9
302645.90177922184 4123987.230614219 1.5659163693228102 9
302645.90276045416 4123987.4306118027 1.565846075836842 9
302645.90376499965 4123987.630609259 1.5656882485875172 9
302645.904808809 4123987.8306065327 1.5654534314953366 9
302645.90590697975 4123988.0306035755 1.5651602797769038 9
302645.9070350668 4123988.2306004977 1.565245018062894 9
302645.90809006547 4123988.430597724 1.5658911695367659 9
302645.90896048374 4123988.630595711 1.5670565837867576 9
302645.90960645926 4123988.8305946155 1.5679919993393046 9
302645.91011593386 4123989.0305940537 1.5684216034387757 9
302645.9105887869 4123989.2305935905 1.568395515440223 9
302645.9110698952 4123989.430593025 1.568415242833544 9
302645.9115295425 4123989.630592469 1.5686101254549971 9
302645.91193304176 4123989.8305920553 1.5689698147383317 9
302645.9122536751 4123990.030591823 1.5694318081712857 9
302645.9124727279 4123990.2305917186 1.5699856200697042 9
302645.9125746768 4123990.4305916866 1.5705657366295138 9
302645.91257905617 4123990.6305916887 1.570946788840784 9
302645.91252902575 4123990.8305917005 1.571109834025815 9
302645.9124612421 4123991.0305916993 1.5711768485205608 9
302645.91236908874 4123991.2305916767 1.5713567464372744 9
302645.9122293112 4123991.430591628 1.5716530896827396 9
302645.9120189699 4123991.6305915373 1.5720604150871216 9
302645.9117167049 4123991.8305913284 1.5725723169067598 9
302645.9113016037 4123992.0305909077 1.5731884733591774 9
302645.9107760303 4123992.2305902406 1.5735712342283217 9
302645.9102271163 4123992.4305895045 1.5734218792528896 9
302645.9097612688 4123992.630588923 1.5727434854401083 9
302645.9094429393 4123992.830588638 1.5721113846135157 9
302645.9092036783 4123993.0305885174 1.5719527965985916 9
302645.9089487878 4123993.2305883807 1.572266672150849 9
302645.90861000464 4123993.430588094 1.5726803514287235 9
302645.90820856375 4123993.6305876942 1.5728932499317996 9
302645.9077846134 4123993.830587252 1.5729064667058754 9
302645.9073698391 4123994.0305868257 1.5728316608858866 9
302645.90697138896 4123994.230586428 1.572743224131446 9
302645.9065919881 4123994.430586066 1.5726413684884777 9
302645.906231931 4123994.630585741 1.5725590863192762 9
302645.90588399343 4123994.8305854388 1.5725201729278098 9
302645.90553950163 4123995.0305851437 1.5725246283127376 9
302645.9051914487 4123995.230584841 1.5725458084945674 9
302645.90484085237 4123995.430584533 1.5725499513541463 9
302645.9044911427 4123995.6305842274 1.5725369418481077 9
302645.90414556226 4123995.8305839286 1.572510226984567 9
302645.903806041 4123996.030583641 1.5724765013644386 9
302645.90347394865 4123996.2305833655 1.5724359365488807 9
302645.9031505324 4123996.4305831036 1.57239142076616 9
302645.9028354155 4123996.630582856 1.572353706368217 9
302645.9025270598 4123996.830582618 1.5723238084495808 9
302645.902223905 4123997.0305823884 1.572301619916301 9
302645.9019244923 4123997.230582164 1.572286269273402 9
302645.9016274852 4123997.4305819436 1.572277564992919 9
302645.9013315565 4123997.630581725 1.572275355823785 9
302645.90103571827 4123997.830581506 1.5722758604679243 9
302645.90073967155 4123998.0305812866 1.5722774402595727 9
302645.9004432015 4123998.230581067 1.5722800951987292 9
302645.9001467892 4123998.4305808474 1.5722725869577778 9
302645.89985435986 4123998.630580634 1.5722402045951565 9
302645.8995709009 4123998.8305804324 1.5721828835183629 9
302645.8993013275 4123999.0305802524 1.5721024686618967 9
302645.89904942317 4123999.230580095 1.5720068426088252 9
302645.8988180756 4123999.430579962 1.5718969010447166 9
302645.89861007687 4123999.6305798534 1.5717758879299595 9
302645.89842380496 4123999.8305797665 1.571687117039402 9
302645.898250708 4124000.0305796918 1.571644138462524 9
302645.8980816277 4124000.2305796216 1.5716469201300256 9
302645.8979082372 4124000.4305795473 1.571683725279459 9
302645.89772503317 4124000.630579464 1.5717450566977529 9
302645.89752711024 4124000.8305793656 1.571830914385344 9
302645.8973116324 4124001.030579249 1.571904896770238 9
302645.89708871185 4124001.230579125 1.5719043622714735 9
302645.8968734585 4124001.4305790095 1.5718282245564958 9
302645.89668038324 4124001.6305789165 1.5716904429465908 9
302645.8965166067 4124001.8305788506 1.5715382121954011 9
302645.8963843349 4124002.0305788093 1.5713753950952865 9
302645.8962855848 4124002.2305787895 1.5712050292293032 9
302645.8962200146 4124002.4305787855 1.5710456900575465 9
302645.896184894 4124002.630578783 1.570900532543258 9
302645.8961771952 4124002.830578773 1.5707776178172435 9
302645.89618410653 4124003.030578756 1.5707694145210844 9
302645.8961785636 4124003.2305787546 1.5709021588303622 9
302645.8961327672 4124003.4305787925 1.5711540660841345 9
302645.896058461 4124003.6305788574 1.5711044702432608 9
302645.8960403814 4124003.830578867 1.5705917997215884 9
302645.89617083856 4124004.0305787316 1.5696373396255796 9
302645.89648824057 4124004.2305784184 1.5688578326637874 9
302645.89691561944 4124004.430578011 1.5685375711415859 9
302645.8973613816 4124004.6305776066 1.5686582683875228 9
302645.8977820339 4124004.830577221 1.5686656112179982 9
302645.89823856717 4124005.0305766882 1.5682994551576879 9
302645.8988052171 4124005.230575822 1.567585768918938 9
302645.8995089225 4124005.43057456 1.56702812705167 9
302645.9002891693 4124005.6305730734 1.5668203505678777 9
302645.901076646 4124005.830571555 1.5669349722781862 9
302645.90183481673 4124006.030570114 1.5670640185879223 9
302645.90257434046 4124006.2305687396 1.567121442994756 9
302645.90331033 4124006.4305674057 1.5670824549842566 9
302645.9040781512 4124006.6305659604 1.5667837062206613 9
302645.90493467875 4124006.830564122 1.5661953831748407 9
302645.9059292367 4124007.030561641 1.5655203362187327 9
302645.90699896624 4124007.2305588042 1.5654942885843386 9
302645.90800231614 4124007.430556278 1.5661841401823349 9
302645.9088126459 4124007.630554638 1.567292201448942 9
302645.90941326227 4124007.830553806 1.5682707029532 9
302645.909832327 4124008.030553439 1.5691073991662055 9
302645.9101064394 4124008.2305532526 1.5696853210003265 9
302645.91030025267 4124008.430553155 1.5699103903701837 9
302645.9104835682 4124008.630553098 1.5698193651904497 9
302645.9106728476 4124008.8305530483 1.569946055294224 9
302645.9107974528 4124009.030553001 1.5704661064036123 9
302645.9107821986 4124009.2305529523 1.5712816679076553 9
302645.910620452 4124009.4305528863 1.5718798563565974 9
302645.9103682249 4124009.630552777 1.572186472958574 9
302645.9100821231 4124009.830552604 1.5722405416349725 9
302645.90979815804 4124010.030552396 1.5721733257094843 9
302645.9095386988 4124010.230552219 1.5719954844442203 9
302645.9093191947 4124010.4305521236 1.571845609634256 9
302645.90909133904 4124010.6305520223 1.5720956629804916 9
302645.90877143544 4124010.830551752 1.5727660901132496 9
302645.90828995197 4124011.030551174 1.5735548903246954 9
302645.9077163384 4124011.230550408 1.573651021503339 9
302645.9071972289 4124011.4305497166 1.5730098491812654 9
302645.90686783916 4124011.6305493433 1.5719078312589965 9
302645.9067198489 4124011.8305492797 1.5712506183906232 9
302645.9066517654 4124012.0305493553 1.5711087621164328 9
302645.90656343027 4124012.230549401 1.5713953677346104 9
302645.90642080654 4124012.430549359 1.571594837777608 9
302645.9062555003 4124012.6305492744 1.571622193259742 9
302645.9061018929 4124012.8305492005 1.5714804708984416 9
302645.90598607255 4124013.03054917 1.5712659018808834 9
302645.90591585624 4124013.2305491664 1.5710244320361868 9
302645.9058966239 4124013.4305491727 1.570756061314557 9
302645.9059314305 4124013.6305491687 1.5705036403149244 9
302645.9060068966 4124013.8305491544 1.5703514268075343 9
302645.90610256075 4124014.030549135 1.5703016585646916 9
302645.9061983172 4124014.230549115 1.5703405319457235 9
302645.9062876182 4124014.4305490963 1.5703496185110821 9
302645.9063807973 4124014.6305490737 1.5703017521717713 9
302645.90648924495 4124014.8305490436 1.5701969329283518 9
302645.9066229848 4124015.0305490005 1.5700560514283428 9
302645.90678626037 4124015.230548937 1.5699015834025585 9
302645.90698178735 4124015.430548844 1.56973353628956 9
302645.9072121586 4124015.6305487123 1.569555570734926 9
302645.9074771936 4124015.8305485384 1.569389263940674 9
302645.9077739708 4124016.03054832 1.5692381484157825 9
302645.908099452 4124016.2305480596 1.5691022241561163 9
302645.9084512614 4124016.430547754 1.5689711473068917 9
302645.90883000434 4124016.6305473973 1.568832873605567 9
302645.9092371232 4124016.8305469844 1.5686873859286372 9
302645.90967403626 4124017.030546508 1.5685359387501474 9
302645.9101401699 4124017.230545965 1.5683989890325534 9
302645.9106315247 4124017.4305453636 1.5682837264320166 9
302645.9111437632 4124017.6305447095 1.5681901509451899 9
302645.9116724544 4124017.8305440107 1.5681211182937334 9
302645.9122109276 4124018.0305432836 1.5680943507600529 9
302645.91275022225 4124018.230542555 1.5681129022640108 9
302645.91328127484 4124018.4305418516 1.5681767728034441 9
302645.9137960112 4124018.630541198 1.5682604637410087 9
302645.9143022611 4124018.8305405695 1.5682521669105762 9
302645.91482068173 4124019.0305399033 1.5681387550279426 9
302645.9153722961 4124019.230539136 1.5679202280671336 9
302645.9159775276 4124019.4305382045 1.5676171424090075 9
302645.9166379303 4124019.630537105 1.5673897502452236 9
302645.9173328441 4124019.830535901 1.5672720310621242 9
302645.91804033436 4124020.0305346604 1.5672639848342018 9
302645.9187384666 4124020.2305334513 1.5673656090679038 9
302645.9194102785 4124020.430532326 1.5675027592705773 9
302645.9200583524 4124020.6305312756 1.567602991486282 9
302645.92069007165 4124020.830530278 1.5676663057107079 9
302645.92131282 4124021.030529309 1.5676927019432336 9
302645.92193396523 4124021.2305283463 1.5676830114958193 9
302645.92255945835 4124021.4305273704 1.5676520718311449 9
302645.9231927169 4124021.630526369 1.5676053565540797 9
302645.923836896 4124021.830525332 1.5675428656639177 9
302645.92449515074 4124022.0305242483 1.5674645991600673 9
302645.9251705464 4124022.230523107 1.5673744822464728 9
302645.9258611251 4124022.4305219133 1.5673208443875162 9
302645.92655734695 4124022.6305207023 1.5673180521148375 9
302645.92724904255 4124022.8305195062 1.5673661054280137 9
302645.92792604305 4124023.030518361 1.567465004326682 9
302645.9285781868 4124023.2305173017 1.5676141042673057 9
302645.9291976476 4124023.430516351 1.5677850356028484 9
302645.9297822596 4124023.6305155074 1.5679625947762352 9
302645.9303306971 4124023.8305147667 1.5681467818017627 9
302645.9308416346 4124024.0305141206 1.5683375966930102 9
302645.9313137464 4124024.2305135652 1.568535039462599 9
302645.9317468405 4124024.4305130937 1.5687196278842932 9
302645.9321473895 4124024.630512689 1.568860114125411 9
302645.9325242928 4124024.8305123337 1.5689560847552317 9
302645.9328864536 4124025.0305120107 1.5690075397762864 9
302645.9332427749 4124025.2305117 1.5690144791919651 9
302645.9336019427 4124025.4305113847 1.5689846449255975 9
302645.9339651549 4124025.6305110613 1.5689830299459888 9
302645.93432440306 4124025.830510741 1.5690242849366838 9
302645.93467111327 4124026.0305104405 1.5691084099000334 9
302645.9349967115 4124026.2305101734 1.5692354048371875 9
302645.93529262376 4124026.430509953 1.5694052660360702 9
302645.93555193854 4124026.63050979 1.5695933740936816 9
302645.93577415077 4124026.8305096766 1.5697762924083192 9
302645.9359602983 4124027.030509602 1.5699540209959162 9
302645.93611141905 4124027.2305095536 1.5701265598728322 9
302645.93622855097 4124027.430509522 1.5702939090557104 9
302645.9363133219 4124027.6305094957 1.5704435792173423 9
302645.936373274 4124027.8305094736 1.570540390095918 9
302645.93641936174 4124028.030509458 1.5705822236547096 9
302645.9364625804 4124028.230509453 1.5705690798950447 9
302645.9365139256 4124028.4305094616 1.5705009588287089 9
302645.93658382155 4124028.6305094874 1.5703966046193858 9
302645.936666477 4124028.8305095243 1.5703902296401713 9
302645.93673796626 4124029.030509555 1.5705082665766834 9
302645.936773407 4124029.2305095624 1.570750715507985 9
302645.9367479166 4124029.43050953 1.5711175765457142 9
302645.93663670286 4124029.6305094403 1.5716028983523274 9
302645.9364288816 4124029.830509284 1.5720500383990723 9
302645.9361423904 4124030.0305090705 1.5723895972853896 9
302645.93579874566 4124030.230508807 1.5726215750967774 9
302645.93541946344 4124030.4305085056 1.5727459719513908 9
302645.93502605957 4124030.630508174 1.572762910792769 9
302645.9346359904 4124030.830507824 1.572730136663421 9
302645.93425265583 4124031.030507463 1.5726955659453332 9
302645.93387641496 4124031.2305071005 1.5726591986423 9
302645.9335076273 4124031.4305067454 1.5726210347585836 9
302645.933146652 4124031.630506406 1.572581074298917 9
302645.9327924886 4124031.8305060877 1.57255973052845 9
302645.932438685 4124032.030505776 1.5725774755767241 9
302645.9320774235 4124032.2305054534 1.572634309452797 9
302645.9317008864 4124032.430505101 1.5727302321588743 9
302645.93130125594 4124032.630504703 1.5728652436983093 9
302645.93087252165 4124032.830504244 1.5730117928661291 9
302645.9304162582 4124033.030503725 1.5731405293865321 9
302645.9299360295 4124033.2305031517 1.5732514459778564 9
302645.9294353995 4124033.4305025297 1.5733445426429717 9
302645.9289179322 4124033.6305018635 1.5734198193851974 9
302645.9283868125 4124033.830501159 1.573483538991176 9
302645.9278432241 4124034.030500419 1.57354456855787 9
302645.9272876923 4124034.2304996457 1.5736029724646694 9
302645.9267207423 4124034.4304988426 1.5736587507102768 9
302645.9261428993 4124034.6304980116 1.5737119032935796 9
302645.9255543735 4124034.8304971536 1.5737694849385853 9
302645.92495175294 4124035.030496256 1.5738541892330644 9
302645.92432930775 4124035.2304952946 1.5739677332597952 9
302645.92368126987 4124035.4304942475 1.5741101170259275 9
302645.92300187144 4124035.6304930905 1.574281340536956 9
302645.92228547635 4124035.8304918027 1.574475622168243 9
302645.9215338833 4124036.030490388 1.5746213182662614 9
302645.9207601482 4124036.2304888936 1.5746970440266082 9
302645.91997826507 4124036.4304873697 1.574702799455595 9
302645.91920222767 4124036.6304858667 1.5746385845539472 9
302645.91844603035 4124036.830484436 1.5745043993159582 9
302645.9177213367 4124037.0304831183 1.5743414819785821 9
302645.9170249954 4124037.2304819035 1.5742220726361067 9
302645.91634805157 4124037.4304807587 1.574147505278124 9
302645.915681537 4124037.6304796515 1.5741177799014616 9
302645.9150164833 4124037.8304785513 1.5741328965039327 9
302645.91434395674 4124038.0304774237 1.5741909414740958 9
302645.9136584527 4124038.23047625 1.5742555501856463 9
302645.91296075616 4124038.430475034 1.5743128678281293 9
302645.9122523252 4124038.630473779 1.5743628944009926 9
302645.91153461824 4124038.830472491 1.574405629903952 9
302645.9108090932 4124039.030471176 1.5744410743369102 9
302645.91007725336 4124039.230469838 1.57446770571407 9
302645.9093419788 4124039.430468488 1.5744739006071928 9
302645.908607751 4124039.630467142 1.5744572371713823 9
302645.90787914174 4124039.8304658155 1.5744177154063381 9
302645.90716072265 4124040.030464525 1.5743553353116284 9
302645.9064570652 4124040.230463286 1.5742700968873087 9
302645.9057725975 4124040.4304621154 1.5741674091221336 9
302645.905106115 4124040.6304610083 1.5740976141081628 9
302645.90444907185 4124040.8304599333 1.5740730146805453 9
302645.90379242913 4124041.030458859 1.574093610838196 9
302645.90312714764 4124041.230457754 1.5741594025831378 9
302645.90244418837 4124041.430456584 1.5742703899192385 9
302645.9017345481 4124041.630455318 1.5744244425643836 9
302645.9009934441 4124041.8304539383 1.5745757098483284 9
302645.900224222 4124042.0304524563 1.5747056266052062 9
302645.89943115157 4124042.230450887 1.5748141928360986 9
302645.8986185031 4124042.430449243 1.5749014085442323 9
302645.89779054676 4124042.63044754 1.5749672737334939 9
302645.8969515524 4124042.830445791 1.5750118195864558 9
302645.8961046858 4124043.0304440074 1.5750507860950278 9
302645.8952492692 4124043.2304421845 1.5750973210183943 9
302645.8943837888 4124043.4304403146 1.5751514243572633 9
302645.8935067311 4124043.630438391 1.575213096112286 9
302645.8926165823 4124043.8304364067 1.575282336283964 9
302645.8917118288 4124044.0304343533 1.5753591448725424 9
302645.8907915719 4124044.2304322277 1.5754321132921716 9
302645.88985933526 4124044.4304300467 1.5754783833306631 9
302645.88892057864 4124044.630427838 1.5754973148692797 9
302645.88798076956 4124044.8304256285 1.5754889079089147 9
302645.8870453756 4124045.030423445 1.5754531624517674 9
302645.8861198645 4124045.2304213154 1.575390078501531 9
302645.88520903484 4124045.430419263 1.5753165483128433 9
302645.88430743583 4124045.630417258 1.5753035229069088 9
302645.8834016028 4124045.830415231 1.5753588897391118 9
302645.8824778574 4124046.0304131107 1.5754826488244662 9
302645.8815225214 4124046.230410824 1.5756748001886163 9
302645.88052191655 4124046.4304083004 1.575935343850472 9
302645.87946252245 4124046.6304054684 1.5762578303835213 9
302645.878338329 4124046.830402293 1.576572295848368 9
302645.8771539564 4124047.0303987875 1.5768596313583083 9
302645.8759148306 4124047.23039497 1.5771198369355248 9
302645.8746263775 4124047.430390857 1.5773529126142645 9
302645.87329402316 4124047.630386468 1.5775588584350926 9
302645.87192317814 4124047.8303818195 1.5777386975731356 9
302645.87051682145 4124048.030376915 1.5779199121100786 9
302645.86907285725 4124048.23037173 1.5781147824287545 9
302645.8675885546 4124048.4303662367 1.5783233085413892 9
302645.8660611825 4124048.6303604078 1.5785454904568563 9
302645.86448800995 4124048.8303542137 1.57878132817951 9
302645.86286631756 4124049.030347627 1.5790299080361454 9
302645.8611961081 4124049.2303406433 1.5792591631626567 9
302645.859483572 4124049.4303333093 1.579453188643743 9
302645.85773575515 4124049.6303256797 1.5796119844856862 9
302645.85595970304 4124049.830317809 1.579735550701356 9
302645.8541624614 4124050.030309752 1.5798238873042985 9
302645.8523510664 4124050.230301563 1.5798777642284105 9
302645.8505301446 4124050.4302932783 1.5799258007104735 9
302645.84869875107 4124050.630284891 1.5799824860296687 9
302645.84685515607 4124050.830276388 1.580047820183468 9
302645.84499763 4124051.030267759 1.5801218031680906 9
302645.843124443 4124051.230258989 1.5802044349783573 9
302645.84123385936 4124051.4302500663 1.5802962150489586 9
302645.83932254073 4124051.630240958 1.580416251697554 9
302645.83738341316 4124051.8302315837 1.5805743170086237 9
302645.8354088714 4124052.0302218567 1.5807704110064482 9
302645.83339131024 4124052.2302116896 1.5810045337150849 9
302645.83132312435 4124052.430200996 1.581276685149861 9
302645.82919671526 4124052.6301896884 1.5815859316817935 9
302645.82701187814 4124052.83017776 1.5818344847560355 9
302645.8247899579 4124053.0301654357 1.5819567839311444 9
302645.82255620393 4124053.230152983 1.5819528292392004 9
302645.82033586554 4124053.430140669 1.5818226206721466 9
302645.8181541922 4124053.6301287604 1.5815661581836775 9
302645.8160364331 4124053.8301175246 1.581183441751506 9
302645.8140031375 4124054.0301071745 1.580747023089735 9
302645.8120543952 4124054.230097691 1.5803379239133128 9
302645.810184731 4124054.4300889885 1.5799562050775777 9
302645.80838866904 4124054.630080984 1.5796018664957538 9
302645.8066607342 4124054.830073593 1.579274908064331 9
302645.8049954507 4124055.0300667314 1.5789753296710327 9
302645.8033878192 4124055.230060322 1.5786948583195117 9
302645.80183572386 4124055.4300543326 1.5784197634943644 9
302645.80033812916 4124055.6300487453 1.578149837019794 9
302645.7988940016 4124055.830043544 1.5778850788994991 9
302645.7975023074 4124056.030038712 1.5776254891341615 9
302645.7961620132 4124056.2300342326 1.5773710677216581 9
302645.794872116 4124056.4300300884 1.5771211593767558 9
302645.7936319269 4124056.630026263 1.5768738818107901 9
302645.79244094115 4124056.8300227383 1.576629117576477 9
302645.7912986561 4124057.030019499 1.5763868666508152 9
302645.79020456906 4124057.230016526 1.5761471290100937 9
302645.7891581776 4124057.4300138024 1.5759099046299374 9
302645.7881588366 4124057.630011311 1.5756792323279332 9
302645.7872030348 4124057.8300090265 1.5754766977952552 9
302645.7862846066 4124058.030006919 1.5753054907946198 9
302645.78539728676 4124058.2300049555 1.5751656113282428 9
302645.7845348098 4124058.430003106 1.5750570593921056 9
302645.7836909103 4124058.6300013377 1.5749798349800712 9
302645.78285940964 4124058.82999962 1.5749303033709086 9
302645.782038511 4124059.029997943 1.5748671467802595 9
302645.78123277123 4124059.229996322 1.5747787133064919 9
302645.78044724575 4124059.4299947796 1.5746650029492817 9
302645.7796869898 4124059.6299933344 1.5745260157114107 9
302645.77895705873 4124059.829992006 1.5743617516009445 9
302645.7782625098 4124060.029990816 1.5741720731019075 9
302645.77760879137 4124060.2299897764 1.573952405559842 9
302645.7770022277 4124060.42998889 1.5737005243313782 9
302645.77644926147 4124060.6299881544 1.5734164293711448 9
302645.77595633536 4124060.8299875692 1.5731001206426087 9
302645.7755298922 4124061.0299871336 1.57275159812692 9
302645.7751763544 4124061.2299868455 1.572372953821381 9
302645.77489243983 4124061.429986688 1.5720859392201627 9
302645.7746496719 4124061.6299865996 1.5719614873614585 9
302645.77441553806 4124061.829986511 1.5719995981956902 9
302645.77415752586 4124062.0299863555 1.5722002717965848 9
302645.7738431228 4124062.2299860637 1.5725635083309615 9
302645.7734398273 4124062.4299855675 1.57308778221683 9
302645.7729271294 4124062.6299848235 1.5736146025925442 9
302645.77231942094 4124062.8299838593 1.5740378910976658 9
302645.7716374082 4124063.0299827172 1.5743576477923955 9
302645.7709017973 4124063.2299814387 1.5745738728337446 9
302645.77013329463 4124063.429980064 1.574686566372712 9
302645.7693526055 4124063.6299786344 1.5746959944130676 9
302645.768575357 4124063.8299771817 1.5746729505601778 9
302645.7678004443 4124064.029975703 1.5746726368261856 9
302645.7670233214 4124064.2299741907 1.5746950532215067 9
302645.7662394424 4124064.4299726337 1.574740199750694 9
302645.76544426114 4124064.629971023 1.5748080764120902 9
302645.76463323174 4124064.829969351 1.5748986831971288 9
302645.76380245783 4124065.029967608 1.5750013767627324 9
302645.76295139326 4124065.2299657916 1.5751015062266684 9
302645.76208056835 4124065.429963898 1.575198981477111 9
302645.76119051396 4124065.6299619265 1.5752938025190615 9
302645.760281761 4124065.829959874 1.575385969357456 9
302645.75935484027 4124066.0299577387 1.5754754819971457 9
302645.7584106404 4124066.22995552 1.5755545790340335 9
302645.75745385507 4124066.429953239 1.5756001130956345 9
302645.75649147364 4124066.629950928 1.5756105410882577 9
302645.75553051714 4124066.82994862 1.575585863010255 9
302645.7545780068 4124067.029946348 1.575526078859414 9
302645.75364096375 4124067.2299441462 1.5754311886338714 9
302645.75272636197 4124067.4299420463 1.5753036761555788 9
302645.75183704804 4124067.629940062 1.5751864546508307 9
302645.75096859306 4124067.8299381733 1.5750950854056665 9
302645.75011582643 4124068.029936356 1.575029568418453 9
302645.74927357794 4124068.229934587 1.5749899036867034 9
302645.74843667704 4124068.429932843 1.5749760912083903 9
302645.7475999535 4124068.629931099 1.5749881309827407 9
302645.74675852276 4124068.829929333 1.5750193177999214 9
302645.7459111716 4124069.0299275406 1.575045721542002 9
302645.74505923054 4124069.2299257265 1.5750652169899435 9
302645.74420408125 4124069.4299238976 1.5750778041434554 9
302645.7433471054 4124069.6299220603 1.5750834830023588 9
302645.7424896846 4124069.829920221 1.5750822535665676 9
302645.74163320055 4124070.0299183857 1.5750741158360821 9
302645.74077891855 4124070.2299165605 1.5750611754023924 9
302645.7399273179 4124070.4299147464 1.5750473851124103 9
302645.73907855095 4124070.629912946 1.5750328364685704 9
302645.7382327696 4124070.829911158 1.5750175294708473 9
302645.73739012546 4124071.0299093826 1.575001464119214 9
302645.7365507702 4124071.2299076226 1.5749846404136423 9
302645.73571485543 4124071.429905876 1.5749670583541024 9
302645.7348825074 4124071.6299041444 1.5749492125106193 9
302645.73405364715 4124071.829902427 1.5749322167237083 9
302645.73322809674 4124072.029900723 1.5749161130915403 9
302645.7324056778 4124072.229899032 1.5749009016141182 9
302645.7315862119 4124072.429897353 1.5748865822914437 9
302645.7307695207 4124072.629895686 1.5748731551235167 9
302645.7299554256 4124072.829894029 1.5748606201103355 9
302645.7291437471 4124073.0298923817 1.5748490267774709 9
302645.7283342495 4124073.2298907437 1.574838889884201 9
302645.7275266201 4124073.429889113 1.5748303458629378 9
302645.72672054014 4124073.629887488 1.5748233947136823 9
302645.72591569106 4124073.829885869 1.5748180364364346 9
302645.7251117544 4124074.0298842536 1.5748142710311939 9
302645.7243084115 4124074.2298826403 1.5748120984979592 9
302645.72350534383 4124074.429881028 1.5748115188367302 9
302645.7227022321 4124074.6298794155 1.5748125464933533 9
302645.7218987509 4124074.8298778017 1.5748152132728392 9
302645.72109457245 4124075.029876185 1.574819520313554 9
302645.72028936853 4124075.229874564 1.5748254676154987 9
302645.71948281117 4124075.429872938 1.5748330551786758 9
302645.7186745722 4124075.629871304 1.5748422830030868 9
302645.71786432376 4124075.8298696633 1.5748531510887331 9
302645.7170517376 4124076.0298680123 1.5748656594356143 9
302645.71623652836 4124076.229866351 1.5748789896132562 9
302645.71541874635 4124076.429864679 1.5748913310420563 9
302645.7145986015 4124076.6298629977 1.5749026181575594 9
302645.7137763047 4124076.8298613066 1.5749128509597667 9
302645.71295206674 4124077.029859609 1.5749220294486799 9
302645.7121260986 4124077.229857903 1.574930153624301 9
302645.711298611 4124077.4298561914 1.5749372234866323 9
302645.71046981495 4124077.6298544747 1.5749432390356768 9
302645.70963990723 4124077.8298527524 1.5749485525890767 9
302645.70880887104 4124078.029851026 1.5749546430025416 9
302645.70797652274 4124078.2298492943 1.5749616745402981 9
302645.7071426741 4124078.4298475566 1.5749696472023471 9
302645.7063071367 4124078.6298458106 1.5749785609886893 9
302645.7054697225 4124078.8298440576 1.574988415899325 9
302645.7046302433 4124079.0298422957 1.5749992119342542 9
302645.70378851064 4124079.2298405245 1.575010949093475 9
302645.7029443366 4124079.429838743 1.5750236219515634 9
302645.7020975745 4124079.629836951 1.5750366824195061 9
302645.70124819793 4124079.829835147 1.5750497657687978 9
302645.70039620245 4124080.029833332 1.5750628719994428 9
302645.6995415835 4124080.2298315065 1.5750760011114464 9
302645.69868433644 4124080.429829669 1.575089153104813 9
302645.69782445667 4124080.629827821 1.5751023279795475 9
302645.69696193974 4124080.8298259615 1.5751155257356544 9
302645.696096781 4124081.02982409 1.5751287463731383 9
302645.69522897794 4124081.2298222077 1.5751418876775494 9
302645.6943586811 4124081.429820314 1.5751534035320982 9
302645.6934862958 4124081.629818411 1.575162773026107 9
302645.69261225127 4124081.829816501 1.5751699961595738 9
302645.6917369767 4124082.0298145865 1.5751750729324985 9
302645.6908609015 4124082.2298126672 1.5751780033448817 9
302645.68998445483 4124082.4298107466 1.5751787873967238 9
302645.68910806597 4124082.629808827 1.5751774250880255 9
302645.6882321642 4124082.829806909 1.5751739164187868 9
302645.6873571773 4124083.0298049953 1.5751683298824988 9
302645.68648343836 4124083.2298030867 1.5751615998002289 9
302645.68561113015 4124083.429801184 1.575154022314363 9
302645.6847404221 4124083.629799289 1.5751455974249002 9
302645.68387148384 4124083.829797401 1.5751363251318409 9
302645.68300448474 4124084.029795522 1.5751262054351856 9
302645.6821395943 4124084.229793652 1.5751152383349356 9
302645.681276982 4124084.4297917923 1.5751034238310937 9
302645.6804168173 4124084.629789942 1.5750907619236632 9
302645.6795592699 4124084.829788104 1.5750772443299261 9
302645.6787045244 4124085.029786278 1.5750627099046746 9
302645.6778527938 4124085.229784465 1.5750470965220518 9
302645.6770042936 4124085.429782665 1.5750304041820424 9
302645.6761592398 4124085.62978088 1.575012632884631 9
302645.6753178481 4124085.829779111 1.5749937826298028 9
302645.67448033433 4124086.0297773574 1.5749738534175448 9
302645.6736469142 4124086.2297756206 1.5749528452478456 9
302645.6728178037 4124086.429773902 1.574930758120697 9
302645.67199321813 4124086.6297722026 1.574907623600465 9
302645.6711731129 4124086.829770521 1.5748868955248558 9
302645.67035667907 4124087.0297688544 1.5748709099834424 9
302645.669542968 4124087.229767199 1.5748596669762236 9
302645.66873103124 4124087.4297655514 1.5748531665031915 9
302645.66791992035 4124087.629763907 1.574851408564339 9
302645.6671086868 4124087.829762262 1.5748543931596644 9
302645.66629638214 4124088.029760612 1.5748621202891728 9
302645.6654820578 4124088.229758954 1.5748745899528735 9
302645.6646647652 4124088.429757284 1.5748918021507756 9
302645.66384379653 4124088.629755599 1.5749100545231611 9
302645.66301948216 4124088.8297539 1.574925257486782 9
302645.6621924325 4124089.0297521898 1.574937408543003 9
302645.66136325774 4124089.229750471 1.5749465076918248 9
302645.66053256835 4124089.429748746 1.574952554933252 9
302645.6597009747 4124089.6297470173 1.5749555502672887 9
302645.6588690872 4124089.829745287 1.574955493693939 9
302645.6580375162 4124090.0297435587 1.5749523852132046 9
302645.65720687207 4124090.229741834 1.5749462248250854 9
302645.6563777315 4124090.4297401155 1.5749376402434152 9
302645.6555504262 4124090.6297384044 1.5749279037598838 9
302645.6547251797 4124090.829736702 1.5749170521563707 9
302645.65390221507 4124091.029735009 1.5749050854328734 9
302645.6530817553 4124091.229733326 1.5748920035893899 9
302645.6522640233 4124091.429731654 1.5748778066259197 9
302645.65144924226 4124091.629729995 1.5748624945424636 9
302645.65063763503 4124091.829728348 1.5748460673390254 9
302645.64982942474 4124092.0297267153 1.5748285250127694 9
302645.64902483503 4124092.229725097 1.574809858661418 9
302645.64822409174 4124092.429723494 1.574790059999306 9
302645.64742742147 4124092.6297219084 1.5747691290264147 9
302645.6466350506 4124092.829720339 1.5747470657427272 9
302645.64584720554 4124093.0297187874 1.574723870148229 9
302645.6450641128 4124093.229717255 1.5746995422429089 9
302645.6442859987 4124093.429715741 1.5746740820267606 9
302645.64351309004 4124093.629714248 1.5746474894997824 9
302645.6427456053 4124093.8297127755 1.5746199707290907 9
302645.64198362804 4124094.029711325 1.5745925031374455 9
302645.6412271266 4124094.2297098944 1.5745652129542602 9
302645.64047606534 4124094.4297084855 1.574538100179492 9
302645.63973040885 4124094.6297070957 1.5745111648130978 9
302645.63899012166 4124094.8297057264 1.5744844068550337 9
302645.63825516833 4124095.029704376 1.5744578263052555 9
302645.6375255133 4124095.229703045 1.5744314231637189 9
302645.63680111466 4124095.429701733 1.5744054475971052 9
302645.63608166366 4124095.6297004386 1.574382303431072 9
302645.6353664982 4124095.8296991587 1.5743625923898028 9
302645.6346549316 4124096.0296978927 1.5743463144733398 9
302645.63394627726 4124096.2296966366 1.5743334696817017 9
302645.6332398485 4124096.4296953897 1.5743240580148912 9
302645.6325349588 4124096.6296941475 1.5743180794728975 9
302645.63183092145 4124096.82969291 1.5743155340557016 9
302645.63112700696 4124097.029691673 1.5743174770003827 9
302645.63042186934 4124097.2296904325 1.5743280819499694 9
302645.6297137018 4124097.42968918 1.5743477774444348 9
302645.62900068605 4124097.62968791 1.5743765634839553 9
302645.62828100414 4124097.829686616 1.5744144400687643 9
302645.6275528379 4124098.0296852896 1.5744614071990826 9
302645.6268143692 4124098.2296839254 1.574517464875023 9
302645.62606382254 4124098.4296825146 1.5745809274011149 9
302645.6253013122 4124098.62968106 1.5746344242889614 9
302645.6245295567 4124098.8296795706 1.5746733798351984 9
302645.62375146424 4124099.029678057 1.5746977940400162 9
302645.6229699432 4124099.229676531 1.5747076669036646 9
302645.62218790164 4124099.4296750035 1.5747029984262988 9
302645.6214082479 4124099.629673485 1.5746837886079164 9
302645.6206335835 4124099.829671986 1.5746549084211605 9
302645.61986506067 4124100.0296705095 1.5746223880042904 9
302645.6191034043 4124100.229669059 1.5745862441034657 9
302645.61834933894 4124100.4296676377 1.5745464767187163 9
302645.61760358943 4124100.629666248 1.574503085850126 9
302645.616866858 4124100.8296648916 1.5744571199037107 9
302645.61613836524 4124101.029663566 1.5744232899141963 9
302645.6154149506 4124101.2296622586 1.5744063388336962 9
302645.61469323834 4124101.429660957 1.5744062666621037 9
302645.61396985257 4124101.6296596476 1.5744230733997622 9
302645.61324169807 4124101.829658318 1.5744494624668401 9
302645.6125102917 4124102.0296569755 1.574452768766944 9
302645.61178092577 4124102.2296556435 1.574429057282378 9
302645.61105900386 4124102.429654346 1.5743783280165238 9
302645.61034798826 4124102.629653097 1.5743479737473558 9
302645.60962388944 4124102.8296517995 1.5745230295034511 9
302645.6088423722 4124103.029650269 1.5749221625631546 9
302645.6079597951 4124103.2296483256 1.5755088443874108 9
302645.60696194525 4124103.429645862 1.5760472700279662 9
302645.60586546006 4124103.62964285 1.5764946929511363 9
302645.60470702976 4124103.829639438 1.5765862145702625 9
302645.60358794563 4124104.0296363793 1.5761058249662598 9
302645.60251106747 4124104.2296336885 1.5766346780910043 9
302645.60110325646 4124104.429628483 1.5793006961848521 9
302645.5991952271 4124104.629619408 1.5809957618431545 9
302645.5971564024 4124104.8296091883 1.5808924565989484 9
302645.5951307015 4124105.029598883 1.5810400147565935 9
302645.59303496685 4124105.2295878646 1.581504735283899 9
302645.5908555765 4124105.429576013 1.5818611047954938 9
302645.5886180814 4124105.629563507 1.5820821942439138 9
302645.5863513207 4124105.829550656 1.582153557212635 9
302645.58407785883 4124106.029537729 1.5822093025802244 9
302645.5817702329 4124106.2295244182 1.5825002790509657 9
302645.57937905716 4124106.429510148 1.5830586047985766 9
302645.5768426489 4124106.6294940794 1.58395599023118 9
302645.57410484797 4124106.8294753917 1.584878552611583 9
302645.5713068931 4124107.0294558657 1.58444096792479 9
302645.56874187663 4124107.2294392907 1.582735965542005 9
302645.5664405514 4124107.429426093 1.5821563274503128 9
302645.56408366386 4124107.629412211 1.5832848587027106 9
302645.5614323552 4124107.829394589 1.584688118438092 9
302645.5585805389 4124108.0293743564 1.585290106002772 9
302645.55568154185 4124108.2293534046 1.585235406194265 9
302645.5528214959 4124108.4293329297 1.584918765105337 9
302645.55004799436 4124108.6293137255 1.5844049831172398 9
302645.5473262426 4124108.829295316 1.584579695294496 9
302645.5444653546 4124109.0292748115 1.5857965030314822 9
302645.54127711133 4124109.2292493237 1.5876521281920888 9
302645.53774859547 4124109.4292183453 1.5891625241944278 9
302645.53395703144 4124109.6291825883 1.590281992076984 9
302645.52998729114 4124109.8291431614 1.5909213177226162 9
302645.52594331594 4124110.029102243 1.5910244920145036 9
302645.5219272839 4124110.229062079 1.590757838327843 9
302645.51789592573 4124110.4290216574 1.5913314067880358 9
302645.513641715 4124110.6289762864 1.5929869125670162 9
302645.50897666154 4124110.8289216785 1.5951862558662937 9
302645.5039289362 4124111.0288581527 1.5967820557662225 9
302645.49862602865 4124111.2287881444 1.597753514336638 9
302645.49315376667 4124111.4287133035 1.5985810304411847 9
302645.48750859994 4124111.6286335895 1.5994832469001898 9
302645.48167162854 4124111.8285485865 1.6005551043859798 9
302645.4755704425 4124112.0284556937 1.6021519517987866 9
302645.4690943632 4124112.228350749 1.6042911252881862 9
302645.46220688743 4124112.4282321073 1.6060329590648672 9
302645.4550653662 4124112.6281047263 1.6068330819743148 9
302645.4478477122 4124112.8279743595 1.6068936356706132 9
302645.44064683653 4124113.0278446474 1.606680916867139 9
302645.433486896 4124113.227717069 1.6068374543200274 9
302645.42605772626 4124113.4275791394 1.6095142398573137 9
302645.41786779923 4124113.6274107173 1.613826196337399 9
302645.40902948787 4124113.8272157745 1.6157067682075033 9
302645.4000566796 4124114.0270144055 1.6156805436696924 9
302645.39100422006 4124114.226809367 1.616673693456793 9
302645.3815839478 4124114.426588921 1.6197741150481797 9
302645.371153669 4124114.6263163295 1.6268382505448142 9
302645.3591522513 4124114.8259559954 1.6343820428573201 9
302645.3459180357 4124115.025519084 1.6392616706965657 9
302645.331841267 4124115.2250228217 1.6431592288828294 9
302645.31700036325 4124115.4244734966 1.6472930318752703 9
302645.3010348461 4124115.623836201 1.654756019874237 9
302645.28327104595 4124115.8230442433 1.6645293084087593 9
302645.2637671767 4124116.0220935647 1.6719639121430974 9
302645.24291759805 4124116.2210069173 1.67903676663698 9
302645.220322204 4124116.4197264696 1.68956700975412 9
302645.1954199658 4124116.6181730283 1.7017569217939328 9
302645.1680689828 4124116.8162953053 1.7140687773486796 9
302645.1384992038 4124117.0140987365 1.7237475773144317 9
302645.10727292654 4124117.2116486495 1.7317029432035305 9
302645.07419757213 4124117.4088954693 1.7427304186381944 9
302645.0386692739 4124117.6057182583 1.7563660942329435 9
302645.0002843966 4124117.8019997547 1.7713769318616663 9
302644.9591952634 4124117.9977365118 1.783410579514892 9
302644.9158906788 4124118.192997386 1.7955910714793624 9
302644.86968546774 4124118.3875839566 1.8126302479309708 9
302644.82029609283 4124118.5813940135 1.827337106637853 9
302644.76819866913 4124118.774494429 1.8421226390722842 9
302644.71281794977 4124118.96667028 1.8606696873580597 9
302644.65404143365 4124119.1578464815 1.8772740649619657 9
302644.59155971603 4124119.347837399 1.9019399221399507 9
302644.52379461814 4124119.536006992 1.9293603616502957 9
302644.4517175277 4124119.722574905 1.949178101252508 9
302644.3760462158 4124119.907705883 1.9682966124524737 9
302644.2970176175 4124120.0914324666 1.9853222032330848 9
302644.2150720766 4124120.2738750936 2.0002680993171764 9
302644.13062815886 4124120.4551738873 2.0124509955874452 9
302644.04427794187 4124120.63557453 2.0221932736488 9
302643.95598018565 4124120.8150270386 2.0340330215346483 9
302643.8657296329 4124120.9935076046 2.0432711120499136 9
302643.7738990159 4124121.171179214 2.0529686194520185 9
302643.67999778106 4124121.3477676613 2.0670564132495355 9
302643.5831681947 4124121.5227633975 2.085162938968245 9
302643.4834410839 4124121.696130513 2.0999926195406884 9
302643.3811482261 4124121.8679924696 2.115816021976751 9
302643.2760474463 4124122.038152177 2.1319797679901886 9
302643.1684160228 4124122.2067236486 2.1456744108609613 9
302643.05870174145 4124122.3739458104 2.1568044950330014 9
302642.94724133384 4124122.5400085114 2.1670999012799483 9
302642.83403244714 4124122.7048877254 2.178231429428096 9
302642.718774622 4124122.8683371595 2.192209180960534 9
302642.60128886026 4124123.0301923286 2.2041684767190444 9
302642.48231745744 4124123.1909639756 2.2112463270321507 9
302642.36215119425 4124123.350838611 2.2198960774687535 9
302642.24051172764 4124123.509595325 2.2287701546905136 9
302642.1176970207 4124123.6674474045 2.2350677218298984 9
302641.993851162 4124123.8244891632 2.242309416948805 9
302641.868907741 4124123.9806596874 2.2482149158783615 9
302641.74327985523 4124124.136279261 2.25172836130488 9
302641.6170288002 4124124.2913974277 2.2570436432490286 9
302641.48931969114 4124124.4453108544 2.271033776543363 9
302641.359728725 4124124.5976497848 2.2781875121348527 9
302641.22873051337 4124124.748775464 2.2960303261312625 9
302641.09395622945 4124124.8965485306 2.3240678994729884 9
302640.9551987938 4124125.040589537 2.350989550457472 9
302640.81259670743 4124125.180825095 2.3782090594451426 9
302640.6662019955 4124125.317096864 2.4056477784649553 9
302640.51625641785 4124125.4494512836 2.4306993579968688 9
302640.3632856916 4124125.5782949394 2.4517168856998897 9
302640.20779295295 4124125.7040913785 2.4721390757220716 9
302640.0493429112 4124125.82613113 2.4988533272283244 9
302639.88774007943 4124125.943975629 2.523596626179625 9
302639.7236262563 4124126.0582853793 2.541079543177357 9
302639.55801496725 4124126.1704265918 2.5522245773513 9
302639.39082082344 4124126.2801738014 2.570005489580169 9
302639.22185882996 4124126.3871927825 2.5822616593222603 9
302639.05198601715 4124126.492757176 2.588926062228815 9
302638.88139115396 4124126.597146822 2.596045125403286 9
302638.71004448866 4124126.700299702 2.6033723295029993 9
302638.53793626744 4124126.802175193 2.610935412934344 9
302638.3649957943 4124126.9026416778 2.6209342614170756 9
302638.19062566024 4124127.000591929 2.6398737233068044 9
302638.0143581503 4124127.095096918 2.6582967417981793 9
302637.8365828639 4124127.1867288817 2.6722951197053453 9
302637.65771553764 4124127.2762104804 2.68338733747268 9
302637.4777184612 4124127.3633989412 2.6985333979283923 9
302637.2961390761 4124127.447240475 2.720834049817736 9
302637.11253499176 4124127.5265533146 2.746853289907056 9
302636.9269249979 4124127.6010521017 2.772918291556848 9
302636.73946691456 4124127.670763811 2.797440857081192 9
302636.5505378623 4124127.736383294 2.81602633615186 9
302636.36062577134 4124127.7991078175 2.8293832812096955 9
302636.169648904 4124127.8585030995 2.852548448548523 9
302635.97716639045 4124127.9128128323 2.8803967782033846 9
302635.7835058825 4124127.962784864 2.894651905782465 9
302635.5893568152 4124128.0108062425 2.9044288319764 9
302635.39465183375 4124128.0565236765 2.9177853902203696 9
302635.1993156919 4124128.0994776636 2.9327354748676355 9
302635.0033344792 4124128.139371472 2.948908260507482 9
302634.80677242344 4124128.176303989 2.9619908232389 9
302634.6098152275 4124128.211080538 2.9716961255603844 9
302634.4125141407 4124128.2438282166 2.9828191443940817 9
302634.2148467621 4124128.2742982046 2.9943631098947674 9
302634.01685040264 4124128.302552856 3.005207341535107 9
302633.81857158884 4124128.3287426094 3.015169003541895 9
302633.6200473224 4124128.353029306 3.0247692645425293 9
302633.42127553746 4124128.3751806123 3.03694694320512 9
302633.2222276864 4124128.394680304 3.0507002966461196 9
302633.02294421295 4124128.4116427884 3.0622596764672028 9
302632.8234989724 4124128.4265365046 3.0714705051050744 9
302632.6239381291 4124128.43981963 3.078469103853883 9
302632.42428419896 4124128.4516352285 3.0871487139608242 9
302632.22452252207 4124128.46134452 3.0990107937735667 9
302632.0246655692 4124128.4689515736 3.107198477488418 9
302631.8247651434 4124128.475373457 3.111869388487377 9
302631.62483619293 4124128.4806692353 3.118800385337848 9
302631.42487313703 4124128.484488317 3.125664850529303 9
302631.22489066335 4124128.48725128 3.129387929293298 9
302631.02490364073 4124128.4895266406 3.130688974249274 9
302630.82491613325 4124128.491740605 3.1303034932923146 9
302630.6249281372 4124128.4939387534 3.1312077578126174 9
302630.42493686156 4124128.4958004015 3.1333115637475015 9
302630.22494249773 4124128.4973153523 3.134555250994143 9
302630.0249470147 4124128.4986670273 3.135060987707253 9
302629.8249511374 4124128.4999464764 3.1352835221224837 9
302629.62495523586 4124128.5012246463 3.135002180395875 9
302629.42496012134 4124128.50262921 3.1340604120836404 9
302629.2249657741 4124128.5041487818 3.1342788193847446 9
302629.02497000596 4124128.5054185055 3.1364102506356164 9
302628.8249719949 4124128.506311359 3.1375028561099514 9
302628.6249737099 4124128.5071781506 3.1369673482814853 9
302628.4249756678 4124128.5080608246 3.137689366535988 9
302628.2249766896 4124128.50866141 3.1393264523334055 9
302628.02497704676 4124128.509077971 3.1394092912799403 9
302627.8249776157 4124128.509559412 3.139169399520982 9
302627.6249780194 4124128.5099637243 3.140168805079195 9
302627.42497798207 4124128.5100757596 -3.141178622298351 9
302627.2249781646 4124128.5097578145 -3.1387898183208947 9
302627.024979645 4124128.5089621604 -3.1364651852939485 9
302626.82498323533 4124128.5077769505 -3.1353882039004115 9
302626.6249859484 4124128.5067050573 -3.137537296111844 9
302626.4249868942 4124128.5059195883 -3.136707275179096 9
302626.22499424015 4124128.50436038 -3.130743037494666 9
302626.025008776 4124128.501899774 -3.1287815636935656 9
302625.8250231336 4124128.4994686134 -3.129803574778022 9
302625.6250383959 4124128.497020867 -3.1285142052476314 9
302625.4250582026 4124128.49420651 -3.1266119558491114 9
302625.22508254694 4124128.491071751 -3.125488719685735 9
302625.0251071972 4124128.487935325 -3.1267798112177148 9
302624.82512591465 4124128.4852110418 -3.128769868917229 9
302624.6251423413 4124128.482633972 -3.128254044457885 9
302624.4251625763 4124128.4797859048 -3.1262780009117175 9
302624.2251896569 4124128.476484829 -3.124363130620188 9
302624.0252168668 4124128.473193243 -3.1266777645513493 9
302623.82523414044 4124128.4705853607 -3.129811127692109 9
302623.62524762296 4124128.46823284 -3.12933565885533 9
302623.4252640832 4124128.46566736 -3.1283169799049584 9
302623.2252822547 4124128.4629724277 -3.12805167147024 9
302623.02529998944 4124128.460307793 -3.1286292543832843 9
302622.825315396 4124128.457827928 -3.129672173859874 9
302622.6253292994 4124128.455468052 -3.129726163006721 9
302622.4253443258 4124128.45301749 -3.128943067634131 9
302622.22536086815 4124128.450444709 -3.1286156022384213 9
302622.0253774744 4124128.4478662224 -3.128848118520169 9
302621.8253933223 4124128.4453482735 -3.129147627818563 9
302621.6254084982 4124128.442884577 -3.129390548566867 9
302621.4254231594 4124128.4404630004 -3.1295660217034107 9
302621.22543748515 4124128.438069088 -3.129667217743321 9
302621.0254516539 4124128.4356883415 -3.1297014892611004 9
302620.82546580007 4124128.433309639 -3.1296885453716095 9
302620.6254800329 4124128.4309237464 -3.1296305774190136 9
302620.4254944038 4124128.428526283 -3.1295877705795103 9
302620.225508817 4124128.4261252102 -3.1295944887586704 9
302620.0255231547 4124128.4237303166 -3.129645545565811 9
302619.82553738216 4124128.421344586 -3.1296749428883732 9
302619.6255515918 4124128.4189605657 -3.1296626445598807 9
302619.42556588346 4124128.4165701726 -3.129617893507414 9
302619.2255802419 4124128.4141744133 -3.129620121905128 9
302619.02559450746 4124128.4117856226 -3.129687574781005 9
302618.82560851803 4124128.409416336 -3.1297989658964678 9
302618.6256224424 4124128.4070532946 -3.1297105769044893 9
302618.42563693045 4124128.404645695 -3.1293533436780083 9
302618.2256526684 4124128.402139886 -3.1287363785311677 9
302618.0256699791 4124128.3995107464 -3.128198570634599 9
302617.82568834425 4124128.396799129 -3.1279115208929973 9
302617.6257071274 4124128.394055179 -3.127875229071711 9
302617.42572577903 4124128.391322202 -3.1279685504696455 9
302617.22574430617 4124128.3885999704 -3.127979154241615 9
302617.0257629332 4124128.3858711957 -3.127903112225951 9
302616.82578188134 4124128.3831188623 -3.1277506506830672 9
302616.62580126064 4124128.380334756 -3.127594437643139 9
302616.4258210574 4124128.377520456 -3.1274486879478256 9
302616.22584125126 4124128.3746780553 -3.127313401582709 9
302616.02586181666 4124128.371809913 -3.1271925683918647 9
302615.8258827049 4124128.3689194503 -3.1270901799462867 9
302615.62590386247 4124128.3660103558 -3.127006236249288 9
302615.4259252375 4124128.363086164 -3.1269349537564093 9
302615.22594686795 4124128.3601444853 -3.126823754365137 9
302615.0259689068 4124128.357175317 -3.126660017529834 9
302614.8259915145 4124128.354168151 -3.1264437432477443 9
302614.62601484737 4124128.3511128393 -3.1261827959745094 9
302614.42603901343 4124128.3480031746 -3.1259015108680965 9
302614.226064091 4124128.344835399 -3.1256016153228368 9
302614.0260901579 4124128.3416057914 -3.1252831093079836 9
302613.82611722447 4124128.3383147004 -3.1250202174515493 9
302613.626144837 4124128.334990453 -3.1249545226120414 9
302613.42617234704 4124128.331673129 -3.125089464956899 9
302613.2261991051 4124128.328402851 -3.1254250445565472 9
302613.0262245778 4124128.325212549 -3.1258312070349645 9
302612.82624901057 4124128.3220867827 -3.1260656227084693 9
302612.6262729699 4124128.3189901724 -3.1261228107411494 9
302612.42629702325 4124128.3158872784 -3.1260027711759073 9
302612.22632169456 4124128.3127453947 -3.1257620364370484 9
302612.0263470972 4124128.3095576293 -3.1255504717998055 9
302611.8263731186 4124128.3063312774 -3.125376119628084 9
302611.6263996439 4124128.30307378 -3.1252389799189912 9
302611.42642655846 4124128.29979256 -3.1251384115387375 9
302611.2264537526 4124128.2964944984 -3.1250700051887077 9
302611.02648112195 4124128.2931858893 -3.1250329235117613 9
302610.82650856243 4124128.289872997 -3.1250271665085987 9
302610.62653597 4124128.2865620847 -3.1250525910146245 9
302610.42656327767 4124128.283257191 -3.1250784742778723 9
302610.22659053706 4124128.2799551925 -3.1250815387847717 9
302610.02661782433 4124128.2766515245 -3.1250617845353625 9
302609.82664521504 4124128.273341625 -3.125019211529442 9
302609.62667277904 4124128.270021296 -3.1249624263989335 9
302609.42670050735 4124128.266691075 -3.1249223897300378 9
302609.226728336 4124128.263354801 -3.124901883313414 9
302609.0267562001 4124128.260016379 -3.1249009071489087 9
302608.8267840347 4124128.2566797137 -3.124919378295914 9
302608.6268117839 4124128.2533481615 -3.1249501506403328 9
302608.4268394181 4124128.2500235336 -3.124988630124957 9
302608.2268669122 4124128.246707371 -3.1250348167499733 9
302608.0268942409 4124128.2434012154 -3.125088710515502 9
302607.82692138304 4124128.240106368 -3.125144485052114 9
302607.6269483728 4124128.236820765 -3.125179470758474 9
302607.4269752853 4124128.2335398523 -3.1251913913799174 9
302607.2270021966 4124128.230259017 -3.1251802469165333 9
302607.02702918276 4124128.2269736473 -3.1251460971066565 9
302606.8270562938 4124128.2236807076 -3.125111218575305 9
302606.6270834911 4124128.220382527 -3.1250936732301087 9
302606.42711071734 4124128.2170825712 -3.125093461071084 9
302606.227137915 4124128.213784305 -3.125110582098093 9
302606.0271650269 4124128.2104911827 -3.1251446100575886 9
302605.82719200285 4124128.2072063023 -3.1251926650858253 9
302605.6272187995 4124128.2039323803 -3.125254209148394 9
302605.42724537425 4124128.2006721143 -3.1253292422462997 9
302605.22727168445 4124128.1974282013 -3.12541776438032 9
302605.0272976985 4124128.1942026326 -3.1255070705560244 9
302604.8273234599 4124128.1909927228 -3.125573941587772 9
302604.62734904245 4124128.1877938933 -3.1256178835474246 9
302604.4273745199 4124128.1846015584 -3.1256388964355457 9
302604.22739996616 4124128.1814111355 -3.1256372830224275 9
302604.0274254299 4124128.178219619 -3.125633098127179 9
302603.8274508925 4124128.1750282194 -3.125638438654527 9
302603.6274763243 4124128.1718388395 -3.1256533046046866 9
302603.4275016957 4124128.1686533843 -3.1256776959780677 9
302603.2275269775 4124128.165473731 -3.12571058604035 9
302603.0275521542 4124128.162300777 -3.125743556534787 9
302602.82757722755 4124128.1591342385 -3.12577474592834 9
302602.62760220014 4124128.1559737595 -3.1258041542196136 9
302602.42762707453 4124128.1528189825 -3.125831781407395 9
302602.2276518695 4124128.1496685934 -3.1258376209793264 9
302602.02767675975 4124128.1465120115 -3.1257673680123412 9
302601.82770200743 4124128.143333467 -3.1256179721094073 9
302601.6277278756 4124128.1401171344 -3.1253894332379524 9
302601.42775462725 4124128.1368471873 -3.125081751377517 9
302601.22778245196 4124128.1335122734 -3.1247642897525374 9
302601.0278112147 4124128.1301207584 -3.124515736657283 9
302600.8278406911 4124128.126686437 -3.1243361691361335 9
302600.6278706569 4124128.1232231045 -3.1242255871540388 9
302600.42790088826 4124128.119744525 -3.124181804742361 9
302600.22793124814 4124128.116259179 -3.1241449371435763 9
302600.027961781 4124128.1127644544 -3.12408800417678 9
302599.82799255464 4124128.1092563397 -3.1240110058421324 9
302599.6280236367 4124128.105730821 -3.1239139421424773 9
302599.42805509426 4124128.102183925 -3.1237981891641455 9
302599.22808697505 4124128.0986129786 -3.1236749030044177 9
302599.02811930387 4124128.0950168693 -3.123546527845747 9
302598.8281521038 4124128.0913945804 -3.1234130636829827 9
302598.6281853983 4124128.087745094 -3.123274510511276 9
302598.4282192098 4124128.0840674313 -3.1231319574131877 9
302598.22825354553 4124128.080361405 -3.1229914620284496 9
302598.02828839875 4124128.0766275832 -3.1228539584464183 9
302597.8283237615 4124128.0728665646 -3.1227194466649966 9
302597.6283596264 4124128.0690789474 -3.1225879266817436 9
302597.4283959858 4124128.0652653254 -3.1224592709545025 9
302597.22843283304 4124128.0614262163 -3.1223329729569542 9
302597.02847016236 4124128.0575620835 -3.122208980388209 9
302596.8285079679 4124128.053673386 -3.1220872932463943 9
302596.62854624365 4124128.049760587 -3.1219679115294325 9
302596.42858498043 4124128.0458243224 -3.121854777774032 9
302596.22862412763 4124128.0418672613 -3.121760673871679 9
302596.0286636084 4124128.037893384 -3.1216865791924433 9
302595.82870334544 4124128.0339066912 -3.1216324937349667 9
302595.62874326133 4124128.029911184 -3.121598417498251 9
302595.42878328316 4124128.0259106187 -3.121579274564425 9
302595.22882338 4124128.021906422 -3.121561488277769 9
302595.0288635442 4124128.0178987295 -3.121544317293659 9
302594.82890376827 4124128.0138876652 -3.1215277616133417 9
302594.6289440447 4124128.009873352 -3.1215118212379687 9
302594.4289843386 4124128.0058573913 -3.1215237945884255 9
302594.2290244199 4124128.001851878 -3.1216175871002623 9
302594.02906397416 4124127.997873445 -3.1217946478837995 9
302593.8291026865 4124127.993938743 -3.1220549769924117 9
302593.62914024235 4124127.9900644226 -3.1223985744660343 9
302593.4291763769 4124127.986264506 -3.1227755303345064 9
302593.2292112082 4124127.9825329552 -3.1230793167451787 9
302593.02924503083 4124127.9788544825 -3.1233064043609913 9
302592.8292781403 4124127.9752137507 -3.123456793228718 9
302592.62931083207 4124127.9715954224 -3.123530483395712 9
302592.42934336537 4124127.967986105 -3.1235648366771245 9
302592.2293757155 4124127.9643877028 -3.123642157369173 9
302592.0294077231 4124127.9608093523 -3.123765395330195 9
302591.8294392281 4124127.957260238 -3.1239345505760516 9
302591.6294700705 4124127.9537495403 -3.124149623115338 9
302591.42950013943 4124127.9502835316 -3.124363034502244 9
302591.229529578 4124127.9468535623 -3.1245097065645107 9
302591.0295586098 4124127.943446211 -3.1245892545089173 9
302590.829587459 4124127.940048056 -3.124601678351255 9
302590.62961634924 4124127.9366456796 -3.124548025231892 9
302590.4296453497 4124127.93323537 -3.124558187136954 9
302590.22967406595 4124127.9298424735 -3.1247221755270145 9
302590.02970201767 4124127.9264977514 -3.1250399905553325 9
302589.8297287241 4124127.9232319645 -3.125511632427205 9
302589.62975371006 4124127.920075546 -3.126122512283188 9
302589.4297768037 4124127.917039974 -3.126689368823043 9
302589.22979829536 4124127.914107841 -3.1271570214721476 9
302589.0298185146 4124127.911259308 -3.127525470378468 9
302588.829837791 4124127.9084745375 -3.1277947157748094 9
302588.6298564343 4124127.9057350615 -3.1279984938305816 9
302588.42987447407 4124127.9030421847 -3.1282710157361726 9
302588.2298917288 4124127.900412071 -3.1286261709379173 9
302588.0299080119 4124127.897861245 -3.1290639595706597 9
302587.8299231368 4124127.8954062336 -3.129584381679213 9
302587.62993698806 4124127.893057456 -3.1300835697273466 9
302587.4299498572 4124127.8907904215 -3.130400166028709 9
302587.22996217996 4124127.8885682574 -3.1305323086543524 9
302587.0299743924 4124127.8863540767 -3.1304799977316957 9
302586.829986925 4124127.8841114575 -3.1302634627244172 9
302586.6299999142 4124127.881829519 -3.130127349994988 9
302586.4300130556 4124127.879535589 -3.130143542784437 9
302586.23002600926 4124127.8772601276 -3.130312041137912 9
302586.0300384348 4124127.8750335933 -3.1306328451061916 9
302585.8300500357 4124127.8728825687 -3.131035089229076 9
302585.63006082014 4124127.870806811 -3.1313825743059716 9
302585.430070924 4124127.8687947323 -3.131671915696155 9
302585.2300804841 4124127.8668347043 -3.131903113459528 9
302585.03008963604 4124127.8649152354 -3.1320825331320754 9
302584.83009843086 4124127.8630338204 -3.1322993744447394 9
302584.63010678475 4124127.8612023867 -3.1325823731328435 9
302584.43011460133 4124127.8594341665 -3.1329315292815867 9
302584.23012178455 4124127.857742391 -3.133346842941068 9
302584.03012826707 4124127.8561365614 -3.133759752729716 9
302583.8301341851 4124127.8545999876 -3.1340363753156937 9
302583.63013976195 4124127.8531047604 -3.1341732250601453 9
302583.4301452215 4124127.8516229256 -3.134170302030452 9
302583.2301507835 4124127.850127021 -3.134046939349369 9
302583.03015650465 4124127.8486109474 -3.133998412292232 9
302582.8301622192 4124127.847097723 -3.1340754255041148 9
302582.6301677453 4124127.8456124538 -3.1342779790249424 9
302582.430172901 4124127.844180247 -3.134605666190849 9
302582.23017756524 4124127.8428178052 -3.1349409590458275 9
302582.03018181893 4124127.841513924 -3.1351912802803534 9
302581.8301857844 4124127.8402516088 -3.135356629930253 9
302581.63018958416 4124127.8390138657 -3.135437008043371 9
302581.43019332446 4124127.837786239 -3.1354804034248107 9
302581.23019698623 4124127.8365734355 -3.135588044785099 9
302581.0302004937 4124127.8353889096 -3.1357631862636723 9
302580.83020377054 4124127.834246162 -3.13600582787205 9
302580.6302067441 4124127.833158081 -3.136298323492412 9
302580.43020941707 4124127.832124681 -3.1365423222917728 9
302580.23021186347 4124127.831133711 -3.1367226258968492 9
302580.0302141601 4124127.8301724317 -3.136839234339745 9
302579.8302163831 4124127.8292282443 -3.1368986437637236 9
302579.6302185564 4124127.8282975648 -3.136989845560466 9
302579.43022062094 4124127.8273911322 -3.1371411193908396 9
302579.2302225104 4124127.826520962 -3.1373524652145295 9
302579.03022415837 4124127.825699074 -3.1376246243207118 9
302578.83022551524 4124127.824940742 -3.137998085863277 9
302578.6302265745 4124127.824269548 -3.1384960197367144 9
302578.43022733624 4124127.8237103876 -3.1391184263612097 9
302578.23022780084 4124127.823288153 -3.1398646114503155 9
302578.0302279905 4124127.8230171124 -3.140588037252134 9
302577.83022799756 4124127.822877405 -3.1411779434617166 9
302577.6302279292 4124127.822842327 3.14155097667479 9
302577.4302278919 4124127.822885175 3.141228121424471 9
302577.23022795573 4124127.822978033 3.1410564171994215 9
302577.0302280549 4124127.82308854 3.141051650244203 9
302576.83022809273 4124127.823183306 3.1412138205309863 9
302576.63022797223 4124127.823228944 3.141542927601758 9
302576.43022765697 4124127.8232137873 -3.141481961754739 9
302576.2302273737 4124127.823221028 3.1413186554382224 9
302576.030227421 4124127.8233597474 3.1403885497274113 9
302575.83022809785 4124127.8237390295 3.138913024887065 9
302575.6302296424 4124127.824439937 3.1373294891501082 9
302575.4302320229 4124127.8254174865 3.1361472949593443 9
302575.23023513105 4124127.8265912673 3.1353671637360945 9
302575.03023885895 4124127.8278808678 3.134989091154176 9
302574.830243134 4124127.8292232305 3.1347515334911256 9
302574.63024802896 4124127.8306256873 3.1343881076842455 9
302574.4302536531 4124127.8321134145 3.1338988083177517 9
302574.2302601155 4124127.8337115836 3.133283841590605 9
302574.0302675646 4124127.835442557 3.132581787860427 9
302573.830276271 4124127.837319777 3.131821312543079 9
302573.63028653007 4124127.839354927 3.131002414430842 9
302573.4302986354 4124127.841559576 3.130134401591802 9
302573.2303124882 4124127.843915128 3.129577518621388 9
302573.0303270718 4124127.846332444 3.1295167233039796 9
302572.83034123824 4124127.8487123135 3.129952015719009 9
302572.6303538483 4124127.85095616 3.1308537966355385 9
302572.43036430737 4124127.8530067233 3.131813418336643 9
302572.23037289025 4124127.8548726346 3.1327004098588365 9
302572.03037994937 4124127.856568418 3.133514772725192 9
302571.83038584 4124127.858109705 3.134221107644756 9
302571.63039099093 4124127.859541601 3.134579675847104 9
302571.43039591087 4124127.860941049 3.1345455897651564 9
302571.23040111247 4124127.862386579 3.134118849568149 9
302571.0304070398 4124127.8639457924 3.1335416112574457 9
302570.8304133695 4124127.865563869 3.13357347788552 9
302570.63041929714 4124127.867109148 3.1342696089293756 9
302570.4304240103 4124127.868448776 3.135630007540847 9
302570.23042688397 4124127.869477172 3.1372138620424255 9
302570.03042822325 4124127.870224257 3.138440623913058 9
302569.8304286215 4124127.8707619654 3.139307632643191 9
302569.6304286714 4124127.8711621026 3.1398251769933045 9
302569.43042876973 4124127.871470116 3.1402954731245405 9
302569.2304288931 4124127.8716747845 3.140858618767518 9
302569.0304289637 4124127.87175754 3.141514613191149 9
302568.83042891056 4124127.8716997267 -3.14091918806108 9
302568.6304288511 4124127.871480499 -3.1400544205647267 9
302568.43042910367 4124127.8710766644 -3.1390731155445244 9
302568.23042999627 4124127.8704649154 -3.1379752706596915 9
302568.0304318243 4124127.8696268774 -3.1368747578080804 9
302567.8304344754 4124127.8686051937 -3.1361641691222206 9
302567.6304375623 4124127.867483696 -3.135876613653762 9
302567.43044069235 4124127.8663469907 -3.1360120907503184 9
302567.23044350726 4124127.865272763 -3.136439417022894 9
302567.03044590773 4124127.864286097 -3.1368798556218844 9
302566.8304479138 4124127.8633879162 -3.1373242774662673 9
302566.6304495458 4124127.8625790174 -3.1377726825420456 9
302566.4304508374 4124127.861856548 -3.1381522965117656 9
302566.23045193346 4124127.8611861267 -3.1382865882797786 9
302566.03045303596 4124127.860517243 -3.138167665374345 9
302565.8304543475 4124127.8597992538 -3.1377955276591467 9
302565.6304560595 4124127.8589842753 -3.137241565767591 9
302565.430458182 4124127.858069206 -3.136821597404129 9
302565.23046057794 4124127.8570872922 -3.136573112438646 9
302565.03046310606 4124127.85607283 -3.1364961107204983 9
302564.83046562533 4124127.8550601066 -3.136589406673532 9
302564.6304680287 4124127.854074958 -3.1367422056270438 9
302564.4304703079 4124127.8531190674 -3.1368819871037106 9
302564.2304724716 4124127.8521898305 -3.1370087510879507 9
302564.03047452896 4124127.851284645 -3.137122497568266 9
302563.83047648927 4124127.850400825 -3.1372205489287213 9
302563.63047837367 4124127.849533361 -3.1372836290978725 9
302563.4304802167 4124127.8486746345 -3.137307923433931 9
302563.2304820535 4124127.8478168887 -3.1372934319391264 9
302563.03048391937 4124127.8469523652 -3.1372401546137128 9
302562.83048584714 4124127.8460738226 -3.1371612914444014 9
302562.6304878331 4124127.8451822223 -3.1371144447640766 9
302562.43048984406 4124127.8442851272 -3.1371063370033196 9
302562.2304918461 4124127.8433902846 -3.13713696816253 9
302562.0304938052 4124127.8425054415 -3.137206338242654 9
302561.83049569005 4124127.841637744 -3.137300440637078 9
302561.6304975022 4124127.840786753 -3.13737016309028 9
302561.4304992659 4124127.8399468446 -3.1374112569257817 9
302561.2305010057 4124127.839112291 -3.137423722144392 9
302561.03050274646 4124127.8382773683 -3.1374075587466783 9
302560.8305045125 4124127.837436391 -3.1373642893673224 9
302560.6305063221 4124127.83658521 -3.137307455706695 9
302560.4305081853 4124127.835721626 -3.1372402534084207 9
302560.2305101122 4124127.834843565 -3.137162682472248 9
302560.0305121123 4124127.833948952 -3.137074742898361 9
302559.8305141953 4124127.833035718 -3.1369768498290735 9
302559.630516358 4124127.832104722 -3.1369073716098015 9
302559.43051855976 4124127.831165177 -3.136891361442515 9
302559.2305207534 4124127.8302277764 -3.1369288193270015 9
302559.0305228918 4124127.8293032143 -3.137019745267196 9
302558.83052492776 4124127.828402184 -3.137164139267969 9
302558.630526822 4124127.827533584 -3.1373278741981 9
302558.43052859494 4124127.8266925616 -3.1374378041860362 9
302558.23053029476 4124127.8258678997 -3.1374914800590394 9
302558.03053196985 4124127.825048347 -3.137488901821699 9
302557.8305336686 4124127.824222653 -3.1374300694762156 9
302557.63053543883 4124127.8233796903 -3.1373194388984116 9
302557.4305373111 4124127.8225127403 -3.1371956343265905 9
302557.23053929495 4124127.821620606 -3.137067588380568 9
302557.0305413979 4124127.820702438 -3.136935301056647 9
302556.83054362814 4124127.8197573884 -3.1367987723514834 9
302556.6305459932 4124127.81878461 -3.1366580022621533 9
302556.43054849404 4124127.8177845995 -3.1365348552247205 9
302556.2305510948 4124127.8167646336 -3.136458587414657 9
302556.0305537485 4124127.8157341173 -3.1364293487438806 9
302555.830556408 4124127.8147024564 -3.1364471392115223 9
302555.6305590263 4124127.813679056 -3.136511958818282 9
302555.43056155805 4124127.812672966 -3.1366132714332515 9
302555.2305639977 4124127.8116852995 -3.1366894733471757 9
302555.03056637855 4124127.8107093615 -3.1367305615096828 9
302554.8305687358 4124127.8097381294 -3.136736535921525 9
302554.6305711043 4124127.8087645806 -3.1367073965829584 9
302554.43057351914 4124127.8077816935 -3.1366431434935214 9
302554.2305760095 4124127.806783662 -3.1365629531716297 9
302554.0305785767 4124127.805770295 -3.136489822071023 9
302553.8305812142 4124127.8047430124 -3.136423796600975 9
302553.6305839156 4124127.8037032355 -3.136364876761222 9
302553.4305866743 4124127.8026523846 -3.1363130625513396 9
302553.23058948334 4124127.8015919607 -3.13627067350088 9
302553.03059232613 4124127.800525211 -3.1362512868278785 9
302552.8305951769 4124127.799457105 -3.1362571096720746 9
302552.6305980092 4124127.7983926837 -3.1362881420338615 9
302552.43060079677 4124127.7973369905 -3.1363443839138743 9
302552.23060351313 4124127.796295067 -3.136425833120319 9
302552.0306061404 4124127.7952703466 -3.1365086242344344 9
302551.8306086931 4124127.794260022 -3.1365697915164863 9
302551.6306111937 4124127.7932597687 -3.1366093349669653 9
302551.43061366474 4124127.7922652615 -3.136627254586599 9
302551.23061612854 4124127.7912721755 -3.1366235503757967 9
302551.0306186072 4124127.790276247 -3.136600547016405 9
302550.8306211099 4124127.789275719 -3.1365809730678373 9
302550.6306236281 4124127.7882721955 -3.1365705915456505 9
302550.43062615214 4124127.7872675154 -3.136569402449958 9
302550.23062867235 4124127.7862635166 -3.136577405780737 9
302550.0306311789 4124127.7852620375 -3.1365946015378334 9
302549.830633662 4124127.7842650046 -3.136622535393564 9
302549.63063611015 4124127.7832748964 -3.1366638968100555 9
302549.43063851167 4124127.782294408 -3.1367187342961103 9
302549.23064085445 4124127.781326235 -3.136787047852645 9
302549.0306431267 4124127.7803730713 -3.136868837480445 9
302548.83064531663 4124127.7794375564 -3.1369617424662195 9
302548.6306474253 4124127.7785195606 -3.1370399400091427 9
302548.4306494714 4124127.7776150233 -3.1370963366217333 9
302548.23065147514 4124127.776719586 -3.1371309323043755 9
302548.03065345663 4124127.7758288877 -3.1371437270576905 9
302547.83065543603 4124127.774938568 -3.137134720882042 9
302547.63065743237 4124127.774044525 -3.137108944828306 9
302547.43065945496 4124127.7731447634 -3.137077921008349 9
302547.2306615084 4124127.7722383183 -3.137042102347777 9
302547.03066359734 4124127.7713242304 -3.1370014888464883 9
302546.83066572633 4124127.7704015393 -3.13695608050443 9
302546.63066790014 4124127.769469292 -3.1369061887778025 9
302546.43067011953 4124127.7685273187 -3.136860781618763 9
302546.2306723773 4124127.7675771243 -3.136823982486078 9
302546.03067466547 4124127.766620431 -3.1367957913797606 9
302545.8306769757 4124127.7656589607 -3.1367762082997297 9
302545.6306793 4124127.764694434 -3.1367652332458715 9
302545.43068163114 4124127.7637283886 -3.1367583209729792 9
302545.23068397504 4124127.7627597116 -3.136737566285452 9
302545.03068634734 4124127.7617853163 -3.1367011406970264 9
302544.8306887639 4124127.760802069 -3.1366490442072674 9
302544.6306912408 4124127.7598068365 -3.1365812768158463 9
302544.43069379375 4124127.7587964823 -3.1364978385229274 9
302544.2306964357 4124127.7577685416 -3.136408891905077 9
302544.03069916606 4124127.7567233387 -3.136325218692158 9
302543.8307019807 4124127.755661929 -3.1362468212232293 9
302543.6307048758 4124127.7545853676 -3.1361736994973417 9
302543.43070784706 4124127.7534947093 -3.136105853513437 9
302543.2307108906 4124127.7523910184 -3.136043701603046 9
302543.0307139979 4124127.7512760255 -3.135994117262872 9
302542.8307171528 4124127.7501526154 -3.135959526233551 9
302542.6307203385 4124127.749023786 -3.1359399285152803 9
302542.4307235379 4124127.747892537 -3.1359353241081136 9
302542.2307267343 4124127.746761866 -3.1359457130120947 9
302542.0307299114 4124127.7456346834 -3.1359685108197626 9
302541.83073306317 4124127.7445120024 -3.135989199812349 9
302541.630736194 4124127.743393022 -3.1360055179999367 9
302541.4307393088 4124127.742276868 -3.136017465382493 9
302541.23074241204 4124127.7411626666 -3.1360250419600177 9
302541.03074550856 4124127.7400495433 -3.136028247732536 9
302540.83074860217 4124127.7389367837 -3.1360308940519586 9
302540.6307516855 4124127.7378258207 -3.1360472343848422 9
302540.4307547427 4124127.73671963 -3.1360786230434563 9
302540.23075775825 4124127.7356212223 -3.136125060028288 9
302540.030760716 4124127.734533607 -3.1361865453398825 9
302539.83076360036 4124127.733459793 -3.1362630789785304 9
302539.6307663976 4124127.732402387 -3.136345739932262 9
302539.4307691177 4124127.7313595028 -3.1364067344946864 9
302539.2307717856 4124127.730326451 -3.1364440671114897 9
302539.03077442624 4124127.7292985 -3.1364577377832585 9
302538.8307770648 4124127.7282709167 -3.1364477465103295 9
302538.63077972626 4124127.727238968 -3.1364140932925593 9
302538.4307824345 4124127.726198177 -3.1363629214985655 9
302538.2307851942 4124127.725147606 -3.1363180824204777 9
302538.03078799654 4124127.724088939 -3.136281963858464 9
302537.8307908323 4124127.7230239213 -3.1362545658126306 9
302537.63079369196 4124127.7219542954 -3.1362358882829633 9
302537.4307965663 4124127.7208818067 -3.136225931269393 9
302537.23079944676 4124127.7198081035 -3.13622187490186 9
302537.030802336 4124127.718732703 -3.1362071477324402 9
302536.83080524876 4124127.7176530194 -3.136179045015242 9
302536.6308082 4124127.7165663787 -3.136137566749947 9
302536.4308112047 4124127.715470104 -3.136082712936217 9
302536.23081427807 4124127.7143615214 -3.136014483573919 9
302536.0308174346 4124127.713238045 -3.1359362632666405 9
302535.83082066884 4124127.712100634 -3.135879794578645 9
302535.6308239498 4124127.7109548845 -3.135852879936927 9
302535.43082724436 4124127.7098067077 -3.135855519340933 9
302535.2308305196 4124127.7086620135 -3.135887712790761 9
302535.03083374235 4124127.707526714 -3.1359494602870868 9
302534.83083688 4124127.706406672 -3.136038321652683 9
302534.63083992247 4124127.7053037174 -3.1361123979896246 9
302534.43084289884 4124127.704212586 -3.1361565459731806 9
302534.23084584257 4124127.70312729 -3.136170765604015 9
302534.03084878693 4124127.702041846 -3.1361550568825205 9
302533.83085176523 4124127.700950267 -3.1361094198084336 9
302533.6308548109 4124127.6998465722 -3.1360342698633246 9
302533.4308579468 4124127.6987266554 -3.1359530667389235 9
302533.2308611696 4124127.6975912494 -3.1358793629127857 9
302533.03086447134 4124127.696441852 -3.1358131583847815 9
302532.83086784446 4124127.695279964 -3.135754453154527 9
302532.63087128114 4124127.694107085 -3.1357032472214947 9
302532.43087477365 4124127.692924715 -3.13565953577522 9
302532.23087831645 4124127.691733975 -3.135617820621181 9
302532.03088191146 4124127.690534604 -3.135573221234492 9
302531.8308855624 4124127.689326024 -3.1355257376150867 9
302531.6308892732 4124127.68810766 -3.1354753697629456 9
302531.43089304754 4124127.6868789336 -3.1354221176781065 9
302531.23089688935 4124127.6856392687 -3.135365981360679 9
302531.0309007993 4124127.684388566 -3.135315387194112 9
302530.8309047596 4124127.6831297395 -3.135284980086038 9
302530.63090874534 4124127.681866877 -3.135275023104632 9
302530.4309127313 4124127.6806040676 -3.135285516249865 9
302530.23091669235 4124127.679345402 -3.1353164595221292 9
302530.03092060355 4124127.6780949696 -3.1353678529221063 9
302529.83092444146 4124127.676856566 -3.135433262021652 9
302529.63092820195 4124127.675630804 -3.135493216230793 9
302529.43093189225 4124127.674416354 -3.135546384681457 9
302529.23093551997 4124127.6732118586 -3.1355927673729536 9
302529.0309390926 4124127.6720159613 -3.135632364304932 9
302528.83094261773 4124127.670827305 -3.135665175477318 9
302528.6309461019 4124127.6696447204 -3.135696404238387 9
302528.4309495338 4124127.668470596 -3.1357523066709776 9
302528.2309528861 4124127.6673104824 -3.135836524136656 9
302528.0309561308 4124127.666170044 -3.1359490566420227 9
302527.83095924015 4124127.665054943 -3.136089904194282 9
302527.63096218626 4124127.6639708434 -3.1362590667985337 9
302527.4309649419 4124127.662923276 -3.1364515577621326 9
302527.23096750677 4124127.661912458 -3.1366194136858327 9
302527.03096991667 4124127.6609315453 -3.1367506196702077 9
302526.8309722096 4124127.6599732083 -3.1368451757184053 9
302526.6309744237 4124127.6590301176 -3.1369030818365284 9
302526.4309765971 4124127.6580949435 -3.136924338029829 9
302526.23097876797 4124127.6571603715 -3.1369101625784745 9
302526.0309809571 4124127.6562225376 -3.136900843754395 9
302525.8309831473 4124127.6552852807 -3.136915930751935 9
302525.63098531606 4124127.6543534826 -3.13695542357262 9
302525.4309874411 4124127.6534320232 -3.1370193222179865 9
302525.23098949995 4124127.6525257835 -3.137107626688875 9
302525.03099147015 4124127.651639645 -3.1372202807414724 9
302524.830993339 4124127.6507763453 -3.1373266735549086 9
302524.6309951273 4124127.6499311244 -3.137401063505257 9
302524.43099686323 4124127.649097581 -3.1374434505944446 9
302524.23099857516 4124127.648269315 -3.137453834824527 9
302524.0310002913 4124127.647439925 -3.1374322161963866 9
302523.83100203966 4124127.6466030115 -3.1373785947094124 9
302523.6310038419 4124127.645753737 -3.137317204077458 9
302523.4310056889 4124127.644894151 -3.1372755110614787 9
302523.2310075638 4124127.6440282 -3.137253542179301 9
302523.0310094492 4124127.6431598277 -3.1372512974310385 9
302522.83101132786 4124127.642292978 -3.1372687768167027 9
302522.63101318286 4124127.6414315966 -3.137305980336225 9
302522.4310149992 4124127.640579116 -3.1373546534453096 9
302522.23101677356 4124127.63973645 -3.1374040883641334 9
302522.031018506 4124127.638903742 -3.1374542411425357 9
302521.8310201967 4124127.6380811376 -3.1375051117808095 9
302521.63102184585 4124127.6372687784 -3.1375567002792426 9
302521.4310234535 4124127.636466808 -3.137609006638114 9
302521.2310250213 4124127.6356749265 -3.137655176886315 9
302521.03102655825 4124127.634890905 -3.1376876099958855 9
302520.8310280752 4124127.634111997 -3.1377063009457755 9
302520.6310295825 4124127.6333354525 -3.137711249736019 9
302520.43103109126 4124127.6325585227 -3.137702456366659 9
302520.23103261204 4124127.6317784614 -3.137679963837753 9
302520.031034154 4124127.630992956 -3.137649653753784 9
302519.83103572123 4124127.6302010207 -3.1376156751759825 9
302519.63103731716 4124127.6294019236 -3.1375780281042465 9
302519.4310389449 4124127.6285949307 -3.1375367125384943 9
302519.23104060785 4124127.627779308 -3.1374917284786794 9
302519.0310423091 4124127.626954328 -3.1374434900641957 9
302518.8310440485 4124127.626120098 -3.1374010943668145 9
302518.6310458192 4124127.6252783462 -3.1373682602459403 9
302518.4310476136 4124127.6244309833 -3.137344987701416 9
302518.23104942415 4124127.623579922 -3.137331276733126 9
302518.0310512431 4124127.6227270747 -3.1373271273410603 9
302517.8310530634 4124127.621874241 -3.1373293919929255 9
302517.6310548862 4124127.6210210514 -3.137322013142223 9
302517.43105672015 4124127.6201651967 -3.1373027362584636 9
302517.23105857417 4124127.6193042966 -3.1372715613422058 9
302517.03106045705 4124127.6184359724 -3.1372284883945745 9
302516.8310623778 4124127.6175578428 -3.1371735174173936 9
302516.6310643359 4124127.6166699617 -3.1371436167823736 9
302516.4310662916 4124127.6157825026 -3.1371777401937675 9
302516.23106819513 4124127.614908271 -3.1372758942768644 9
302516.0310699967 4124127.6140600727 -3.137438079045764 9
302515.8310716463 4124127.6132507147 -3.1376642945106847 9
302515.6310731029 4124127.6124907937 -3.1379111905700743 9
302515.4310743966 4124127.6117725684 -3.138077777650966 9
302515.2310755929 4124127.611079217 -3.138159927403489 9
302515.0310767578 4124127.6103938515 -3.1381576398428823 9
302514.83107795677 4124127.6096996744 -3.13807609473983 9
302514.63107921684 4124127.608989812 -3.138022269106558 9
302514.43108049245 4124127.608276203 -3.1380386327722594 9
302514.2310817299 4124127.6075728857 -3.1381251857361145 9
302514.03108287544 4124127.6068938924 -3.138281641337792 9
302513.8310838887 4124127.6062527695 -3.1385029130452065 9
302513.63108475215 4124127.6056621945 -3.1387871301733514 9
302513.4310854507 4124127.6051347572 -3.1391342927765913 9
302513.2310859806 4124127.604677427 -3.1394530749892535 9
302513.0310863949 4124127.604268837 -3.139621091365325 9
302512.83108676417 4124127.6038789125 -3.139649685622067 9
302512.63108711503 4124127.603501131 -3.1397943062197124 9
302512.43108739017 4124127.6031741207 -3.1401524980538493 9
302512.23108755786 4124127.602917249 -3.1404196684176338 9
302512.0310876791 4124127.602685891 -3.1403817422452187 9
302511.8310878962 4124127.6023953105 -3.13980211873051 9
302511.63108832546 4124127.601982434 -3.1393821146336816 9
302511.4310887711 4124127.6015571724 -3.1395784641311137 9
302511.2310891808 4124127.6011531167 -3.139494778599988 9
302511.03108968755 4124127.6007035887 -3.1392150550427815 9
302510.8310902917 4124127.6002107956 -3.1390635696125817 9
302510.63109094836 4124127.5996981375 -3.1390078355035906 9
302510.4310916154 4124127.599181903 -3.139025425280743 9
302510.2310922693 4124127.598670475 -3.1390391285771746 9
302510.03109292587 4124127.5981579213 -3.139014953668423 9
302509.83109359996 4124127.597638623 -3.1389767767118237 9
302509.6310942951 4124127.597111342 -3.1389352688027192 9
302509.4310950119 4124127.596575872 -3.1388962380702523 9
302509.23109574826 4124127.5960331387 -3.138862670396745 9
302509.0310964996 4124127.595484921 -3.1388441963843166 9
302508.83109725494 4124127.594935254 -3.1388481864510056 9
302508.63109800324 4124127.594388132 -3.138866789219386 9
302508.43109874 4124127.593845263 -3.1388907096168666 9
302508.2310994643 4124127.593307008 -3.1389078824399457 9
302508.03110018634 4124127.592769603 -3.1388989726964707 9
302507.83110091864 4124127.5922283535 -3.138874315859448 9
302507.63110166317 4124127.5916826567 -3.138855010538999 9
302507.43110241473 4124127.591134358 -3.1388543760104826 9
302507.2311031542 4124127.590590496 -3.1389002100293886 9
302507.0311038562 4124127.5900603384 -3.138989327490124 9
302506.8311045037 4124127.5895513413 -3.1391114235860003 9
302506.63110508636 4124127.5890687583 -3.1392408328755526 9
302506.43110561935 4124127.5886068195 -3.1393154752174723 9
302506.23110613186 4124127.588153731 -3.1393263083605256 9
302506.03110665805 4124127.5876950426 -3.139258995703263 9
302505.8311072296 4124127.5872171884 -3.139154873161543 9
302505.6311078374 4124127.5867239144 -3.1391077747375253 9
302505.4311084597 4124127.586224718 -3.1390725801264256 9
302505.2311091233 4124127.585709532 -3.138944846998166 9
302505.03110985475 4124127.585168226 -3.138879329615067 9
302504.83111053554 4124127.58464655 -3.1391451799432084 9
302504.6311110224 4124127.5842029573 -3.1396074575025157 9
302504.4311113222 4124127.5838535046 -3.140085900747999 9
302504.23111149226 4124127.5835923078 -3.140439053876393 9
302504.0311116113 4124127.5833726013 -3.140500519911669 9
302503.8311117475 4124127.5831447765 -3.140409165210444 9
302503.6311118925 4124127.5829004208 -3.140335623086164 9
302503.43111201766 4124127.582652775 -3.1404431612542902 9
302503.23111210467 4124127.582469614 -3.1409830701764636 9
302503.03111214173 4124127.582427953 3.141441108561118 9
302502.8311121434 4124127.582501987 3.1410764051761553 9
302502.6311121397 4124127.582606206 3.141112196164018 9
302502.43111215415 4124127.5827006777 3.1410967021094423 9
302502.23111219914 4124127.582817264 3.1408910429141597 9
302502.0311122848 4124127.5829892852 3.140587489522468 9
302501.8311124054 4124127.583211193 3.1403994202210814 9
302501.6311125479 4124127.5834583077 3.1403354122942546 9
302501.4311126993 4124127.5837086737 3.1403524036394526 9
302501.23111284804 4124127.5839519417 3.140406390639413 9
302501.03111298254 4124127.5841807127 3.140497372011085 9
302500.8311130954 4124127.584390615 3.1405786748259104 9
302500.6311131954 4124127.584590412 3.140598386003437 9
302500.43111329566 4124127.58479243 3.1405564692821635 9
302500.23111340957 4124127.585008716 3.140460200799263 9
302500.03111354774 4124127.5852466854 3.140342515389742 9
302499.8311137191 4124127.5855099307 3.1402074345035134 9
302499.63111393235 4124127.5858019325 3.1400549581367327 9
302499.4311141929 4124127.586124325 3.1399179608688157 9
302499.23111448536 4124127.586466785 3.1398553367783957 9
302499.03111478593 4124127.5868142154 3.1398682594860325 9
302498.8311150707 4124127.587151506 3.1399567289926553 9
302498.63111531903 4124127.5874655945 3.140081941850472 9
302498.43111553486 4124127.5877589863 3.1401613612543016 9
302498.2311157331 4124127.588041345 3.1401922766386376 9
302498.0311159289 4124127.588322371 3.1401746880047297 9
302497.83111613704 4124127.588611502 3.1401164399162225 9
302497.6311163629 4124127.5889121825 3.140064394778443 9
302497.4311166026 4124127.589221874 3.140026328928972 9
302497.23111685197 4124127.5895377803 3.1400022423678915 9
302497.0311171066 4124127.589857106 3.139992135095161 9
302496.8311173629 4124127.5901773525 3.139991159648155 9
302496.6311176191 4124127.590497535 3.139992739193641 9
302496.43111787457 4124127.5908171507 3.139996836800553 9
302496.2311181283 4124127.591135694 3.1400034524688913 9
302496.03111837956 4124127.5914526624 3.140012582718828 9
302495.8311186279 4124127.591767825 3.1400202711493055 9
302495.6311188746 4124127.5920819454 3.1400230069607176 9
302495.4311191212 4124127.5923960134 3.1400207901530677 9
302495.2311193692 4124127.5927110207 3.1400136207263563 9
302495.03111962037 4124127.5930279572 3.140001498680585 9
302494.83111987583 4124127.5933477213 3.139985924997063 9
302494.6311201366 4124127.5936707403 3.139968951742921 9
302494.43112040317 4124127.5939972936 3.1399505910147907 9
302494.2311206759 4124127.5943276575 3.1399308428126615 9
302494.0311209555 4124127.5946621103 3.1399097071365274 9
302493.8311212424 4124127.5950008994 3.1398877984478184 9
302493.6311215366 4124127.5953439884 3.1398667770478395 9
302493.4311218379 4124127.595691184 3.139846735390067 9
302493.23112214595 4124127.59604229 3.1398276734744885 9
302493.0311224606 4124127.5963971107 3.1398095913010913 9
302492.83112278156 4124127.5967554445 3.139792642574444 9
302492.63112310827 4124127.597116955 3.1397779794729392 9
302492.43112343986 4124127.597481146 3.1397658382420204 9
302492.23112377536 4124127.5978475125 3.1397562188816885 9
302492.03112411394 4124127.598215551 3.1397491213919424 9
302491.8311244547 4124127.598584757 3.1397444956963554 9
302491.63112479716 4124127.598954857 3.139739467616623 9
302491.43112514185 4124127.599326169 3.1397323691103747 9
302491.2311254895 4124127.5996991084 3.1397232001776114 9
302491.031125841 4124127.6000740887 3.139711960818335 9
302490.83112619707 4124127.6004515234 3.13969865103255 9
302490.6311265585 4124127.600831826 3.1396832825458403 9
302490.4311269262 4124127.601215407 3.139665877244201 9
302490.231127301 4124127.601602672 3.1396464356252882 9
302490.0311276839 4124127.6019940292 3.1396249576890813 9
302489.8311280756 4124127.6023898856 3.139601443435563 9
302489.63112847717 4124127.602790647 3.1395759371802647 9
302489.43112888944 4124127.603196686 3.1395486961531307 9
302489.2311293131 4124127.6036083424 3.1395197618136557 9
302489.031129749 4124127.604025955 3.1394891341618663 9
302488.8311301978 4124127.6044498626 3.1394568131978065 9
302488.63113066024 4124127.6048803846 3.1394238037359936 9
302488.4311311334 4124127.605316048 3.139409133298588 9
302488.23113160743 4124127.6057520877 3.1394200384077724 9
302488.0311320721 4124127.6061833883 3.1394565190638413 9
302487.8311325169 4124127.6066048355 3.1395185752673647 9
302487.6311329314 4124127.60701132 3.139605575179375 9
302487.43113331165 4124127.607400866 3.1396778972166524 9
302487.2311336702 4124127.6077797716 3.1397119838466856 9
302487.0311340226 4124127.6081556827 3.139707835070281 9
302486.83113438403 4124127.608536247 3.139665450887438 9
302486.6311347702 4124127.6089291116 3.1395849599818693 9
302486.43113519275 4124127.6093400274 3.1394924465457104 9
302486.2311356519 4124127.609768688 3.1394075130894374 9
302486.03113614535 4124127.6102135777 3.1393301596127845 9
302485.8311366712 4124127.61067318 3.1392603861151485 9
302485.6311372271 4124127.6111459783 3.1391982924631785 9
302485.431137807 4124127.611628847 3.1391661295950044 9
302485.231138392 4124127.6121134614 3.1391808447687017 9
302485.03113896033 4124127.6125904447 3.1392424379853403 9
302484.8311394905 4124127.6130504217 3.1393509092460934 9
302484.63113996084 4124127.613484019 3.13950585966757 9
302484.43114036333 4124127.6138876723 3.139627330518172 9
302484.23114073277 4124127.614276379 3.139655329230281 9
302484.0311411124 4124127.6146688336 3.139589855806694 9
302483.83114154567 4124127.6150837294 3.13943091023463 9
302483.63114207605 4124127.6155397566 3.1391792868829214 9
302483.43114272616 4124127.616046851 3.1389535262485 9
302483.2311434559 4124127.616588022 3.138838525532324 9
302483.0311442128 4124127.6171411173 3.138834284714604 9
302482.8311449446 4124127.6176839843 3.138940803792763 9
302482.6311455988 4124127.6181944725 3.1391578757380096 9
302482.43114613777 4124127.6186563615 3.1394015235644885 9
302482.23114657396 4124127.6190737314 3.1396030616232853 9
302482.03114693024 4124127.6194550046 3.1397624899179486 9
302481.8311472297 4124127.619808603 3.1398798084608903 9
302481.63114749553 4124127.6201429497 3.1399550211673377 9
302481.4311477481 4124127.6204660484 3.139994211461005 9
302481.23114799836 4124127.6207843614 3.1400028731683522 9
302481.03114825493 4124127.6211039955 3.1399810062870412 9
302480.8311485265 4124127.621431055 3.13992861081585 9
302480.6311488216 4124127.621771647 3.139845686755286 9
302480.43114914576 4124127.622129811 3.1397659725403044 9
302480.23114948743 4124127.622499027 3.1397354070596686 9
302480.0311498294 4124127.6228694147 3.139754254254355 9
302479.83115015493 4124127.623231092 3.1398225141237837 9
302479.6311504469 4124127.623574176 3.1399401866674292 9
302479.4311506901 4124127.6238894803 3.1400935183478706 9
302479.23115088406 4124127.624173696 3.140249906539118 9
302479.0311510353 4124127.6244264673 3.140407965401878 9
302478.83115115034 4124127.6246474595 3.1405676949451826 9
302478.6311512362 4124127.624836339 3.1407290951779108 9
302478.4311512994 4124127.6249928977 3.140887642902849 9
302478.23115134565 4124127.62512135 3.1410047690668743 9
302478.03115137963 4124127.6252314 3.1410716697122503 9
302477.8311514056 4124127.625333092 3.141088344838806 9
302477.6311514282 4124127.625436472 3.1410547944492246 9
302477.4311514518 4124127.625551582 3.1409714084703846 9
302477.23115147953 4124127.625683291 3.140909042670193 9
302477.0311515101 4124127.625820133 3.1409200843851632 9
302476.8311515414 4124127.625947425 3.1410045336201042 9
302476.63115157146 4124127.626050487 3.1411623903930344 9
302476.4311515984 4124127.6261146367 3.1413936547215315 9
302476.2311516199 4124127.62612647 -3.1415164039667127 9
302476.03115163656 4124127.626088298 -3.1412980744085557 9
302475.83115164976 4124127.626012996 -3.1411451049005725 9
302475.6311516614 4124127.625913636 -3.1410574954233303 9
302475.43115167296 4124127.6258032895 -3.141035245959396 9
302475.2311516862 4124127.6256950093 -3.1410768092637014 9
302475.03115170205 4124127.6255974737 -3.141131149900724 9
302474.83115171967 4124127.62550961 -3.1411735276858033 9
302474.6311517381 4124127.625429026 -3.1412039426165643 9
302474.4311517565 4124127.6253533284 -3.1412223946915456 9
302474.2311517736 4124127.625280125 -3.1412288839100673 9
302474.03115178883 4124127.6252070125 -3.141223180413127 9
302473.8311518029 4124127.625131468 -3.141204500482488 9
302473.6311518181 4124127.6250508823 -3.1411727791331203 9
302473.4311518364 4124127.6249626484 -3.1411280163646955 9
302473.2311518599 4124127.6248641578 -3.1410702121767287 9
302473.03115189075 4124127.6247528023 -3.140999418715219 9
302472.8311519306 4124127.624626832 -3.1409275057450916 9
302472.6311519791 4124127.6244872734 -3.140863540411411 9
302472.43115203583 4124127.6243357165 -3.1408075227141237 9
302472.2311521001 4124127.624173751 -3.1407594526529743 9
302472.03115217155 4124127.624002966 -3.140719330227613 9
302471.8311522494 4124127.6238249554 -3.140687359218807 9
302471.63115233264 4124127.6236416483 -3.1406670291899452 9
302471.4311524189 4124127.623455566 -3.140659599534932 9
302471.23115250573 4124127.623269287 -3.140665070253853 9
302471.03115259064 4124127.623085392 -3.1406834413467744 9
302470.8311526712 4124127.622906462 -3.1407147128137143 9
302470.6311527453 4124127.6227349145 -3.1407545698702664 9
302470.4311528131 4124127.622570336 -3.1407825197625763 9
302470.23115287715 4124127.622409891 -3.1407959118756805 9
302470.0311529402 4124127.6222506687 -3.140794746209677 9
302469.8311530047 4124127.6220897576 -3.140779022764552 9
302469.63115307334 4124127.621924246 -3.1407487415401927 9
302469.43115314865 4124127.6217514123 -3.140708404256839 9
302469.2311532306 4124127.6215710314 -3.14067440334872 9
302469.03115331795 4124127.6213846346 -3.1406482380147924 9
302468.8311534089 4124127.621193788 -3.1406299082550753 9
302468.63115350215 4124127.621000059 -3.14061941406953 9
302468.43115359615 4124127.6208050144 -3.1406167554580935 9
302468.2311536892 4124127.620610272 -3.1406229632751916 9
302468.03115378 4124127.620417916 -3.1406407299969312 9
302467.8311538667 4124127.620230283 -3.14067019594178 9
302467.6311539478 4124127.6200497127 -3.1407113611100415 9
302467.4311540215 4124127.619878546 -3.1407642255020183 9
302467.23115408636 4124127.6197191216 -3.1408287891178466 9
302467.0311541409 4124127.6195733696 -3.1408970500046074 9
302466.83115418634 4124127.61943987 -3.14095071064786 9
302466.63115422486 4124127.619315571 -3.1409890543843955 9
302466.4311542589 4124127.619197409 -3.141012081214518 9
302466.23115429084 4124127.619082321 -3.1410197911385067 9
302466.0311543228 4124127.6189672435 -3.1410121841564527 9
302465.831154357 4124127.6188494316 -3.1409956161083907 9
302465.63115439337 4124127.6187288887 -3.1409854347089565 9
302465.4311544308 4124127.6186070153 -3.1409823194149222 9
302465.2311544682 4124127.618485226 -3.140986270226315 9
302465.0311545045 4124127.618364933 -3.1409972871431098 9
302464.8311545386 4124127.61824755 -3.141015370165224 9
302464.63115456945 4124127.61813452 -3.141041087537681 9
302464.43115459656 4124127.6180275213 -3.1410757270868603 9
302464.23115462 4124127.617928347 -3.14111933821327 9
302464.03115463944 4124127.617838793 -3.1411719209172997 9
302463.83115465485 4124127.617760652 -3.141233475199282 9
302463.6311546661 4124127.617695718 -3.1413038065099395 9
302463.4311546734 4124127.617644807 -3.141370570446658 9
302463.2311546772 4124127.6176061565 -3.1414264044440627 9
302463.0311546787 4124127.617577579 -3.1414713085022465 9
302462.8311546786 4124127.6175568895 -3.1415052826214884 9
302462.6311546776 4124127.617541902 -3.14152832680209 9
302462.4311546766 4124127.617530772 -3.141546231674428 9
302462.23115467594 4124127.6175235887 -3.141567882136468 9
302462.0311546758 4124127.6175211193 3.141591932026209 9
302461.8311546763 4124127.617524133 3.141562596454347 9
302461.6311546778 4124127.617533397 3.1415295404190204 9
302461.43115468003 4124127.6175490464 3.1415008014673793 9
302461.23115468235 4124127.6175695276 3.1414812200509226 9
302461.0311546838 4124127.61759301 3.1414707961697723 9
302460.83115468343 4124127.61761766 3.141469529823824 9
302460.6311546805 4124127.617642109 3.141466167963536 9
302460.4311546779 4124127.6176715097 3.1414167139292237 9
302460.2311546808 4124127.6177158547 3.14131672062812 9
302460.0311546945 4124127.6177852517 3.1411661880556374 9
302459.83115472447 4124127.6178896665 3.1409705666440186 9
302459.6311547753 4124127.6180333043 3.140781613058585 9
302459.43115485134 4124127.618212782 3.1406121689283366 9
302459.2311549565 4124127.618424197 3.1404622342429858 9
302459.03115509497 4124127.6186636393 3.140332254851092 9
302458.8311552664 4124127.6189265996 3.1402280384504926 9
302458.6311554636 4124127.6192076486 3.1401513742476928 9
302458.4311556792 4124127.6195012745 3.1401022622438512 9
302458.2311559056 4124127.6198019898 3.140079665560225 9
302458.0311561369 4124127.620105781 3.1400689055560567 9
302457.8311563703 4124127.6204110165 3.140065224647099 9
302457.631156603 4124127.620716281 3.1400686228333368 9
302457.43115683243 4124127.6210201764 3.1400778459069576 9
302457.2311570609 4124127.6213240623 3.140062280018881 9
302457.03115730087 4124127.621634854 3.140008796742811 9
302456.83115756576 4124127.621960133 3.1399173960769384 9
302456.63115786936 4124127.622307476 3.139788815956699 9
302456.43115822016 4124127.622681434 3.1396604317278345 9
302456.23115861433 4124127.6230789567 3.1395531641958367 9
302456.03115904593 4124127.623495822 3.1394670133585616 9
302455.83115950914 4124127.623927813 3.1394013064244057 9
302455.631160002 4124127.6243728097 3.1393312142877896 9
302455.43116053205 4124127.6248335163 3.1392441984059976 9
302455.2311611076 4124127.6253133183 3.1391402587790873 9
302455.031161737 4124127.625815458 3.1390256794014486 9
302454.8311624091 4124127.6263351003 3.1389782657386696 9
302454.63116308325 4124127.6268551867 3.1390212296895488 9
302454.4311637163 4124127.6273576426 3.139154571259079 9
302454.2311642669 4124127.627825062 3.139359499395262 9
302454.0311647264 4124127.62825324 3.1395370655309014 9
302453.8311651162 4124127.6286500795 3.1396728821854993 9
302453.63116545894 4124127.6290239315 3.139766949368185 9
302453.43116577814 4124127.6293842117 3.139801592694124 9
302453.23116610403 4124127.6297460063 3.1397516323166044 9
302453.03116646886 4124127.6301262733 3.1396168789504277 9
302452.83116690064 4124127.6305397674 3.1394431727813394 9
302452.63116738526 4124127.6309800684 3.1393544352517626 9
302452.4311678853 4124127.631428929 3.139357573222956 9
302452.23116836604 4124127.631868997 3.1394365787315697 9
302452.0311688034 4124127.6322875596 3.1395725975751896 9
302451.83116917737 4124127.632673274 3.1397624123275727 9
302451.6311694804 4124127.63302116 3.1399367514199024 9
302451.4311697297 4124127.6333385445 3.1400674342795174 9
302451.23116994504 4124127.6336340406 3.140159105479569 9
302451.0311701361 4124127.633911085 3.1402592431982055 9
302450.83117029857 4124127.6341660116 3.140380282381147 9
302450.6311704278 4124127.6343952 3.1405035077333205 9
302450.4311705412 4124127.634611601 3.140490383257637 9
302450.23117068165 4124127.6348470715 3.1403128124825614 9
302450.0311708888 4124127.635131358 3.1400404473106995 9
302449.83117115573 4124127.635458975 3.139891995721598 9
302449.6311714459 4124127.635802336 3.139880760311252 9
302449.43117173057 4124127.6361405062 3.1399258391545026 9
302449.23117199977 4124127.636467862 3.139988906606562 9
302449.0311722475 4124127.636781984 3.140047835944739 9
302448.8311724833 4124127.637089188 3.1400568914485305 9
302448.6311727232 4124127.6373995855 3.140020726705474 9
302448.4311729697 4124127.6377140423 3.140033556919345 9
302448.231173201 4124127.6380178053 3.140127662000179 9
302448.031173399 4124127.6382986372 3.1402324204269423 9
302447.8311735818 4124127.6385693955 3.1402265058701446 9
302447.63117378147 4124127.638852443 3.1401121064031923 9
302447.4311740293 4124127.639167589 3.139906926997135 9
302447.2311743585 4124127.639533134 3.139599283289977 9
302447.03117484646 4124127.6399770686 3.139115468255413 9
302446.83117560955 4124127.640534962 3.1384903183626855 9
302446.6311767169 4124127.6412074496 3.1380003509712235 9
302446.4311781867 4124127.6419602414 3.1376722509585484 9
302446.23117996054 4124127.642781789 3.137274873424447 9
302446.0311818697 4124127.6436964907 3.1367328328721076 9
302445.83118442714 4124127.644783553 3.135375820213675 9
302445.63119005266 4124127.6462656083 3.132782781427373 9
302445.4312012935 4124127.6483580647 3.1294765439867973 9
302445.2312196579 4124127.6511105234 3.1261869923197585 9
302445.03124713455 4124127.654540575 3.122471391661097 9
302444.83129323175 4124127.6588669387 3.117173480835406 9
302444.6313711671 4124127.6644049506 3.1105489407904017 9
302444.4314881269 4124127.6712617157 3.104122069565322 9
302444.23164678196 4124127.679373517 3.0977231554405193 9
302444.03187594307 4124127.6890367875 3.088139291354461 9
302443.8322367694 4124127.7009964553 3.07504557092356 9
302443.63275991037 4124127.715479999 3.0637455017771034 9
302443.43342642824 4124127.7318830173 3.0556054001313346 9
302443.2342384471 4124127.7499125474 3.0466769784591925 9
302443.0352419782 4124127.7699371157 3.035573645462531 9
302442.8364985471 4124127.792368087 3.0225249344778033 9
302442.6380897266 4124127.817572392 3.0077388440862647 9
302442.44007518084 4124127.845717165 2.9932327344687453 9
302442.24247324804 4124127.8766345903 2.9796863843599892 9
302442.0452994793 4124127.9101620154 2.9667154877341146 9
302441.8485707855 4124127.9461965943 2.954307284803873 9
302441.65227593976 4124127.984526857 2.943501928351881 9
302441.4563720258 4124128.024816979 2.933907162815028 9
302441.2609062861 4124128.06717122 2.922042461162861 9
302441.06601554336 4124128.112114242 2.9073960190137225 9
302440.87187063077 4124128.1601732024 2.8900043504484683 9
302440.67864255724 4124128.211790352 2.871235199108008 9
302440.48638871295 4124128.2669420308 2.853365476058536 9
302440.29514583043 4124128.3255014326 2.8354083599932602 9
302440.1050138301 4124128.3875490963 2.817087813677884 9
302439.91592800134 4124128.452724579 2.803183641872021 9
302439.72760219884 4124128.520072467 2.7929878756859643 9
302439.54004676983 4124128.5895191645 2.7805134911182723 9
302439.3534172165 4124128.6614226056 2.7673508219491847 9
302439.16771043907 4124128.735679738 2.755248688424377 9
302438.98286986724 4124128.8120641396 2.744411801329757 9
302438.7988222991 4124128.8903401047 2.734594365155388 9
302438.6155381888 4124128.970384985 2.725155329927124 9
302438.432961936 4124129.0520313233 2.717387553082389 9
302438.25093820906 4124129.134904033 2.711353182813392 9
302438.0694375032 4124129.2189129554 2.7046976151908164 9
302437.88855479617 4124129.3042442594 2.6965786753999863 9
302437.70846027945 4124129.3912368217 2.685927240264144 9
302437.5295459682 4124129.4806224545 2.6695760584996036 9
302437.35222746443 4124129.573134819 2.652589397692515 9
302437.1763018009 4124129.668278285 2.639369426771756 9
302437.00162917626 4124129.7656924203 2.626289321453908 9
302436.8281740448 4124129.865258728 2.6154312379800344 9
302436.6556247164 4124129.9663897697 2.6071256922117887 9
302436.4841411676 4124130.069317339 2.5939467915957843 9
302436.31434097467 4124130.1750025204 2.574734778108291 9
302436.14678418176 4124130.2841989244 2.554826900244877 9
302435.980882297 4124130.3959073196 2.5440567429598198 9
302435.81609919784 4124130.509247726 2.5339649101697312 9
302435.6524824987 4124130.624268008 2.5238755783588687 9
302435.49010319286 4124130.7410346568 2.51092755212288 9
302435.3298026005 4124130.860630832 2.48975710166539 9
302435.1720464986 4124130.9835700407 2.470067315508407 9
302435.01636023883 4124131.109117766 2.457228730606683 9
302434.86194107897 4124131.236219418 2.4487321548260716 9
302434.708626969 4124131.364652197 2.4390828008718892 9
302434.55686415185 4124131.49491545 2.4248527190687024 9
302434.40717478684 4124131.6275534383 2.4082996813279043 9
302434.2594067725 4124131.7623316483 2.3970137260209436 9
302434.1129345658 4124131.8985150238 2.388232462661769 9
302433.9677836358 4124132.0361061185 2.376795613440658 9
302433.8246229891 4124132.175766899 2.3590267473947293 9
302433.6844972672 4124132.318480172 2.3340397050188058 9
302433.5483147542 4124132.464946121 2.30689935488153 9
302433.4152946106 4124132.614310754 2.291318567324865 9
302433.2847233723 4124132.7658059737 2.2712207479421553 9
302433.1577659396 4124132.9203484156 2.2457656339363687 9
302433.0347704757 4124133.0780648813 2.2209838787440397 9
302432.9154210809 4124133.238553537 2.2002226087441654 9
302432.7989938982 4124133.401171525 2.185131225790685 9
302432.6846979892 4124133.565316791 2.171334877306226 9
302432.5737197553 4124133.7316917423 2.144675874108222 9
302432.4673266972 4124133.901048095 2.1208606725238606 9
302432.3640337698 4124134.0723272753 2.1061149896875633 9
302432.2635362062 4124134.2452382483 2.08781252866924 9
302432.16616649006 4124134.419937959 2.0716432974349446 9
302432.07125249575 4124134.5959908273 2.0583845406955206 9
302431.9790628903 4124134.7734730607 2.040708500159778 9
302431.8900053246 4124134.952553363 2.024586026477273 9
302431.80366009456 4124135.1329616853 2.0086917242127647 9
302431.7207929888 4124135.3149823374 1.9872920915473316 9
302431.64144544455 4124135.4985744366 1.9713844996410572 9
302431.56465004984 4124135.683243548 1.95848603140666 9
302431.4901472462 4124135.868848015 1.9470133896186603 9
302431.4175824662 4124136.055223542 1.9365391498312832 9
302431.3474568735 4124136.2425222606 1.9215449803540043 9
302431.27951893205 4124136.4306348837 1.9146359952640233 9
302431.2134369294 4124136.619400851 1.896821024700702 9
302431.1516409788 4124136.8096139156 1.8752463901421952 9
302431.0930818551 4124137.000856556 1.8591623671477322 9
302431.0384933759 4124137.193257142 1.8353291814621089 9
302430.98816265224 4124137.3868284863 1.8154488787638587 9
302430.94184825313 4124137.581390869 1.7927963302028347 9
302430.89987039036 4124137.7769382386 1.77296443911078 9
302430.86121749453 4124137.9731703596 1.7575723322906731 9
302430.8256194066 4124138.169977241 1.7419689678931054 9
302430.7930258609 4124138.3673050385 1.7272260993014854 9
302430.763130223 4124138.5650590253 1.7149613829141725 9
302430.73545241123 4124138.763135546 1.7042407378472244 9
302430.7099236847 4124138.9614999173 1.6934512917576772 9
302430.68643899675 4124139.160116984 1.6837723742711295 9
302430.6646849401 4124139.3589308946 1.67618698862478 9
302430.6442492913 4124139.5578840054 1.6702357138877155 9
302430.6249636478 4124139.7569536366 1.6640638719151217 9
302430.6073033499 4124139.9561712146 1.6539067485137784 9
302430.5912790219 4124140.155528816 1.649881511538874 9
302430.57545164874 4124140.354902354 1.6490799440017045 9
302430.5603143782 4124140.5543268234 1.644603805069464 9
302430.5455294151 4124140.7537829746 1.644718089188021 9
302430.5318828674 4124140.9533135486 1.630520024012872 9
302430.5210145378 4124141.153019654 1.6236472261997028 9
302430.51080123556 4124141.3527590204 1.6167077624426318 9
302430.5029597298 4124141.5526029496 1.6061733828023579 9
302430.4959836902 4124141.7524872967 1.6027523410302713 9
302430.49144824466 4124141.952427582 1.5839601975873727 9
302430.48973374534 4124142.152426693 1.5773265961262146 9
302430.48873683007 4124142.3524243115 1.5734584404908445 9
302430.4888656433 4124142.552422148 1.567326188634056 9
302430.4898157085 4124142.7524214517 1.565493265052586 9
302430.4909897345 4124142.9524182924 1.5639866767781834 9
302430.492678262 4124143.152410541 1.5605866590162412 9
302430.4950168949 4124143.352397159 1.5578073005680917 9
302430.49780657137 4124143.55237804 1.5559663509134998 9
302430.5009344553 4124143.752353522 1.554377983014974 9
302430.5043164692 4124143.952324935 1.553719848556469 9
302430.50763070997 4124144.15229746 1.555062651458873 9
302430.51064819045 4124144.3522747634 1.5558842405009297 9
302430.513782001 4124144.5522500966 1.553983028956985 9
302430.51730457996 4124144.7522190562 1.5527835918070976 9
302430.52082871675 4124144.9521880774 1.5538487086623414 9
302430.52413496486 4124145.1521607637 1.5544232016411725 9
302430.527478908 4124145.352132774 1.5535411253125206 9
302430.5310073248 4124145.5521016386 1.5529228831661077 9
302430.53456533776 4124145.752070024 1.553218990470716 9
302430.5380606984 4124145.952039493 1.5532811490008176 9
302430.5416258934 4124146.152007698 1.5525208269753659 9
302430.54539430124 4124146.351972225 1.5513925347833857 9
302430.5493841198 4124146.5519324834 1.5503063098247603 9
302430.5535799647 4124146.751888472 1.5494041888134553 9
302430.5579028726 4124146.9518417562 1.5490504707638093 9
302430.56224168825 4124147.1517946934 1.5491930431770302 9
302430.5665600537 4124147.351748059 1.5491540089641769 9
302430.5709213697 4124147.5517005106 1.54876343991245 9
302430.575391809 4124147.751650604 1.5480853213548247 9
302430.58001927315 4124147.9515970913 1.5471928556366898 9
302430.5848428746 4124148.151538871 1.546193956044824 9
302430.58982299693 4124148.35147685 1.5456904009895795 9
302430.59484497237 4124148.551413839 1.545775309499477 9
302430.59982689004 4124148.7513518347 1.545904080915936 9
302430.6048364618 4124148.951289083 1.5454985418579117 9
302430.6099781596 4124149.151222914 1.5446470014082299 9
302430.6152660161 4124149.3511529844 1.5441525325957242 9
302430.6205977855 4124149.5510819433 1.5442077309234203 9
302430.6258708341 4124149.7510124478 1.544661591289978 9
302430.63105208764 4124149.950945334 1.5451076960098653 9
302430.63614717015 4124150.150880427 1.5455235844428656 9
302430.64116735524 4124150.3508174126 1.5458203212207304 9
302430.6461537427 4124150.5507552465 1.5458602263185133 9
302430.6511579828 4124150.750692628 1.545641735406372 9
302430.6562223344 4124150.95062849 1.5453227799297278 9
302430.661337167 4124151.1505630775 1.5451388486820556 9
302430.6664750516 4124151.350497081 1.5450921862816749 9
302430.67161005555 4124151.550431156 1.5451500998251873 9
302430.6767321861 4124151.750365556 1.5452159034215853 9
302430.68184100644 4124151.9503002935 1.5452832453171637 9
302430.6869362248 4124152.1502353773 1.5453512622186294 9
302430.69201905583 4124152.3501707786 1.545404084720695 9
302430.69709343906 4124152.550106395 1.5454357682144442 9
302430.70216360077 4124152.750042119 1.545446312700552 9
302430.7072336443 4124152.949977847 1.5454383105735396 9
302430.71230645775 4124153.149913503 1.5454189441332136 9
302430.7173842373 4124153.3498490327 1.5453886327215773 9
302430.72246917133 4124153.5497843805 1.545347376338649 9
302430.72756294947 4124153.7497195033 1.5453032850546706 9
302430.73266474315 4124153.949654422 1.5452672497433757 9
302430.7377729304 4124154.1495891777 1.5452393275727088 9
302430.7428858893 4124154.349523811 1.5452195185425417 9
302430.7480020569 4124154.549458363 1.5452068402676276 9
302430.7531201863 4124154.7493928643 1.5451998833375389 9
302430.7582391358 4124154.9493273445 1.5451986367415862 9
302430.7633577636 4124155.1492618327 1.545203100479777 9
302430.7684750662 4124155.349196355 1.545210366210675 9
302430.77359140525 4124155.5491309017 1.5452123564409537 9
302430.77870792116 4124155.7490654443 1.5452085973925278 9
302430.7838257633 4124155.9489999525 1.5451990890653988 9
302430.78894607536 4124156.148934398 1.5451840871975238 9
302430.79406967934 4124156.348868759 1.545166668986182 9
302430.79919691716 4124156.548803027 1.5451477356136065 9
302430.8043280919 4124156.7487371936 1.5451272870797823 9
302430.8094635065 4124156.9486712515 1.545105323384697 9
302430.81460336124 4124157.1486051953 1.5450837046097128 9
302430.81974716217 4124157.3485390376 1.545065919751529 9
302430.82489412755 4124157.548472799 1.5450520493650852 9
302430.8300434748 4124157.748406498 1.5450420934503735 9
302430.835194422 4124157.9483401566 1.5450359871090769 9
302430.8403464293 4124158.148273788 1.5450307754404191 9
302430.8454995493 4124158.34820739 1.545024857695392 9
302430.850653923 4124158.5481409603 1.545018233873998 9
302430.8558096916 4124158.748074494 1.54501090397624 9
302430.8609669765 4124158.948007989 1.5450035900310477 9
302430.86612517684 4124159.1479414613 1.5450026504980223 9
302430.8712827789 4124159.347874948 1.5450095743552004 9
302430.87643821066 4124159.547808491 1.5450243616025972 9
302430.8815898998 4124159.74774213 1.5450470122402329 9
302430.88673631614 4124159.9476759047 1.5450761573952554 9
302430.89187710715 4124160.147609825 1.5451020676964775 9
302430.89701323136 4124160.347543864 1.5451228395739425 9
302430.9021457164 4124160.5474779974 1.5451384730276716 9
302430.90727558936 4124160.7474121973 1.5451489680576906 9
302430.9124038663 4124160.947346439 1.5451546748349507 9
302430.91753128375 4124161.1472807024 1.5451578252102163 9
302430.92265828757 4124161.347214976 1.545158813849617 9
302430.92778530973 4124161.54714925 1.5451576407531509 9
302430.93291278253 4124161.7470835107 1.5451543059208177 9
302430.9380411223 4124161.9470177507 1.545149391138835 9
302430.94317015965 4124162.1469519725 1.5451480665645938 9
302430.9482989811 4124162.346886199 1.5451515515410703 9
302430.9534266249 4124162.5468204566 1.545159846068267 9
302430.9585521296 4124162.746754769 1.5451729501461886 9
302430.96367453557 4124162.9466891605 1.5451907121905966 9
302430.968793305 4124163.1466236454 1.5452082205035038 9
302430.9739088358 4124163.3465582132 1.5452231099986862 9
302430.9790216513 4124163.54649285 1.5452353806761476 9
302430.9841322754 4124163.7464275435 1.5452450325358948 9
302430.98924123147 4124163.9463622794 1.5452520655779343 9
302430.9943490164 4124164.146297045 1.5452569220195624 9
302430.9994559864 4124164.3462318312 1.5452602211725635 9
302431.0045624521 4124164.546166631 1.545261967260584 9
302431.00966872385 4124164.7461014357 1.5452621602836243 9
302431.0147751123 4124164.9460362364 1.5452608002416837 9
302431.01988189126 4124165.1459710277 1.5452588610820077 9
302431.0249887025 4124165.3459058185 1.5452608851543457 9
302431.03009465546 4124165.5458406312 1.5452674474653698 9
302431.03519884264 4124165.745775489 1.5452785480150826 9
302431.0403003568 4124165.945710414 1.5452941868034848 9
302431.0453982936 4124166.1456454317 1.5453141109120005 9
302431.05049258913 4124166.3455805415 1.5453282407409468 9
302431.05558516126 4124166.545515695 1.5453313489143325 9
302431.0606782139 4124166.745450837 1.545323435432162 9
302431.06577395054 4124166.94538591 1.5453045002944097 9
302431.07087457477 4124167.145320859 1.5452745435010495 9
302431.07598199585 4124167.3452556334 1.545239844881044 9
302431.0810951185 4124167.5451902626 1.5452184078046478 9
302431.0862110895 4124167.745124819 1.5452113514545618 9
302431.09132703376 4124167.945059377 1.5452186758307562 9
302431.096440076 4124168.1449940074 1.5452403809332709 9
302431.1015473451 4124168.3449287866 1.5452761164083848 9
302431.10664718 4124168.544863755 1.5453112852740845 9
302431.1117408081 4124168.7447988815 1.5453382038403165 9
302431.11682987906 4124168.9447341245 1.5453568721070943 9
302431.1219160423 4124169.144669442 1.5453672900744615 9
302431.1270009475 4124169.3446047907 1.5453694577424535 9
302431.1320862019 4124169.544540131 1.545364409653791 9
302431.1371728069 4124169.7444754373 1.545356263590551 9
302431.1422613076 4124169.9444106948 1.5453454459861689 9
302431.1473522382 4124170.1443458903 1.5453319568406412 9
302431.1524461329 4124170.34428101 1.5453157961539685 9
302431.1575435257 4124170.544216041 1.545296963930646 9
302431.1626446615 4124170.744150976 1.5452797959717934 9
302431.1677486318 4124170.944085839 1.5452686104660511 9
302431.1728542404 4124171.144020661 1.5452634074134075 9
302431.1779602911 4124171.343955471 1.5452641868138557 9
302431.1830655881 4124171.5438903 1.545270948667399 9
302431.18816894863 4124171.743825179 1.545283089118173 9
302431.1932699814 4124171.9437601166 1.5452929332408236 9
302431.1983695084 4124172.143695093 1.5452981528115817 9
302431.20346845407 4124172.3436300843 1.5452987478304445 9
302431.20856774313 4124172.5435650665 1.5452947182974195 9
302431.21366830013 4124172.743500017 1.5452860642125241 9
302431.2187710599 4124172.9434349122 1.545272529453917 9
302431.22387710994 4124173.1433697226 1.545253069061491 9
302431.2289876543 4124173.3433044185 1.5452275711929853 9
302431.23410390026 4124173.543238968 1.5451960358482917 9
302431.23922705464 4124173.7431733403 1.5451584630273056 9
302431.2443583247 4124173.9431075044 1.5451148527299619 9
302431.24949868926 4124174.1430414347 1.5450694916003909 9
302431.2546474341 4124174.3429751494 1.5450312575327558 9
302431.25980308355 4124174.5429086857 1.5450004225328555 9
302431.2649641584 4124174.742842084 1.5449769866006455 9
302431.2701291791 4124174.94277538 1.5449609497360486 9
302431.2752966666 4124175.142708612 1.5449523119389932 9
302431.2804655573 4124175.3426418086 1.5449444421457923 9
302431.2856367729 4124175.5425749444 1.5449290300336511 9
302431.29081182653 4124175.742507981 1.5449060498333587 9
302431.29599223123 4124175.942440878 1.5448755015448377 9
302431.3011795 4124176.1423735972 1.5448373851680421 9
302431.3063751461 4124176.3423060984 1.544791700881194 9
302431.3115802873 4124176.542238353 1.5447443456141787 9
302431.31679448666 4124176.7421703716 1.5447010878776157 9
302431.32201692514 4124176.9421021757 1.5446619276714162 9
302431.32724678336 4124177.142033786 1.5446268649954538 9
302431.3324832421 4124177.3419652237 1.544595899849583 9
302431.3377254821 4124177.5418965104 1.5445690322336576 9
302431.3429726792 4124177.741827666 1.5445463390034364 9
302431.34822398756 4124177.941758714 1.5445279051703553 9
302431.3534785556 4124178.1416896754 1.5445137307878416 9
302431.35873553174 4124178.3416205742 1.5445038158559183 9
302431.3639940644 4124178.5415514316 1.5444981603745946 9
302431.36925330193 4124178.7414822704 1.544496764343872 9
302431.3745126537 4124178.9414131073 1.5444955874786506 9
302431.3797726748 4124179.141343925 1.5444900644187547 9
302431.385034235 4124179.3412747034 1.5444801909671702 9
302431.3902982041 4124179.5412054183 1.5444659671238907 9
302431.3955654519 4124179.741136046 1.5444473928889129 9
302431.4008368481 4124179.941066565 1.544424468262244 9
302431.4061130901 4124180.1409969563 1.544400029419381 9
302431.41139397724 4124180.340927225 1.5443780242064529 9
302431.41667901806 4124180.540857384 1.54435847859886 9
302431.4219677207 4124180.740787446 1.5443413925965686 9
302431.4272595935 4124180.9407174243 1.5443267661995483 9
302431.43255414465 4124181.140647331 1.544314599407774 9
302431.4378508517 4124181.34057718 1.5443055054933388 9
302431.4431489268 4124181.540506993 1.5443009701394828 9
302431.44844744616 4124181.7404367942 1.544301059581116 9
302431.45374548546 4124181.940366608 1.5443057738182224 9
302431.45904211985 4124182.14029646 1.5443151128507417 9
302431.4643364249 4124182.3402263755 1.544329076678568 9
302431.4696275656 4124182.540156375 1.5443451192113995 9
302431.4749165143 4124182.7400864344 1.5443496233747784 9
302431.4802059172 4124182.940016481 1.5443405754448278 9
302431.48549848376 4124183.1399464426 1.5443179754212097 9
302431.4907969234 4124183.3398762457 1.5442818233031455 9
302431.49610394554 4124183.539805818 1.5442321190895394 9
302431.5014221879 4124183.7397350883 1.5441717606410517 9
302431.506750967 4124183.9396640756 1.5441315264491762 9
302431.51208495046 4124184.1395929256 1.5441196997406414 9
302431.5174184587 4124184.339521791 1.5441362805150356 9
302431.5227458124 4124184.539450827 1.5441812687694412 9
302431.5280613323 4124184.7393801888 1.5442546644980322 9
302431.5333593371 4124184.939310029 1.5443566128500068 9
302431.53863361024 4124185.139240511 1.5444936364172344 9
302431.54387663014 4124185.3391718175 1.5446692539302724 9
302431.5490806802 4124185.5391041315 1.5448834654272432 9
302431.5542380437 4124185.7390376376 1.5451362709481875 9
302431.55934100423 4124185.938972521 1.5454276705254912 9
302431.56438184495 4124186.138908965 1.545757664172591 9
302431.56935547065 4124186.338847091 1.54608644156296 9
302431.57426765707 4124186.5387867475 1.5463722407669638 9
302431.5791269983 4124186.7387277135 1.5466150558438352 9
302431.58394208836 4124186.9386697686 1.5468148868186526 9
302431.5887215212 4124187.1386126927 1.546971733725773 9
302431.5934738908 4124187.3385562655 1.5470855965977515 9
302431.5982069348 4124187.5385002866 1.5471736833897822 9
302431.60292085516 4124187.738444746 1.547278528904081 9
302431.6076119386 4124187.93838973 1.547402112921187 9
302431.61227643845 4124188.138335327 1.5475444354405854 9
302431.61691060796 4124188.338281625 1.547705496457724 9
302431.6215107006 4124188.53822871 1.5478852959625142 9
302431.62607303733 4124188.73817667 1.5480820313099535 9
302431.63059511303 4124188.9381255535 1.5482872487117276 9
302431.6350754154 4124189.1380753824 1.548499870981174 9
302431.63951246365 4124189.338026177 1.5487198981409158 9
302431.6439047768 4124189.537977957 1.5489473302123205 9
302431.6482508739 4124189.7379307416 1.5491821672151354 9
302431.6525493794 4124189.9378845496 1.5494215049685676 9
302431.65680090804 4124190.1378393583 1.549650612994304 9
302431.66100785346 4124190.3377951127 1.549867436470472 9
302431.6651726721 4124190.537751754 1.5500719753974983 9
302431.66929781996 4124190.737709224 1.5502642297799714 9
302431.6733857534 4124190.9376674653 1.5504441996257161 9
302431.67743885994 4124191.1376264216 1.5506143819762597 9
302431.68145705067 4124191.3375860834 1.550796494665335 9
302431.6854371297 4124191.537546504 1.5509955738230248 9
302431.68937570427 4124191.737507737 1.5512116194706376 9
302431.6932693814 4124191.9374698396 1.5514446316265784 9
302431.6971147683 4124192.1374328667 1.5516946103044837 9
302431.7009085179 4124192.3373968736 1.5519593019187583 9
302431.70465070714 4124192.537361852 1.5522039619581043 9
302431.7083471591 4124192.7373276874 1.5524167563628728 9
302431.71200424555 4124192.9372942573 1.5525976851363745 9
302431.7156283384 4124193.1372614373 1.5527467482906139 9
302431.71922580973 4124193.3372291047 1.5528639458407767 9
302431.7228030333 4124193.5371971345 1.5529491163480422 9
302431.7263668847 4124193.737165397 1.5529963099966733 9
302431.7299253961 4124193.937133748 1.5530025236847924 9
302431.73348676215 4124194.1371020405 1.5529677574080607 9
302431.7370591776 4124194.3370701284 1.5528920111616156 9
302431.7406508371 4124194.5370378643 1.5527752849418242 9
302431.7442699353 4124194.737005103 1.552617600638705 9
302431.7479217053 4124194.936971749 1.5524623263738964 9
302431.7516003226 4124195.136937911 1.552349083319518 9
302431.7552973824 4124195.336903739 1.5522778714708179 9
302431.7590044799 4124195.5368693857 1.5522486908217585 9
302431.76271321013 4124195.7368350048 1.5522615413687886 9
302431.7664151683 4124195.9368007476 1.5523164231123916 9
302431.7701033427 4124196.1367667415 1.552390157103335 9
302431.77377821715 4124196.336732978 1.5524491880341498 9
302431.7774427849 4124196.5366994017 1.5524932407756158 9
302431.7811000411 4124196.7366659595 1.5525223153270464 9
302431.784752981 4124196.936632596 1.5525364116881994 9
302431.78840459965 4124197.1365992576 1.5525355298590815 9
302431.7920578112 4124197.3365658913 1.5525213939299267 9
302431.79571470735 4124197.5365324575 1.5524989213188654 9
302431.7993769006 4124197.7364989263 1.552468414894085 9
302431.8030459973 4124197.936465269 1.5524298746553462 9
302431.806723604 4124198.136431454 1.5523833006023893 9
302431.81041132705 4124198.3363974527 1.552328692735009 9
302431.81411074445 4124198.5363632347 1.5522672633848764 9
302431.81782195275 4124198.736328798 1.5522130473237956 9
302431.8215428805 4124198.936294181 1.5521700512000212 9
302431.82527128427 4124199.136259426 1.552138275013495 9
302431.82900492044 4124199.336224573 1.5521177187640438 9
302431.8327415452 4124199.5361896656 1.5521083824514992 9
302431.8364789154 4124199.7361547444 1.5521102194688752 9
302431.84021555935 4124199.936119836 1.5521125378334577 9
302431.84395250917 4124200.1360849217 1.5521071613888855 9
302431.84769130335 4124200.3360499726 1.5520940901351097 9
302431.8514334806 4124200.5360149597 1.5520733240720772 9
302431.85518057976 4124200.7359798546 1.5520448631997552 9
302431.85893413937 4124200.9359446275 1.5520087075181668 9
302431.86269555986 4124201.1359092533 1.5519677627966584 9
302431.8664648829 4124201.3358737305 1.5519300432764662 9
302431.87024137966 4124201.5358380727 1.5518960129340378 9
302431.8740243125 4124201.7358022933 1.5518656717692951 9
302431.87781294354 4124201.9357664064 1.5518390197821454 9
302431.8816065352 4124202.1357304254 1.551816056972494 9
302431.88540435 4124202.3356943643 1.5517967706881926 9
302431.88920567185 4124202.5356582366 1.5517809369881121 9
302431.8930098229 4124202.7356220544 1.5517684736201969 9
302431.8968161292 4124202.9355858313 1.5517593805844698 9
302431.9006239168 4124203.1355495797 1.5517536578809434 9
302431.9044325117 4124203.335513313 1.551751305509624 9
302431.9082412402 4124203.535477043 1.5517523234705128 9
302431.91204953764 4124203.7354407823 1.5517548282515177 9
302431.91585748317 4124203.9354045275 1.5517558086522723 9
302431.91966538894 4124204.1353682736 1.5517552253654545 9
302431.92347356776 4124204.335332015 1.5517530783910651 9
302431.9272823322 4124204.535295745 1.5517493677291037 9
302431.9310919949 4124204.7352594584 1.5517440933795692 9
302431.9349028663 4124204.9352231477 1.5517373567332722 9
302431.938715133 4124205.135186811 1.5517303278236692 9
302431.94252880116 4124205.335150448 1.551723339961072 9
302431.94634386245 4124205.5351140574 1.5517163931454814 9
302431.9501603088 4124205.735077641 1.551709487376898 9
302431.95397813193 4124205.9350411985 1.5517026226553223 9
302431.95779732364 4124206.1350047295 1.5516957989807554 9
302431.96161776816 4124206.3349682367 1.5516908680506458 9
302431.9654387151 4124206.534931734 1.5516908103569467 9
302431.96925918234 4124206.7348952414 1.55169566591183 9
302431.97307818744 4124206.934858776 1.551705434715301 9
302431.9768947478 4124207.134822357 1.5517201167673673 9
302431.98070788116 4124207.334786004 1.5517397120680314 9
302431.98451663944 4124207.534749734 1.5517631023375096 9
302431.9883210251 4124207.7347135474 1.5517824813810797 9
302431.9921220868 4124207.934677424 1.5517963465189306 9
302431.9959209274 4124208.1346413433 1.5518046977510829 9
302431.9997186494 4124208.3346052836 1.5518075350775478 9
302432.00351635524 4124208.5345692234 1.5518048584983215 9
302432.00731514755 4124208.734533143 1.5517966706345052 9
302432.01111588697 4124208.9344970253 1.5517864958416783 9
302432.01491854386 4124209.1344608706 1.551777491941364 9
302432.0187228842 4124209.3344246848 1.551769658933595 9
302432.02252867376 4124209.534388471 1.5517629968183946 9
302432.02633567847 4124209.7343522348 1.5517575055957769 9
302432.03014366416 4124209.9343159804 1.5517531852657487 9
302432.0339525597 4124210.1342797102 1.551746397244642 9
302432.03776415315 4124210.3342433893 1.5517255209775458 9
302432.0415814166 4124210.5342069594 1.551689687415947 9
302432.045407341 4124210.734170363 1.55163889655925 9
302432.04924491694 4124210.934133542 1.551573148406811 9
302432.0530971357 4124211.134096437 1.5514924429582764 9
302432.0569667195 4124211.334058997 1.551403179640967 9
302432.0608528041 4124211.5340212383 1.5513290817919172 9
302432.06475196645 4124211.733983226 1.5512723755987134 9
302432.0686607292 4124211.9339450276 1.551233061060754 9
302432.07257561444 4124212.133906711 1.5512111381773723 9
302432.07649314514 4124212.3338683415 1.5512065332458436 9
302432.0804105177 4124212.533829974 1.5512102370017806 9
302432.08432694135 4124212.7337916247 1.5512160234765389 9
302432.08824199974 4124212.933753302 1.5512238926701163 9
302432.0921552764 4124213.133715013 1.551233844582493 9
302432.09606635565 4124213.3336767675 1.5512457785875784 9
302432.0999753406 4124213.533638563 1.551253108426996 9
302432.1038837163 4124213.733600371 1.5512518736275687 9
302432.10779319506 4124213.933562157 1.551242074189323 9
302432.1117054897 4124214.1335238884 1.5512237101122768 9
302432.1156224486 4124214.3334855293 1.551193174728247 9
302432.1195482623 4124214.5334469955 1.5511336308395487 9
302432.12348909595 4124214.7334081666 1.551042944610148 9
302432.12745117705 4124214.933368919 1.550921116041566 9
302432.13144073565 4124215.13332913 1.550768037681955 9
302432.1354641132 4124215.333288666 1.5505827126965928 9
302432.1395277965 4124215.5332473833 1.5503648980593911 9
302432.14363828173 4124215.733205138 1.550114593746745 9
302432.1477994265 4124215.93316184 1.5498810177349143 9
302432.15199585806 4124216.133117809 1.54976418240959 9
302432.1562036891 4124216.3330735452 1.549766999265104 9
302432.16039911547 4124216.533029546 1.549887375970324 9
302432.1645590548 4124216.7329862807 1.5501219012190255 9
302432.168661054 4124216.9329442037 1.5504536047347006 9
302432.17270639207 4124217.132903286 1.5506473557974843 9
302432.17673431523 4124217.332862726 1.5506277912248607 9
302432.1807832972 4124217.532821739 1.550471374844523 9
302432.18486284843 4124217.7327801283 1.5503252674639727 9
302432.1889701915 4124217.932737948 1.550194243641896 9
302432.1931011306 4124218.1326952814 1.550091415148784 9
302432.1972494312 4124218.3326522573 1.5500205923396733 9
302432.201406772 4124218.5326090446 1.5500133414055002 9
302432.2055548494 4124218.7325660232 1.5501135144833857 9
302432.20967254223 4124218.932523631 1.5503093450102545 9
302432.21374758985 4124219.132482114 1.550532852436207 9
302432.21777624305 4124219.332441537 1.5507729950860447 9
302432.2217649573 4124219.5324017624 1.550890896128011 9
302432.22575347725 4124219.7323619886 1.5507749374847617 9
302432.2297873381 4124219.932321297 1.5504678863030912 9
302432.23387196235 4124220.1322795823 1.5503136201769787 9
302432.23796467687 4124220.332237706 1.5503869678124336 9
302432.24202829547 4124220.532196421 1.550544502819474 9
302432.2460748527 4124220.7321554804 1.5505547446509553 9
302432.25013343384 4124220.932114292 1.5504450567398784 9
302432.25420818734 4124221.132072776 1.5504169931016238 9
302432.25827679277 4124221.3320313958 1.5505000258413348 9
302432.26234060206 4124221.5319901197 1.5503941997703268 9
302432.26646007394 4124221.7319476726 1.5499457918830584 9
302432.27067308186 4124221.9319032687 1.5495781899533403 9
302432.27492093685 4124222.131858192 1.54959044535676 9
302432.2791867036 4124222.3318127645 1.549180520272198 9
302432.283630547 4124222.5317633157 1.5478353292866036 9
302432.28834151605 4124222.7317078016 1.5468063885867283 9
302432.2931610254 4124222.931649811 1.5467172762836063 9
302432.29797189514 4124223.13159197 1.54671968065979 9
302432.3028076189 4124223.331533437 1.5464753228982542 9
302432.3076864146 4124223.5314738234 1.5463895903843081 9
302432.3125433192 4124223.7314149193 1.546694342374495 9
302432.317341031 4124223.9313577428 1.5466838342916192 9
302432.32228642964 4124224.131296646 1.5452017631427362 9
302432.3276665485 4124224.3312237905 1.5425663786058699 9
302432.333484658 4124224.53113911 1.5411075695333587 9
302432.3394321737 4124224.7310510753 1.541262689716106 9
302432.3453126146 4124224.9309648923 1.5412779665644427 9
302432.3513334424 4124225.130874085 1.5398580658350665 9
302432.35774071637 4124225.3307711454 1.5378164958736433 9
302432.36442905414 4124225.530659422 1.5371188663748783 9
302432.37112576916 4124225.7305474225 1.53751166512187 9
302432.37780003186 4124225.930435995 1.537155271945317 9
302432.3846473222 4124226.130318786 1.5357911172429368 9
302432.3918598417 4124226.330188789 1.5335103027166173 9
302432.39961556054 4124226.5300386343 1.5303967487466281 9
302432.4080512646 4124226.7298608692 1.5267256856268974 9
302432.41717886564 4124226.929652497 1.5242683960947734 9
302432.4263420374 4124227.129442402 1.5263922883727166 9
302432.4350535534 4124227.329252641 1.5271709586278397 9
302432.44411527575 4124227.5290471716 1.5234106509800747 9
302432.4539562365 4124227.7288051913 1.5199131956558718 9
302432.4643868854 4124227.928532915 1.5175108803336939 9
302432.4751924588 4124228.1282412577 1.5159573111748936 9
302432.48648240085 4124228.3279225896 1.5121514572607424 9
302432.4987955065 4124228.5275429348 1.50631202561444 9
302432.51215742127 4124228.7270967686 1.5018253540878557 9
302432.52631677676 4124228.9265948692 1.498052531256613 9
302432.5412393959 4124229.126038432 1.4939541127215457 9
302432.55721932463 4124229.3253992638 1.4871303270305827 9
302432.57471101696 4124229.524632068 1.480020554968953 9
302432.593179757 4124229.7237790567 1.4772424149304322 9
302432.6121451227 4124229.922877987 1.473939769921499 9
302432.6320375944 4124230.1218863404 1.468121212254284 9
302432.65320844844 4124230.3207633034 1.4612139475922763 9
302432.67577506625 4124230.5194863696 1.4544451906291878 9
302432.699566874 4124230.718067001 1.4486686035993754 9
302432.72461738286 4124230.9164923565 1.4414225707083168 9
302432.7513033808 4124231.1147057638 1.4321926873209954 9
302432.779996054 4124231.312635757 1.421460961131112 9
302432.81066513795 4124231.5102722966 1.4126794937311726 9
302432.8432195653 4124231.7076088814 1.4003313340484946 9
302432.8789607201 4124231.9043839215 1.3826967432320822 9
302432.91743570304 4124232.100656836 1.3720031831982347 9
302432.9588679965 4124232.296314715 1.3495385931312942 9
302433.00527531985 4124232.490859962 1.3248348276132473 9
302433.05594771734 4124232.684335073 1.3047726455544317 9
302433.11046788516 4124232.8767676163 1.283197357722666 9
302433.16997703695 4124233.067700341 1.2546499816229182 9
302433.23404223984 4124233.2571762274 1.2360216843219582 9
302433.3020826986 4124233.4452414187 1.2087977831320922 9
302433.3754125767 4124233.6313148015 1.1846639996836321 9
302433.4520291865 4124233.8160719643 1.1702108699971772 9
302433.531777824 4124233.999477585 1.1504513536129908 9
302433.61492141784 4124234.181380847 1.1350402474007946 9
302433.70020707767 4124234.3622892024 1.126024412166952 9
302433.78687188844 4124234.5425363784 1.1195675058348296 9
302433.87467969634 4124234.722231396 1.1126320748788534 9
302433.96390009986 4124234.901227673 1.1041651317212866 9
302434.054490569 4124235.0795357954 1.0977377456656918 9
302434.1460278418 4124235.2573589655 1.0930436445927034 9
302434.23844223813 4124235.4347282182 1.0877819459756182 9
302434.3319536754 4124235.6115243416 1.0800279641605477 9
302434.4272233707 4124235.7873745863 1.0680131233658634 9
302434.52461764665 4124235.962060208 1.0568344481421723 9
302434.62373744004 4124236.1357734646 1.047661209931017 9
302434.7245831486 4124236.3084889203 1.0365634660173368 9
302434.8276483257 4124236.4798944453 1.0212384573926894 9
302434.93383228785 4124236.649377525 1.0006843830881067 9
302435.04332178313 4124236.8167527295 0.9831049771635832 9
302435.1553980428 4124236.9824024406 0.9691533171024277 9
302435.269624324 4124237.1465775357 0.956607189983308 9
302435.3861528721 4124237.309124397 0.9401713267171248 9
302435.5055650729 4124237.4695660104 0.922095203454534 9
302435.62770891417 4124237.62794056 0.9058366815055676 9
302435.75231117517 4124237.78438578 0.8907868787184732 9
302435.8791746205 4124237.9390019095 0.8767031127092976 9
302436.0081535692 4124238.0918638767 0.8629779433472247 9
302436.1394203254 4124238.2427624417 0.8460988764316039 9
302436.2734181601 4124238.391239068 0.8275052201306565 9
302436.40994924365 4124238.537393504 0.8118674284588207 9
302436.548525316 4124238.6816043532 0.799278160926189 9
302436.6887234884 4124238.8242503786 0.7885407456655886 9
302436.83077458636 4124238.9650437837 0.7722095945148647 9
302436.97550225083 4124239.1030790373 0.751323860887492 9
302437.122994009 4124239.238172727 0.732113532639999 9
302437.27301602904 4124239.37044735 0.7127771582539731 9
302437.425684289 4124239.499646433 0.6918346237008072 9
302437.5809397082 4124239.625733672 0.6728038959475242 9
302437.738483158 4124239.7489543227 0.6541864387500752 9
302437.8984711094 4124239.8689659047 0.6329642570311909 9
302438.0607642994 4124239.9858543416 0.6164966132187768 9
302438.2248133041 4124240.100267292 0.6003120924617156 9
302438.3910336894 4124240.2114828946 0.5792847847556953 9
302438.5593159316 4124240.3195760166 0.563438848025371 9
302438.72936670086 4124240.4248515833 0.5438813828287509 9
302438.90168283874 4124240.526376106 0.5215961559631731 9
302439.07606933196 4124240.6243131873 0.5016644527239531 9
302439.25244025915 4124240.7186115663 0.4805481908184992 9
302439.43056643807 4124240.8095692694 0.4645609625139326 9
302439.61024288414 4124240.897412752 0.44291046924076244 9
302439.79199641413 4124240.9808732783 0.419658032963489 9
302439.9752916093 4124241.060906506 0.4043153699680175 9
302440.1596995495 4124241.1383244153 0.39089059724833725 9
302440.3450604492 4124241.213437571 0.37949552199622383 9
302440.5311879155 4124241.286629837 0.370034690216423 9
302440.7179610619 4124241.3581581144 0.36159718771200333 9
302440.90533096413 4124241.4281100766 0.3528124922653628 9
302441.09334582026 4124241.496302487 0.34311981415817133 9
302441.2819589328 4124241.5628272947 0.33549960916518135 9
302441.4710060971 4124241.628114918 0.32931002686648586 9
302441.6605227045 4124241.692017555 0.3206681982774178 9
302441.85064628505 4124241.7540909513 0.310587197259037 9
302442.0413668795 4124241.8143141577 0.3012575118685264 9
302442.2326394669 4124241.8727590227 0.29165419239526585 9
302442.4244927571 4124241.9292602926 0.2810786359274689 9
302442.61691691395 4124241.9837901597 0.271477801338941 9
302442.8098199452 4124242.0366051067 0.2629474715215763 9
302443.00318969286 4124242.087677437 0.2532619914956824 9
302443.19706675084 4124242.136791207 0.24301119731294193 9
302443.3914280325 4124242.183952885 0.2331691974220495 9
302443.5862289945 4124242.2292626253 0.22402397572097937 9
302443.7814287737 4124242.2728252183 0.2148656505089401 9
302443.97705450165 4124242.314428938 0.203942461199095 9
302444.17315017467 4124242.353762149 0.1918099844846783 9
302444.36972595635 4124242.390625436 0.1788302349675665 9
302444.5667715537 4124242.42487672 0.16541402994195617 9
302444.76422894036 4124242.456673847 0.1545098971916099 9
302444.9619977575 4124242.4864842477 0.14393976521165394 9
302445.1601291713 4124242.513750488 0.12935968294270936 9
302445.3586257672 4124242.538247343 0.11671730923393166 9
302445.5573979495 4124242.5603821385 0.10500222448091613 9
302445.7564170086 4124242.5801703115 0.09340919365334235 9
302445.95563944936 4124242.5977947977 0.08347096327549947 9
302446.155003584 4124242.613734666 0.07659128923990352 9
302446.35445818014 4124242.6284967912 0.07131957681497665 9
302446.55399172334 4124242.642153315 0.0648214658064484 9
302446.75362063636 4124242.654326532 0.05757867062911339 9
302446.9533137061 4124242.6654095156 0.053370913965551464 9
302447.1530557967 4124242.675568375 0.04791522509617409 9
302447.35286074475 4124242.684390853 0.04014371613115958 9
302447.55271744326 4124242.6919708853 0.03682579844760544 9
302447.75259179645 4124242.699058127 0.033158382107052506 9
302447.95249949483 4124242.7051308164 0.028117194280353294 9
302448.1524278368 4124242.710495112 0.025767605053852616 9
302448.3523652119 4124242.7154955105 0.02437276018316402 9
302448.5523078095 4124242.720288281 0.023668151765607937 9
302448.7522527885 4124242.7249803753 0.02321461986490728 9
302448.95220041944 4124242.7295561475 0.02253206975297166 9
302449.1521502792 4124242.7340345443 0.022401275699916443 9
302449.3520987892 4124242.738572247 0.02305732756538282 9
302449.5520447095 4124242.74322332 0.023333179216396428 9
302449.7519910584 4124242.747855104 0.022877870397082056 9
302449.9519400908 4124242.752368831 0.02229347997085372 9
302450.1518913909 4124242.75678385 0.021890532092789395 9
302450.3518443908 4124242.7611246724 0.021451651754858397 9
302450.5518001627 4124242.765332174 0.02054687303627151 9
302450.7517604572 4124242.769312657 0.01923204096934173 9
302450.95172548894 4124242.773051392 0.018246182868360692 9
302451.15169328416 4124242.7766462 0.017792517702271242 9
302451.3516619223 4124242.780192249 0.01765312387731602 9
302451.5516312538 4124242.7836944116 0.017337904305819545 9
302451.7516019811 4124242.7871141164 0.0168290865557323 9
302451.95157463313 4124242.790421377 0.01624780394149176 9
302452.1515491762 4124242.7936140606 0.015683152128205466 9
302452.3515254682 4124242.7966953935 0.015131746324369392 9
302452.55150343204 4124242.7996654017 0.014566030357261886 9
302452.7514830694 4124242.8025202416 0.013979945480743236 9
302452.9514643809 4124242.8052560496 0.013377924223919077 9
302453.1514473134 4124242.807871057 0.0127724390278484 9
302453.35143178236 4124242.810364706 0.012164238968369863 9
302453.55141766835 4124242.8127401187 0.011617936788338131 9
302453.7514046368 4124242.815023459 0.011245226880066819 9
302453.95139226905 4124242.817249818 0.01104807782577691 9
302454.1513801453 4124242.819454553 0.011030744948449517 9
302454.3513678367 4124242.82167447 0.011199991489356674 9
302454.55135491106 4124242.8239468997 0.011555903667476197 9
302454.7513409855 4124242.8263049806 0.012003435142717284 9
302454.95132625534 4124242.8287322023 0.012228087229599548 9
302455.1513112946 4124242.8311795765 0.012204968325754996 9
302455.3512966835 4124242.833597597 0.011938331582656385 9
302455.5512827982 4124242.835954063 0.011641758487418413 9
302455.7512695048 4124242.8382601487 0.011434495509704493 9
302455.9512565906 4124242.8405337157 0.011316542641950348 9
302456.1512438439 4124242.842792532 0.01128381232701405 9
302456.3512311193 4124242.84504893 0.01128329420656975 9
302456.5512183734 4124242.847306816 0.011298701924037423 9
302456.7512055722 4124242.849569376 0.011330035479866395 9
302456.9511926811 4124242.851839792 0.011377015028397244 9
302457.151179683 4124242.8541197004 0.01141984586792412 9
302457.3511666074 4124242.8564065453 0.01144638636722206 9
302457.5511534915 4124242.8586970693 0.011456636526670946 9
302457.7511403725 4124242.860988014 0.011450596346701645 9
302457.95112728217 4124242.863276581 0.011438791098180558 9
302458.1511141874 4124242.8655655514 0.011456880768791016 9
302458.35110101156 4124242.8678614213 0.011507793596416462 9
302458.5510876776 4124242.870170755 0.011591529583450543 9
302458.7510741079 4124242.872500117 0.011708088732070058 9
302458.9510602571 4124242.8748533837 0.011813195055155662 9
302459.15104624623 4124242.877220358 0.011844776934938388 9
302459.35103225074 4124242.879586254 0.011802408482343985 9
302459.551018446 4124242.881936282 0.01168608970171037 9
302459.7510050073 4124242.8842556537 0.011495820606881759 9
302459.9509920932 4124242.886530724 0.011250999189661822 9
302460.15097976517 4124242.888754332 0.010981479936343517 9
302460.35096805095 4124242.8909216034 0.010687593160284064 9
302460.55095697806 4124242.8930276637 0.010369338798239326 9
302460.7509465742 4124242.8950676406 0.010026716796520535 9
302460.95093685784 4124242.897037697 0.009681718829172724 9
302461.1509277569 4124242.898944417 0.009396327496231522 9
302461.35091914696 4124242.9008003953 0.009174278440216248 9
302461.5509109029 4124242.9026182997 0.009015571645668713 9
302461.75090289983 4124242.904410798 0.008920207085076886 9
302461.9508950147 4124242.906190337 0.008879873942901604 9
302462.15088720404 4124242.9079607404 0.008817611084184102 9
302462.350879528 4124242.909714625 0.008714682226314009 9
302462.55087205337 4124242.9114438584 0.008571087357727797 9
302462.7508648473 4124242.9131403067 0.008386826469844805 9
302462.9508579767 4124242.9147958383 0.008161907164919721 9
302463.15085149143 4124242.916404307 0.00792564200883797 9
302463.3508453766 4124242.9179671374 0.007705507979555165 9
302463.55083960184 4124242.919487555 0.007501505078738521 9
302463.7508341367 4124242.920968787 0.007313633302013676 9
302463.95082895074 4124242.922414058 0.007141892640556275 9
302464.1508240173 4124242.9238259397 0.006971440544182131 9
302464.35081935296 4124242.925199264 0.0067533199715810914 9
302464.55081500276 4124242.926523813 0.006483675361625392 9
302464.75081101217 4124242.9277892816 0.006162506648243139 9
302464.95080742665 4124242.9289853657 0.005789813787015626 9
302465.1508042909 4124242.9301019236 0.005374243458325081 9
302465.35080157354 4124242.9311431595 0.005064849815182907 9
302465.55079910986 4124242.9321385324 0.0049156184158238945 9
302465.75079672143 4124242.933120076 0.004926549199561973 9
302465.95079423 4124242.9341198215 0.005097642176487485 9
302466.15079145704 4124242.9351698016 0.005428875308635412 9
302466.3507882694 4124242.9362939354 0.005800280804695835 9
302466.5507847069 4124242.937485005 0.006098252466158236 9
302466.7507808509 4124242.938728325 0.006322790284475725 9
302466.95077678276 4124242.9400092093 0.006473894295219435 9
302467.1507725839 4124242.9413129697 0.006551564541752748 9
302467.35076831334 4124242.942628289 0.006613348819817299 9
302467.55076389987 4124242.9439633433 0.006749943771131966 9
302467.75075922586 4124242.945333308 0.006962463951427914 9
302467.95075417333 4124242.9467533673 0.007250909413539357 9
302468.1507486246 4124242.9482387076 0.007615280178491407 9
302468.350742477 4124242.949802429 0.008015734091375067 9
302468.55073574645 4124242.95144143 0.008365509046534353 9
302468.7507285043 4124242.953145013 0.008661582255118368 9
302468.95072082244 4124242.9549024403 0.008903953773131607 9
302469.15071277233 4124242.956702969 0.009092623669727769 9
302469.35070441884 4124242.958536686 0.009246537677921354 9
302469.55069574236 4124242.9604037404 0.009430107956973926 9
302469.7506866666 4124242.962311005 0.009648652141255955 9
302469.95067711425 4124242.964265473 0.009902170254499063 9
302470.15066700825 4124242.96627414 0.010190662307054787 9
302470.3506562749 4124242.968343651 0.010504703139771579 9
302470.5506449055 4124242.97047436 0.010798384124449119 9
302470.750632948 4124242.9726611553 0.011065589835692046 9
302470.95062045223 4124242.974898741 0.011306320275710892 9
302471.15060746786 4124242.977181823 0.011520575460279353 9
302471.35059404024 4124242.979505431 0.011718795010342566 9
302471.5505800988 4124242.981873361 0.011972568922811747 9
302471.75056544575 4124242.9842989533 0.012295456808545971 9
302471.95054987737 4124242.986796028 0.012687458801558756 9
302472.1505331899 4124242.9893784076 0.013148574998550674 9
302472.3505151823 4124242.9920596885 0.013667413391431111 9
302472.55049590353 4124242.9948354014 0.014058439011658846 9
302472.75047583104 4124242.997670016 0.014256490872659493 9
302472.95045548456 4124243.0005249414 0.014261569093669763 9
302473.1504353839 4124243.0033615865 0.014073673677621072 9
302473.3504160488 4124243.0061413613 0.013692804505467176 9
302473.5503978795 4124243.008834574 0.013259523223797351 9
302473.75038071943 4124243.011452915 0.01294439643043146 9
302473.95036425075 4124243.01402009 0.012747814093111622 9
302474.1503481555 4124243.0165598053 0.012669776147139584 9
302474.3503321159 4124243.019095768 0.012710282548612478 9
302474.5503158183 4124243.0216513393 0.012857427948041076 9
302474.7502990961 4124243.0242388877 0.013017621425301346 9
302474.95028195623 4124243.026857779 0.013170877643023549 9
302475.1502644155 4124243.029506624 0.013317196596149715 9
302475.35024649085 4124243.0321840374 0.0134565782811985 9
302475.550228199 4124243.0348886303 0.01358902269605417 9
302475.7502095644 4124243.037618483 0.01370550809578483 9
302475.95019065327 4124243.0403686715 0.013792269839832772 9
302476.1501715466 4124243.0431332253 0.013849161560275327 9
302476.3501523255 4124243.0459061684 0.013876183258933389 9
302476.5501330709 4124243.048681529 0.01387333493683349 9
302476.7501138633 4124243.0514533524 0.013841859729185568 9
302476.95009474515 4124243.054218552 0.013813984500814457 9
302477.15007567825 4124243.0569799556 0.0138038952854865 9
302477.35005661513 4124243.0597411203 0.013811592083514977 9
302477.5500375081 4124243.0625056024 0.013837074894426477 9
302477.7500183093 4124243.0652769594 0.013880343716887789 9
302477.94999897067 4124243.068058773 0.013942204024815346 9
302478.14997943095 4124243.0708552846 0.014027962299550173 9
302478.34995961474 4124243.073671432 0.01413858689325796 9
302478.5499394464 4124243.0765121887 0.014274077813784794 9
302478.7499188498 4124243.0793825267 0.014434435068551452 9
302478.94989774906 4124243.0822874196 0.014619658662040678 9
302479.1498760756 4124243.0852313573 0.014816360527778967 9
302479.3498538978 4124243.0882095858 0.014955879159351492 9
302479.5498314081 4124243.091209028 0.01502851747343413 9
302479.74980880297 4124243.0942163086 0.01503427547663976 9
302479.9497862791 4124243.0972180534 0.014973153169542744 9
302480.14976403315 4124243.100200888 0.01484515054590616 9
302480.3497422504 4124243.1031522215 0.014669653983629407 9
302480.54972094775 4124243.1060708784 0.014524331437096416 9
302480.749700016 4124243.1089643026 0.014417296828847351 9
302480.94967934245 4124243.11184015 0.01434855015616785 9
302481.1496588144 4124243.1147060776 0.014318091415073642 9
302481.34963831934 4124243.1175697437 0.014325920603333651 9
302481.5496177504 4124243.120438407 0.014362681552541287 9
302481.74959707714 4124243.12331414 0.01439424415973459 9
302481.94957632304 4124243.1261953507 0.014417478927182491 9
302482.14955551253 4124243.1290803766 0.014432385854456078 9
302482.34953467036 4124243.13196755 0.014438964941298342 9
302482.5495138209 4124243.1348552066 0.014437216187593142 9
302482.74949299044 4124243.137741558 0.0144245207480502 9
302482.94947222306 4124243.140623561 0.014393353197728564 9
302483.149451573 4124243.1434974377 0.014343243743098859 9
302483.3494310946 4124243.1463593994 0.014274192384666595 9
302483.54941084265 4124243.149205658 0.01418619912385651 9
302483.74939087144 4124243.152032426 0.014079263963756113 9
302483.94937123475 4124243.154835927 0.013953652577152009 9
302484.1493519778 4124243.157612526 0.01381028245926751 9
302484.3493331399 4124243.160358686 0.013649231175047268 9
302484.54931476025 4124243.163070871 0.013470498709552648 9
302484.74929687823 4124243.165745544 0.013274085049207147 9
302484.9492795328 4124243.1683791704 0.013059990183471872 9
302485.14926275826 4124243.170968647 0.012836941144382732 9
302485.3492465418 4124243.173514697 0.012626513169234646 9
302485.54923084634 4124243.176020026 0.012429710842507739 9
302485.74921563524 4124243.1784873614 0.012246534168977665 9
302485.9492008711 4124243.1809194265 0.012076983148808314 9
302486.1491865171 4124243.183318946 0.01192105777857281 9
302486.3491725507 4124243.1856871815 0.011754479160674514 9
302486.54915902787 4124243.188017586 0.011542461822943136 9
302486.74914603046 4124243.1903010183 0.011284735940822313 9
302486.9491336405 4124243.192528338 0.010981301448486963 9
302487.1491219398 4124243.194690403 0.010632158294642084 9
302487.3491110099 4124243.1967781098 0.010239940918856567 9
302487.5491008644 4124243.1987892827 0.009884511409006525 9
302487.7490913685 4124243.2007368007 0.009603350137173785 9
302487.9490823685 4124243.202635515 0.009396457085811582 9
302488.1490737102 4124243.20450028 0.009263832207507707 9
302488.3490652397 4124243.2063459465 0.009205475459219013 9
302488.54905680753 4124243.2081869193 0.00920763053531703 9
302488.7490483714 4124243.210026785 0.009184610821171602 9
302488.94903999905 4124243.2118580467 0.009121597211318824 9
302489.1490317633 4124243.2136727064 0.009018589697012294 9
302489.34902373684 4124243.215462767 0.008875588272859702 9
302489.5490159924 4124243.2172202286 0.008692592941765335 9
302489.74900858867 4124243.2189386496 0.008495247221428737 9
302489.94900151034 4124243.220619745 0.008319549232434402 9
302490.14899471815 4124243.2222678913 0.00816574788197441 9
302490.34898817283 4124243.2238874678 0.008033843165843902 9
302490.5489818351 4124243.2254828536 0.00792383507676541 9
302490.7489756657 4124243.2270583883 0.00783339354585018 9
302490.94896965707 4124243.228613947 0.0077144027748198936 9
302491.1489638604 4124243.230140943 0.007547762059471418 9
302491.348958334 4124243.231629847 0.007333471364055909 9
302491.5489531358 4124243.233071129 0.007071530654255513 9
302491.7489483237 4124243.2344552586 0.006761939911780832 9
302491.9489439464 4124243.235774184 0.006435262112592777 9
302492.1489399619 4124243.2370338375 0.006172787312523662 9
302492.34893627866 4124243.238247857 0.005978906166100172 9
302492.5489328044 4124243.2394299586 0.005853618644886648 9
302492.748929447 4124243.2405938637 0.005796924718780479 9
302492.9489261142 4124243.2417532834 0.0058081355508937645 9
302493.1489227434 4124243.2429174394 0.005828827257489315 9
302493.34891935455 4124243.2440829384 0.0058215742240234555 9
302493.54891598196 4124243.2452441924 0.0057863764467838245 9
302493.74891265994 4124243.246395613 0.005723233923833199 9
302493.9489094228 4124243.2475316105 0.005632146655833897 9
302494.14890630357 4124243.2486468554 0.005520293436388782 9
302494.3489033051 4124243.2497409745 0.0054244965106811935 9
302494.5489004038 4124243.2508180602 0.005349957142213497 9
302494.748897575 4124243.2518823645 0.005296675328559218 9
302494.94889479433 4124243.252938138 0.005264651067383063 9
302495.14889203705 4124243.2539896322 0.005253884357163487 9
302495.3488892832 4124243.255040254 0.005249700224710625 9
302495.54888654075 4124243.256088304 0.005227845595575047 9
302495.7488838283 4124243.25713018 0.0051879587096149244 9
302495.9488811641 4124243.258162276 0.005130039566143883 9
302496.14887856663 4124243.2591809845 0.005054088164886554 9
302496.34887605434 4124243.2601827397 0.004961837958510834 9
302496.54887363367 4124243.2611662233 0.004875039463353046 9
302496.7488712937 4124243.262133547 0.004800237119839125 9
302496.9488690219 4124243.2630871106 0.004737430927449278 9
302497.1488668057 4124243.2640293124 0.004686620885333738 9
302497.34886463266 4124243.2649625516 0.004647806992583761 9
302497.54886249197 4124243.265888852 0.004613255548619146 9
302497.74886038917 4124243.266806731 0.004562727754808749 9
302497.9488583386 4124243.2677128008 0.004495164791970342 9
302498.1488563547 4124243.268603655 0.0044105666593713365 9
302498.3488544521 4124243.2694758866 0.0043089333570555735 9
302498.548852645 4124243.270326122 0.004192425069500944 9
302498.7488509277 4124243.2711555925 0.004111863519404316 9
302498.9488492548 4124243.271974689 0.004088688512754255 9
302499.1488475762 4124243.272794889 0.004122900048469347 9
302499.3488458415 4124243.2736276696 0.004214498130098074 9
302499.5488440007 4124243.274484509 0.004363482762439131 9
302499.7488420107 4124243.275375249 0.0045398722948955346 9
302499.94883987756 4124243.276298314 0.004685414029031162 9
302500.14883762854 4124243.2772472515 0.0047986133495061594 9
302500.34883529105 4124243.278215596 0.004879470261279996 9
302500.5488328923 4124243.279196876 0.004927984769519454 9
302500.7488304594 4124243.2801847197 0.00494703837841938 9
302500.9488280106 4124243.281175017 0.004954570803982791 9
302501.14882555563 4124243.2821659786 0.004953683137251878 9
302501.34882310405 4124243.283155921 0.004944375377950567 9
302501.54882066505 4124243.284143159 0.00492664752605897 9
302501.7488182479 4124243.2851260127 0.004900711540962431 9
302501.9488158586 4124243.286103411 0.0048737082332188635 9
302502.14881349535 4124243.2870756504 0.004849126619207237 9
302502.3488111554 4124243.288043215 0.00482696669876964 9
302502.548808836 4124243.289006591 0.004807228471764101 9
302502.7488065343 4124243.289966261 0.00478991211153943 9
302502.9488042474 4124243.290922743 0.004775506247161201 9
302503.1488019724 4124243.29187668 0.004764463875779784 9
302503.34879970615 4124243.2928287457 0.004756784997433052 9
302503.54879744566 4124243.293779611 0.004752469612140952 9
302503.7487951878 4124243.294729951 0.00475151771990814 9
302503.94879293075 4124243.2956801797 0.004749211071371536 9
302504.14879068086 4124243.2966289027 0.004736227021459006 9
302504.3487884484 4124243.2975739352 0.0047123145277866785 9
302504.5487862433 4124243.298513092 0.004677473590280695 9
302504.7487840759 4124243.2994441893 0.004631704208924645 9
302504.9487819551 4124243.300365249 0.00457902080955401 9
302505.1487798821 4124243.3012759257 0.004528122308874664 9
302505.34877785447 4124243.302176631 0.004479308083639476 9
302505.5487758697 4124243.303067782 0.004432578133611561 9
302505.7487739252 4124243.3039497957 0.004387952826446622 9
302505.94877201726 4124243.3048234126 0.004349911755235985 9
302506.14877013804 4124243.3056904203 0.004321860638094495 9
302506.3487682787 4124243.306552817 0.004303799475062702 9
302506.54876643076 4124243.3074126015 0.004295728266128716 9
302506.74876458675 4124243.3082714565 0.004291463832525422 9
302506.9487627508 4124243.3091284307 0.004276404198160884 9
302507.1487609325 4124243.309981252 0.004249933867360277 9
302507.3487591417 4124243.310827638 0.004212052840197039 9
302507.5487573884 4124243.3116652234 0.004161294610020922 9
302507.7487556837 4124243.3124911254 0.004095180996196282 9
302507.9487540392 4124243.3133022645 0.004013671778381138 9
302508.1487524664 4124243.3140955744 0.003917331385570272 9
302508.34875097265 4124243.31486887 0.0038152070043437915 9
302508.54874955775 4124243.315621478 0.003710448180131726 9
302508.74874822097 4124243.316352871 0.0036030549108153702 9
302508.9487469574 4124243.31706372 0.003512111040638607 9
302509.1487457442 4124243.3177604037 0.0034614721344857547 9
302509.3487445524 4124243.318450997 0.0034512105186595052 9
302509.54874335503 4124243.319143147 0.0034736839380969395 9
302509.7487421349 4124243.31984173 0.0035153057143846264 9
302509.9487408791 4124243.3205505256 0.003575811949622087 9
302510.14873958094 4124243.3212714065 0.0036189886910050336 9
302510.3487382851 4124243.3219916513 0.0035672130311856813 9
302510.54873705923 4124243.322691785 0.0034178855248421895 9
302510.748735969 4124243.3233529264 0.003186882403802817 9
302510.94873503625 4124243.3239658577 0.0029412546824081963 9
302511.1487342496 4124243.324528952 0.002688509186676565 9
302511.34873359604 4124243.3250409383 0.002435808064872314 9
302511.5487330442 4124243.3255106774 0.0022837720542188958 9
302511.74873253313 4124243.3259633216 0.002264865707974732 9
302511.94873199903 4124243.3264254653 0.002376190713717354 9
302512.1487314039 4124243.3269130336 0.0024879022906207447 9
302512.34873077204 4124243.3274159855 0.002530020458464523 9
302512.5487301371 4124243.3279204015 0.0025025859598485902 9
302512.7487295249 4124243.3284155866 0.002452402423005585 9
302512.948728932 4124243.3289026152 0.0024210279240572106 9
302513.1487283486 4124243.329385246 0.0024080995238989077 9
302513.3487277689 4124243.329865987 0.0023985571088079296 9
302513.5487271972 4124243.3303443664 0.002384483857427938 9
302513.748726643 4124243.3308174284 0.002309875006944405 9
302513.9487261887 4124243.3312443676 0.0018968147646677466 9
302514.14872597676 4124243.331553052 0.0012001591154304533 9
302514.3487258669 4124243.3318004883 0.0015112642061055075 9
302514.5487252755 4124243.3322467227 0.003035513405636454 9
302514.74872404215 4124243.3329578345 0.0038890165812926585 9
302514.9487225926 4124243.3337346883 0.0037882538847540184 9
302515.14872128953 4124243.3344517895 0.0033327293766093804 9
302515.34872030315 4124243.3350797584 0.0031507537292784758 9
302515.54871900805 4124243.335800871 0.00426245007980936 9
302515.7487165255 4124243.336807919 0.005806134669182532 9
302515.9487122379 4124243.338111449 0.007035954708480173 9
302516.14870747685 4124243.339494457 0.006459531103313401 9
302516.3487040092 4124243.340715547 0.006374592606998143 9
302516.54869741865 4124243.3422937486 0.009801637978547722 9
302516.74868535955 4124243.3445005547 0.011716838551467943 9
302516.9486721541 4124243.3468053318 0.011305680198844764 9
302517.14865938335 4124243.349069633 0.011471392778069644 9
302517.34864458005 4124243.3515288653 0.013592050267815011 9
302517.54861955444 4124243.3546641925 0.017635962457701774 9
302517.74858621845 4124243.3583287084 0.018304169253737707 9
302517.9485548518 4124243.3618745906 0.017533851990263968 9
302518.14852199075 4124243.3654966853 0.01895990782554364 9
302518.3484825636 4124243.3694709004 0.020763163689029984 9
302518.5484361352 4124243.373777661 0.022165501872492898 9
302518.7483856297 4124243.3782788827 0.022823376963695362 9
302518.9483292017 4124243.383031848 0.025118601761898528 9
302519.1482560404 4124243.38843836 0.02887457960147221 9
302519.34816386015 4124243.394516947 0.03174303439931598 9
302519.5480575215 4124243.4010382476 0.033224267322800885 9
302519.74794497277 4124243.4077458517 0.03404000147585576 9
302519.9478224756 4124243.4147501504 0.036285345949077036 9
302520.1476767346 4124243.422388785 0.040468246135304975 9
302520.3474905342 4124243.431014306 0.04565150463514365 9
302520.54726331355 4124243.440556608 0.04964756429588602 9
302520.7469974771 4124243.4508667425 0.05354736090090009 9
302520.9466941253 4124243.461872631 0.05577645704735164 9
302521.1463926286 4124243.4728622036 0.05416505416534331 9
302521.3460818424 4124243.4840016584 0.058703353952065836 9
302521.54569280264 4124243.496460059 0.06503313690489414 9
302521.74525689887 4124243.509685163 0.06743095502885532 9
302521.9447619241 4124243.5237332117 0.0739466472891929 9
302522.1441763048 4124243.539027086 0.07795331374818917 9
302522.3435708447 4124243.5545913465 0.07856083189087308 9
302522.54290855635 4124243.570841688 0.08480264700979931 9
302522.7421374011 4124243.5883962307 0.09057755672798733 9
302522.94126723974 4124243.6070414367 0.09672150130784292 9
302523.14024672395 4124243.6272126255 0.10530897328554682 9
302523.3390606373 4124243.6489752214 0.11259382115782486 9
302523.53769282746 4124243.67232804 0.12209116574132037 9
302523.7360632187 4124243.6978098187 0.13326176290860245 9
302523.9341491323 4124243.7254230366 0.14381665916038305 9
302524.1319196433 4124243.7552057956 0.15525261515869326 9
302524.32933454023 4124243.787263001 0.16663470729109517 9
302524.52637957706 4124243.8215152277 0.17747665310351565 9
302524.72303860524 4124243.8579394473 0.18975484870858272 9
302524.91911453876 4124243.8973442046 0.2064620527513511 9
302525.114706482 4124243.9391205697 0.21253882642554706 9
302525.3100552994 4124243.981999082 0.2212460322029527 9
302525.50492458383 4124244.027006417 0.23144688325313117 9
302525.6994414491 4124244.0735299503 0.23943218482852116 9
302525.8933709789 4124244.12241808 0.25425681668623235 9
302526.0867013915 4124244.1736497437 0.26320693138969764 9
302526.2795150555 4124244.226775051 0.2753414781785374 9
302526.471642542 4124244.2823409233 0.28725758590911366 9
302526.6630200056 4124244.34043401 0.30388764227938303 9
302526.85314331664 4124244.4025087636 0.32798933057610197 9
302527.04158209905 4124244.4695378286 0.3561464702751618 9
302527.2279620065 4124244.5420718393 0.3851249303519132 9
302527.41247270413 4124244.6192789525 0.4070217377618988 9
302527.59507532977 4124244.7008620156 0.43483769703097624 9
302527.77523359255 4124244.787719711 0.4623891710094063 9
302527.9532393414 4124244.878926053 0.48440934061074087 9
302528.1291929783 4124244.9740016516 0.5062538762409213 9
302528.3032338212 4124245.072543735 0.5229125636480134 9
302528.4758922647 4124245.1735170605 0.536474535458151 9
302528.6467123753 4124245.2775298785 0.5589850654860977 9
302528.8150172173 4124245.3855737788 0.5810489329869173 9
302528.981340226 4124245.4966735807 0.5963848160435734 9
302529.1458380206 4124245.6104280725 0.6143730905517437 9
302529.3082686976 4124245.7271089456 0.6294505301464296 9
302529.4696410449 4124245.8452737825 0.6338684695032637 9
302529.63023618207 4124245.9644751353 0.6450460656443442 9
302529.7889900587 4124246.0861117137 0.661893545158885 9
302529.94596260396 4124246.2100619143 0.6745949097022715 9
302530.10109740193 4124246.336289524 0.6929061305415184 9
302530.2535724336 4124246.4657134386 0.7136424667023479 9
302530.4037152142 4124246.5978527204 0.7302721731635853 9
302530.55117635056 4124246.7329590893 0.7540841469551423 9
302530.69543547684 4124246.8714910257 0.7751501223605387 9
302530.83695913735 4124247.012811019 0.7945333185622954 9
302530.9754459812 4124247.157113511 0.8190241958331397 9
302531.1098474187 4124247.3052164186 0.847008184676631 9
302531.2409899522 4124247.4562292565 0.8631813178140644 9
302531.3698925715 4124247.6091468255 0.87767037631685 9
302531.49654129933 4124247.7639397774 0.8925446080885218 9
302531.6208264816 4124247.920639766 0.9082072371098941 9
302531.74250576174 4124248.079369604 0.9256218817138415 9
302531.86133977515 4124248.2402421 0.9434410918581866 9
302531.9773319522 4124248.403175406 0.9607342961895636 9
302532.09052802785 4124248.5680636405 0.9775642888253377 9
302532.20082198444 4124248.734907385 0.9966870839653693 9
302532.3074559397 4124248.904123394 1.0213591104898008 9
302532.40923869633 4124249.0762957325 1.0538262671782601 9
302532.5049939503 4124249.2518845256 1.088072103425421 9
302532.59528303763 4124249.4303650046 1.1168443717045056 9
302532.680027865 4124249.611520274 1.1504945510528148 9
302532.7587363778 4124249.7953882315 1.1808539719386129 9
302532.83241351164 4124249.981325853 1.2056739998713781 9
302532.9018028634 4124250.168900541 1.2262924105732103 9
302532.9677114304 4124250.3577392893 1.2450200105176703 9
302533.0290802056 4124250.5480831917 1.27339118697595 9
302533.08560352935 4124250.739939034 1.2929307184432057 9
302533.1391754997 4124250.932632789 1.3063208855959771 9
302533.1901493795 4124251.1260288665 1.3200746827880305 9
302533.2382887051 4124251.3201515847 1.3356753077290373 9
302533.28337838873 4124251.5150055205 1.3507275614554375 9
302533.32576339756 4124251.7104638782 1.363283840167712 9
302533.36601790815 4124251.906372567 1.3723986267352748 9
302533.40470249974 4124252.102601003 1.3805599850586614 9
302533.4413350357 4124252.2992172292 1.3934462212081313 9
302533.4751781154 4124252.496335023 1.4077548181633284 9
302533.5063912654 4124252.693887829 1.4201218728296097 9
302533.5353230052 4124252.8917849553 1.430887475962308 9
302533.5621996856 4124253.089976174 1.441707912831695 9
302533.58650171047 4124253.28849216 1.4568600094176727 9
302533.60813586484 4124253.4873186774 1.4660123512303134 9
302533.62884914613 4124253.6862480785 1.4691815718856513 9
302533.64797555405 4124253.8853280228 1.4822610492547195 9
302533.6643517792 4124254.0846586814 1.4945130460345513 9
302533.67872266803 4124254.284142686 1.502878393270382 9
302533.69167228165 4124254.4837221187 1.508384230014144 9
302533.7039933523 4124254.6833437346 1.5098839514405469 9
302533.71544451243 4124254.8830144634 1.5187218423350497 9
302533.7251039261 4124255.0827814327 1.5243159892189941 9
302533.73433119024 4124255.282569207 1.5261857097137383 9
302533.7426490378 4124255.482395386 1.5307845091198402 9
302533.75109186396 4124255.6822175505 1.526570679442625 9
302533.7593655696 4124255.882045087 1.5340321956621583 9
302533.76615697326 4124256.081930854 1.538197051513604 9
302533.7723171114 4124256.281835959 1.5427574639145436 9
302533.7773368506 4124256.481772451 1.5471690583746625 9
302533.7822573236 4124256.6817125096 1.5455175244837847 9
302533.7869965343 4124256.881655767 1.5496197790535446 9
302533.79076357186 4124257.081620545 1.5538805870412056 9
302533.79383137147 4124257.281598059 1.557423607451577 9
302533.79593680566 4124257.4815860945 1.563266203970813 9
302533.7971022215 4124257.68158287 1.5658122276240531 9
302533.79815098655 4124257.8815812333 1.5657749830641912 9
302533.79879698047 4124258.0815794948 1.570150574739308 9
302533.7984477349 4124258.2815788155 1.5741524830910496 9
302533.797746165 4124258.48157854 1.574200823144851 9
302533.79691505124 4124258.6815767586 1.576253743889291 9
302533.79539080034 4124258.8815705855 1.5805707772206838 9
302533.7930717776 4124259.081557704 1.5840356553240238 9
302533.7901625667 4124259.281536742 1.5864958949612216 9
302533.7868536116 4124259.48150936 1.5880374148088972 9
302533.7832911485 4124259.6814776445 1.589176557061662 9
302533.7795039025 4124259.881441831 1.5902918407038218 9
302533.7754804426 4124260.0814014054 1.5915821935008563 9
302533.77117287274 4124260.2813550276 1.593121891098731 9
302533.7665480956 4124260.4813016 1.5947236842971608 9
302533.76160147844 4124260.6812405176 1.5963651450069052 9
302533.7562989981 4124260.881170299 1.5983210618441326 9
302533.75056855317 4124261.0810883353 1.6006323939931555 9
302533.7443535411 4124261.2809919524 1.6031495000024092 9
302533.7376214026 4124261.480878612 1.6057217883134787 9
302533.7304495411 4124261.680750044 1.6074284294495593 9
302533.7230404899 4124261.8806129047 1.6081446722253778 9
302533.7155358144 4124262.0804720423 1.608470807983011 9
302533.7079912266 4124262.2803296708 1.6085326901544312 9
302533.70047512604 4124262.480188412 1.6081576228578005 9
302533.69308201404 4124262.680051707 1.6073331425425443 9
302533.68582458224 4124262.8799199946 1.607000317241416 9
302533.67854339886 4124263.0797874113 1.6075708176752816 9
302533.6710945814 4124263.279648651 1.6084851927802293 9
302533.6634882902 4124263.479503998 1.6091465029018277 9
302533.655774573 4124263.6793551934 1.609568377358689 9
302533.6479955227 4124263.8792038322 1.609804318120799 9
302533.6401872644 4124264.0790513963 1.6098696785344937 9
302533.6323392378 4124264.2788974554 1.610349254633214 9
302533.6243198966 4124264.478736611 1.6115842146771646 9
302533.61598421243 4124264.6785628693 1.6134375734405235 9
302533.6072606681 4124264.8783727176 1.6154355333489157 9
302533.59812748776 4124265.078164324 1.6175384705258997 9
302533.588560436 4124265.2779356535 1.6197907108784098 9
302533.5785257268 4124265.4776840047 1.6222206822266387 9
302533.56798866653 4124265.677406588 1.6248063619255877 9
302533.55693076574 4124265.8771010935 1.6274234763365538 9
302533.54534909467 4124266.076765677 1.6300526035989307 9
302533.53326554183 4124266.2764001964 1.6323039418877952 9
302533.5208203517 4124266.476012752 1.633673720100368 9
302533.5081858152 4124266.6756136967 1.6343120167163465 9
302533.4953793456 4124266.8752035014 1.6355952108027987 9
302533.4822195944 4124267.074769951 1.637852541833866 9
302533.4685450805 4124267.274301996 1.6405521702265935 9
302533.4543568885 4124267.4737984603 1.642998747271831 9
302533.4397113922 4124267.6732616606 1.6450558583245423 9
302533.4247474637 4124267.872701092 1.6461431558835906 9
302533.4096692747 4124268.0721319444 1.646238616331049 9
302533.3946056729 4124268.271563844 1.646152344142455 9
302533.37954760547 4124268.4709961875 1.6461844158627996 9
302533.3644518594 4124268.670425735 1.646608955555939 9
302533.3492118675 4124268.869844217 1.6476311126238479 9
302533.3337440027 4124269.0692451186 1.648678653048872 9
302533.31813782867 4124269.268635373 1.6490155923411332 9
302533.30249585334 4124269.4680228643 1.6493093698743428 9
302533.2867004004 4124269.667398095 1.6505643573898507 9
302533.2705954013 4124269.866748547 1.6521879239323476 9
302533.25420666987 4124270.066076094 1.6534116592075006 9
302533.2375644758 4124270.2653826554 1.6549313611368408 9
302533.2205400151 4124270.464656617 1.657165792353903 9
302533.2031503682 4124270.6638991768 1.658229208059292 9
302533.1857128675 4124270.8631377523 1.6580429208166294 9
302533.1681649075 4124271.0623663743 1.65961261730982 9
302533.15021188505 4124271.261558865 1.6613306009590145 9
302533.13216875464 4124271.4607434263 1.660729073581831 9
302533.1141558138 4124271.6599306036 1.6617047189371503 9
302533.09569773905 4124271.8590771714 1.6648805035124181 9
302533.07654910727 4124272.0581585085 1.6685521750157637 9
302533.0567317519 4124272.2571742674 1.6711887368471874 9
302533.03659119044 4124272.4561577057 1.67199225296324 9
302533.01629544067 4124272.655125216 1.673014638199294 9
302532.9957153392 4124272.854063834 1.67499680856776 9
302532.9745847129 4124273.052944317 1.678525933538456 9
302532.9527523862 4124273.251749149 1.6815549384283976 9
302532.9304643966 4124273.4505037265 1.6834051963962904 9
302532.9076973736 4124273.6492036623 1.6866541715619143 9
302532.8841184647 4124273.84780937 1.691495913401592 9
302532.8594612886 4124274.0462833317 1.697211131509126 9
302532.8338588993 4124274.244638309 1.7006360336622246 9
302532.8075856457 4124274.4429053464 1.705135679911705 9
302532.7800990934 4124274.6410074243 1.712050035476283 9
302532.7513817129 4124274.838935432 1.717387527024613 9
302532.72183316323 4124275.036740671 1.720352234330564 9
302532.69176670426 4124275.2344678985 1.7235264010280116 9
302532.6608211115 4124275.4320594952 1.7288866674977754 9
302532.62878724333 4124275.629477479 1.7343201506154513 9
302532.5958953267 4124275.8267543665 1.7370971693013253 9
302532.5627052753 4124276.0239813407 1.7382083699683195 9
302532.52910529147 4124276.221138843 1.7413330831524743 9
302532.4946882419 4124276.4181556082 1.7464839396712308 9
302532.45908010885 4124276.6149605946 1.7532115280817069 9
302532.4221022204 4124276.8115128754 1.760322395433013 9
302532.3837674537 4124277.0078050476 1.7668475526158862 9
302532.3442719363 4124277.2038668324 1.7719189317374708 9
302532.3040196474 4124277.3997741663 1.7747352799912828 9
302532.2630936855 4124277.595541839 1.7796588851305155 9
302532.220765393 4124277.7910168013 1.7896757140811923 9
302532.17574199504 4124277.985879453 1.8067551681114513 9
302532.12768264045 4124278.1800220134 1.8185737793963932 9
302532.0781223133 4124278.373787593 1.8235853980268824 9
302532.02766042226 4124278.5673151854 1.8280674743626981 9
302531.97646379226 4124278.760651253 1.8308571326716903 9
302531.9249057508 4124278.9538932936 1.8326137844694312 9
302531.8726140601 4124279.146935889 1.8389009837969292 9
302531.8187698928 4124279.339551457 1.8476411918655282 9
302531.7633815151 4124279.5317310686 1.8549259147946922 9
302531.70669180015 4124279.723529557 1.8613585079184194 9
302531.6488255162 4124279.9149752883 1.8669318960791401 9
302531.5902934991 4124280.1062187534 1.8676949962096374 9
302531.532102958 4124280.2975659994 1.8645276228815062 9
302531.47419893363 4124280.4890005165 1.865313111568816 9
302531.415758552 4124280.680271871 1.8696094312498392 9
302531.35634772107 4124280.87124512 1.8754578943100177 9
302531.2956282379 4124281.0618071873 1.8834797423675778 9
302531.23318419285 4124281.2518075844 1.8927669237562317 9
302531.1694769839 4124281.441391021 1.8959787164996837 9
302531.1053933431 4124281.6308471765 1.8993525115445626 9
302531.03991361294 4124281.8198241787 1.910069431444148 9
302530.972155039 4124282.0079974667 1.9230134458050432 9
302530.901905361 4124282.195254971 1.936376679041062 9
302530.8291482101 4124282.3815531377 1.9499460789002196 9
302530.75391122623 4124282.5668612183 1.96202497406885 9
302530.6770463631 4124282.7515028445 1.9681902769266766 9
302530.59883783787 4124282.935576473 1.9776170218811508 9
302530.51885201904 4124283.1188867185 1.9863340990011755 9
302530.43758441985 4124283.301631313 1.9913980652929621 9
302530.35577875265 4124283.4841364706 1.9928609608323489 9
302530.2734857883 4124283.666421518 1.9976447709743719 9
302530.19006464316 4124283.8481925465 2.0039374506867302 9
302530.1058026129 4124284.0295770667 2.0069955098956966 9
302530.0210558664 4124284.2107343776 2.009887173208092 9
302529.9356934406 4124284.391603147 2.0138573709380108 9
302529.8494784232 4124284.5720671257 2.0193655584158763 9
302529.76214900083 4124284.7519936664 2.025918478889954 9
302529.6737064898 4124284.931377117 2.031629439448561 9
302529.5843277088 4124285.1102966364 2.0364377403487866 9
302529.4941064593 4124285.2887917757 2.0411800967850318 9
302529.40302878973 4124285.466850654 2.0460471075435183 9
302529.31109210773 4124285.6444676113 2.0507640344117863 9
302529.2183486207 4124285.821665537 2.055138408365576 9
302529.1248549456 4124285.998469531 2.059337638035262 9
302529.0305795123 4124286.1748573626 2.0640490831034235 9
302528.93542290956 4124286.350770395 2.0693470082093466 9
302528.8393034919 4124286.526159377 2.0749056969694197 9
302528.74221411685 4124286.7010144806 2.0804187516445616 9
302528.6441642693 4124286.8753345907 2.085942908342781 9
302528.54510486143 4124287.049083158 2.09212421730285 9
302528.44490171835 4124287.222172167 2.0991456735328184 9
302528.3434282443 4124287.394517986 2.106653317311639 9
302528.24070419115 4124287.566123473 2.113627293712167 9
302528.13683498994 4124287.7370421123 2.120030082770601 9
302528.0318267608 4124287.9072638387 2.1273536391428363 9
302527.92542622134 4124288.0766127305 2.1364627964738063 9
302527.8173876381 4124288.2449181033 2.1462588618478082 9
302527.70783271425 4124288.4122472624 2.1544334668961134 9
302527.5970067565 4124288.578745479 2.162180284434447 9
302527.4845715114 4124288.744151887 2.174214910161618 9
302527.3698399485 4124288.9079634463 2.188938538760409 9
302527.2530729228 4124289.0703441896 2.1985216319833363 9
302527.1351197209 4124289.2318703663 2.204995500515763 9
302527.0158155105 4124289.3923874297 2.2157002275060522 9
302526.8946287569 4124289.551484446 2.226826907898955 9
302526.77216067485 4124289.7096119276 2.2317509801223685 9
302526.6489211409 4124289.867137972 2.238994267863301 9
302526.52392468514 4124290.0232558213 2.253280454281913 9
302526.3971349881 4124290.177932791 2.259536654459729 9
302526.2701574549 4124290.332462253 2.258478715652129 9
302526.14271479996 4124290.4865956297 2.2666472774550237 9
302526.01366312057 4124290.6393829403 2.276224483720495 9
302525.88381781435 4124290.7915112865 2.2773798000247556 9
302525.7536672831 4124290.943374488 2.283018916310145 9
302525.62194482755 4124291.0938603226 2.297015474169333 9
302525.48840466666 4124291.24275027 2.3053360071845543 9
302525.3541742685 4124291.391022672 2.3078994770126173 9
302525.2193358161 4124291.5387308476 2.3141988700304177 9
302525.08340649266 4124291.6854343293 2.3213137439061398 9
302524.94673363876 4124291.831455539 2.3242741979393333 9
302524.80965474376 4124291.977098458 2.328517404808625 9
302524.67154562596 4124292.121751377 2.338562080950216 9
302524.5318202522 4124292.264842337 2.349157253471329 9
302524.39095042116 4124292.406821389 2.354515214195356 9
302524.2496257196 4124292.548348456 2.356596846822746 9
302524.1078790473 4124292.6894436744 2.36080499602982 9
302523.9653769772 4124292.8297704826 2.367124451610888 9
302523.8220542096 4124292.9692633874 2.3719257358908634 9
302523.678235698 4124293.1082512047 2.3742016010697164 9
302523.53417177795 4124293.2469847496 2.376343734995032 9
302523.3896192319 4124293.385203868 2.3813041905103427 9
302523.24419756973 4124293.5225062063 2.3887173960086105 9
302523.0977501216 4124293.6587188304 2.3959403365561878 9
302522.9503687107 4124293.793923518 2.402458595572736 9
302522.8021486043 4124293.9282063083 2.408487765195789 9
302522.653135407 4124294.0616061576 2.414328777083295 9
302522.50335911714 4124294.194147381 2.41995234243536 9
302522.3528687989 4124294.3258776776 2.4250977418153536 9
302522.2017367724 4124294.456873262 2.4297141917180496 9
302522.0499800636 4124294.5871449932 2.434997326121301 9
302521.89743922825 4124294.716494949 2.4418159285585728 9
302521.74393413804 4124294.8446993707 2.4498364109335706 9
302521.5893587903 4124294.9716147403 2.4585661197795283 9
302521.4336090535 4124295.0970912348 2.4687107959623775 9
302521.276439129 4124295.22077517 2.481452371658607 9
302521.11773528875 4124295.342481603 2.492139465363736 9
302520.95815096144 4124295.4630413055 2.4962142085078045 9
302520.79808069224 4124295.5829486363 2.5019924221435317 9
302520.6370369249 4124295.701541588 2.5120575125091587 9
302520.4747335568 4124295.818412765 2.5231324766860395 9
302520.3109566581 4124295.933209701 2.5383951693809186 9
302520.1451601049 4124296.045064357 2.5575153174589893 9
302519.9774129583 4124296.1539779715 2.573209580301403 9
302519.8082829269 4124296.260726765 2.582783793672631 9
302519.6384044774 4124296.3662809837 2.5885612348456046 9
302519.4678886668 4124296.4707993367 2.5946330136238998 9
302519.29688292625 4124296.574516426 2.5975217675768474 9
302519.1256952459 4124296.6779331323 2.5991778013843208 9
302518.95421168866 4124296.7808567304 2.603261188827186 9
302518.7822554723 4124296.882990185 2.6079352738133057 9
302518.6098455048 4124296.9843558595 2.612133283988581 9
302518.4370864047 4124297.085124371 2.6145913849351605 9
302518.26419309987 4124297.185662814 2.614864690230151 9
302518.0913079669 4124297.286214965 2.6148179757862606 9
302517.91840434226 4124297.3867351967 2.6152560837159737 9
302517.7454024926 4124297.48708631 2.6169412115609054 9
302517.57215141586 4124297.587007554 2.6202259678765967 9
302517.39848936576 4124297.68621478 2.6252047777876184 9
302517.22425021563 4124297.7844027323 2.631938846276647 9
302517.04930934863 4124297.881336083 2.6391718705238554 9
302516.8737047125 4124297.977062655 2.645711451690191 9
302516.6975386438 4124298.0717495587 2.650717484591755 9
302516.5210089887 4124298.165757252 2.653470178096573 9
302516.34422906063 4124298.259292414 2.656727502387584 9
302516.16704875627 4124298.3520700904 2.662174282684334 9
302515.98921268416 4124298.443582191 2.671141056694112 9
302515.81049108965 4124298.5333509124 2.6803871458270945 9
302515.63113524683 4124298.6218507662 2.685502181247896 9
302515.45140564506 4124298.7095844843 2.689377866911279 9
302515.27138203493 4124298.7967131627 2.6918047763265855 9
302515.09126935905 4124298.883658823 2.691983346661376 9
302514.91098161804 4124298.9702401743 2.696808083708438 9
302514.73005696695 4124299.0554852514 2.7062506741431465 9
302514.5482389499 4124299.138803899 2.7171699425348916 9
302514.36566567636 4124299.2204599567 2.7241484747078473 9
302514.18270442146 4124299.301238534 2.726786572468642 9
302513.9996963993 4124299.381911609 2.7258030321355635 9
302513.8166654808 4124299.462532987 2.7285202910196737 9
302513.6332173235 4124299.542197048 2.7353432165989084 9
302513.4492612219 4124299.6206874354 2.7409935835350305 9
302513.26489098324 4124299.6982027423 2.7465116382780317 9
302513.08002501883 4124299.774519873 2.7539724514266126 9
302512.89458894165 4124299.8494395097 2.7608026324720676 9
302512.70874723303 4124299.923359173 2.7647763704205173 9
302512.5226309075 4124299.9965871302 2.7692149298270836 9
302512.3360870786 4124300.068703888 2.7766823035446815 9
302512.1489605706 4124300.1392894927 2.7845135926124387 9
302511.9614065743 4124300.2087497893 2.788682002710686 9
302511.77364549163 4124300.2776596677 2.7915760537334653 9
302511.5855526009 4124300.3456394034 2.7987404844508426 9
302511.3968521076 4124300.411893036 2.808987175203604 9
302511.2075781458 4124300.4765115986 2.8154176330000737 9
302511.0180360011 4124300.540361993 2.817250254550169 9
302510.82839285315 4124300.603904201 2.8199247472533906 9
302510.63847456826 4124300.666594334 2.8262039245292914 9
302510.4480821066 4124300.7278184616 2.8344608733050434 9
302510.25726048084 4124300.7877140734 2.8399179677683795 9
302510.0661997413 4124300.8468651352 2.8423838506325825 9
302509.87498490873 4124300.9055122123 2.8461899546059404 9
302509.6834546804 4124300.9630913464 2.853519003726598 9
302509.49143215397 4124301.018990562 2.862869004352607 9
302509.29895466013 4124301.0733307176 2.8694857344399702 9
302509.10619404755 4124301.126692539 2.8732342235262083 9
302508.91320261516 4124301.1792078335 2.8793651191430714 9
302508.7197869947 4124301.2300873413 2.8901328310870342 9
302508.5257733965 4124301.278624254 2.9020662600923632 9
302508.33128679695 4124301.3252868787 2.909382431963689 9
302508.13654611754 4124301.3709062897 2.91399833826314 9
302507.9415021785 4124301.4151603105 2.923995940212753 9
302507.7459143062 4124301.4569048677 2.938700508959928 9
302507.5497670753 4124301.4959983244 2.950333615393987 9
302507.35323590523 4124301.5331375487 2.959639084817564 9
302507.1563198729 4124301.568114679 2.9726635270594652 9
302506.95895774284 4124301.6004738696 2.9841010834646946 9
302506.7613517322 4124301.6313681654 2.988605860510873 9
302506.5635391149 4124301.660860158 3.0003774581770712 9
302506.36529804685 4124301.6873256764 3.0168561981156765 9
302506.1666794832 4124301.7108260607 3.030543504345139 9
302505.9677686516 4124301.731664489 3.0437307523184742 9
302505.7686320084 4124301.7502369345 3.052401240151288 9
302505.56939132424 4124301.7676495495 3.055750274824409 9
302505.37012197846 4124301.784731633 3.0566752976601625 9
302505.17081296653 4124301.8013386303 3.060627796727398 9
302504.97144964256 4124301.817285713 3.0621313320319414 9
302504.77208460704 4124301.8332138993 3.0622699242315146 9
302504.57268544973 4124301.8486994808 3.0661878156519227 9
302504.3732303356 4124301.8634571284 3.068915917578978 9
302504.1737411024 4124301.8777446058 3.0716627845257043 9
302503.97419819 4124301.8912594235 3.0765054047242755 9
302503.77458573633 4124301.9037107895 3.0821985183404284 9
302503.5749044095 4124301.9150042776 3.0878636749040265 9
302503.37516718847 4124301.925249413 3.092564833869235 9
302503.1753933001 4124301.9347646516 3.0950183601482313 9
302502.9755958959 4124301.943793116 3.0986893228072634 9
302502.77575064846 4124301.95161638 3.1063382446281658 9
302502.57585907 4124301.958224257 3.1097606266855324 9
302502.37596005446 4124301.9646122777 3.109849882147248 9
302502.17605346255 4124301.970704647 3.112943463204607 9
302501.97612363385 4124301.975999557 3.1172016572079095 9
302501.77617314144 4124301.9804929597 3.1210036090442 9
302501.57620710676 4124301.984203122 3.1251908431235136 9
302501.37622830993 4124301.987022547 3.1297122097572743 9
302501.176237139 4124301.989023586 3.1332837896417356 9
302500.97623594216 4124301.990148375 3.139968269259458 9
302500.7762426009 4124301.9891642644 -3.129437672633704 9
302500.5762731734 4124301.9855453502 -3.1185243606820703 9
302500.3763382151 4124301.9801764125 -3.110277303388966 9
302500.17648528394 4124301.9725855053 -3.09600200197064 9
302499.97675929003 4124301.962097579 -3.083270158921095 9
302499.77714454837 4124301.9496324733 -3.0756018869896873 9
302499.5776254517 4124301.9357818984 -3.0691045086343367 9
302499.378187755 4124301.9207935915 -3.064498583609897 9
302499.17880213575 4124301.90512682 -3.0619196341011685 9
302498.97946122196 4124301.888899258 -3.058635790211098 9
302498.78019467654 4124301.871769369 -3.0522481002702673 9
302498.58108369086 4124301.8529500887 -3.0426811254663146 9
302498.3821166451 4124301.8326336187 -3.0379627453708653 9
302498.18322376325 4124301.811613761 -3.034178001726549 9
302497.98444061214 4124301.7895925557 -3.028268337854601 9
302497.78578520945 4124301.7664315044 -3.0229327839999334 9
302497.58725827973 4124301.7421905464 -3.0169092267215656 9
302497.38890754804 4124301.7165679606 -3.0094029183782083 9
302497.1907159971 4124301.6897296687 -3.0053636988213097 9
302496.99258187617 4124301.6624595444 -3.003961253139519 9
302496.7945307773 4124301.634611116 -2.999206326150505 9
302496.59664334136 4124301.6056266273 -2.993765326575183 9
302496.3988518061 4124301.575978674 -2.9925629458421286 9
302496.2010629079 4124301.546318459 -2.992557240175188 9
302496.0033077516 4124301.516439737 -2.990353196457349 9
302495.8056476336 4124301.4859355493 -2.986338545159972 9
302495.6081345235 4124301.454485908 -2.9807879757671265 9
302495.4108227232 4124301.421794762 -2.9737766606198073 9
302495.21376955556 4124301.3876050557 -2.9660189467311766 9
302495.0169390709 4124301.352125613 -2.9610341696650484 9
302494.8203393852 4124301.3153639794 -2.9498365238438247 9
302494.62445707235 4124301.275034784 -2.9274567749553997 9
302494.42932483315 4124301.231137315 -2.9150876643493877 9
302494.23467352905 4124301.185192275 -2.903647750228548 9
302494.04063869565 4124301.1367156864 -2.8906018913062397 9
302493.84712920024 4124301.0861685053 -2.8824185507447466 9
302493.65390955505 4124301.0345346197 -2.8793732636530818 9
302493.4607669295 4124300.98261293 -2.8784327005119055 9
302493.2676959691 4124300.9304228066 -2.876527833499026 9
302493.0747692795 4124300.8777025333 -2.8728156762888895 9
302492.88208422397 4124300.8241092307 -2.867999707789382 9
302492.6896019289 4124300.7697882974 -2.8655098039561997 9
302492.4971914933 4124300.7152139 -2.865040767164905 9
302492.30479482276 4124300.6605928494 -2.864955116779285 9
302492.1124052015 4124300.605945848 -2.86443557626469 9
302491.9200948258 4124300.5510211773 -2.8620335686425373 9
302491.72796071455 4124300.495482857 -2.8583016978461577 9
302491.5360450083 4124300.439192759 -2.8542182836824184 9
302491.3443944219 4124300.382005625 -2.8484895527812206 9
302491.153164083 4124300.3234258546 -2.8396765693360155 9
302490.9625407044 4124300.262893008 -2.828123022782541 9
302490.772702933 4124300.1999621475 -2.8152737261556324 9
302490.58351005317 4124300.135098691 -2.808572042127992 9
302490.3947203364 4124300.0690584937 -2.79909729454737 9
302490.2070673704 4124299.9998962693 -2.7771602674346303 9
302490.02086335525 4124299.9268789096 -2.7598798301352856 9
302489.83572491514 4124299.8512156475 -2.7477302698248987 9
302489.65143916133 4124299.7735050474 -2.737545436046161 9
302489.4679370988 4124299.693958895 -2.7275194124557753 9
302489.28520950215 4124299.61265651 -2.719242490210191 9
302489.1029360269 4124299.5303313998 -2.7163244048526844 9
302488.92088990216 4124299.447503127 -2.7118823591030567 9
302488.7394682406 4124299.363330883 -2.701706850141341 9
302488.5589335814 4124299.2772644754 -2.6924052438102053 9
302488.37903420196 4124299.189868953 -2.6869679482071995 9
302488.1994539957 4124299.101828695 -2.6851611597657836 9
302488.0198793842 4124299.013780373 -2.6867850017984973 9
302487.8401671816 4124298.926010549 -2.6871126923923807 9
302487.6605980912 4124298.8379480313 -2.683564544546188 9
302487.48142789985 4124298.7490757634 -2.678748488104766 9
302487.3026749913 4124298.6593669048 -2.6742157586780912 9
302487.1243171888 4124298.568876398 -2.670000610386961 9
302486.94632599916 4124298.4776653885 -2.6661316705879026 9
302486.7686962229 4124298.385750434 -2.66176969495297 9
302486.5915437953 4124298.292922487 -2.6558248521599594 9
302486.4149563623 4124298.1990256845 -2.6506424818556833 9
302486.2386516738 4124298.1045958865 -2.6498276808367334 9
302486.0623311301 4124298.0101976916 -2.6496298574351482 9
302485.8862091044 4124297.915428146 -2.6456166798370364 9
302485.7106369293 4124297.819640628 -2.638151135109636 9
302485.53593128285 4124297.722289142 -2.62843573297218 9
302485.3619675454 4124297.623612541 -2.6239293637116607 9
302485.1882221213 4124297.524552223 -2.622388724256011 9
302485.01479632297 4124297.4249373595 -2.6178535077987712 9
302484.84172348975 4124297.324707941 -2.6162436581366437 9
302484.66870760906 4124297.2243807684 -2.615447138672548 9
302484.49590702436 4124297.1236835415 -2.612462721074707 9
302484.32338767196 4124297.022505348 -2.60984854743615 9
302484.1511887327 4124296.9207814154 -2.605778190979837 9
302483.9796666224 4124296.8179212413 -2.595693062885524 9
302483.80944002746 4124296.7129301485 -2.5825767133048974 9
302483.64044871123 4124296.605963135 -2.5728745282651317 9
302483.4722079288 4124296.4978170046 -2.5680607269728335 9
302483.3045397098 4124296.388788169 -2.5614719794845815 9
302483.13763482124 4124296.278594908 -2.555435491145722 9
302482.97114460194 4124296.1677729455 -2.5536771246294507 9
302482.8048069476 4124296.056724404 -2.5520074241172535 9
302482.638716945 4124295.945306114 -2.5493034839517756 9
302482.4729499692 4124295.8334068153 -2.5463001249328405 9
302482.3075254123 4124295.7210023496 -2.5433747254305703 9
302482.1423307036 4124295.6082604853 -2.542480237227981 9
302481.9770992734 4124295.4955726317 -2.5439518620753048 9
302481.8116979733 4124295.3831341667 -2.5448223016940106 9
302481.6463142814 4124295.270669725 -2.5436380392031372 9
302481.4811622857 4124295.1578651625 -2.540974045474251 9
302481.3163302415 4124295.044593202 -2.538003906038314 9
302481.1518508682 4124294.930809098 -2.5347365196326064 9
302480.98777412844 4124294.816445037 -2.5309016319981152 9
302480.8241743637 4124294.7014005394 -2.5264274171375685 9
302480.6611107704 4124294.585597102 -2.521742261282869 9
302480.49858174316 4124294.469043726 -2.517217818568883 9
302480.33657648985 4124294.3517630044 -2.5127081120370347 9
302480.1751204914 4124294.233728357 -2.507878870218504 9
302480.014248567 4124294.1149002765 -2.5030365094962423 9
302479.8538929241 4124293.995375075 -2.499273957417698 9
302479.69394453824 4124293.875303828 -2.4957253391693093 9
302479.534562143 4124293.7544850153 -2.489776774864687 9
302479.3759789879 4124293.6326190336 -2.483314855922161 9
302479.2180604506 4124293.5098909647 -2.478809573719571 9
302479.0606622409 4124293.386498002 -2.4745637439401555 9
302478.90375041787 4124293.262487537 -2.471697815432625 9
302478.74693056406 4124293.1383601134 -2.4726445270542277 9
302478.590116513 4124293.0142257786 -2.4705160734516975 9
302478.43378612935 4124292.8894825317 -2.4657229225155533 9
302478.2780340547 4124292.764018182 -2.4615406076710165 9
302478.1226443725 4124292.6381051266 -2.4601868991897478 9
302477.96728716325 4124292.5121521233 -2.46048249451013 9
302477.8118990128 4124292.386237456 -2.460675005030807 9
302477.6565030224 4124292.260332373 -2.4605509617685573 9
302477.50115095783 4124292.134373101 -2.459977435099393 9
302477.34588516655 4124292.008307513 -2.459349980647144 9
302477.1906609427 4124291.882190715 -2.4593270308357558 9
302477.0354009398 4124291.7561180154 -2.4599093290264435 9
302476.8800600439 4124291.6301450026 -2.460441813643922 9
302476.7246804339 4124291.5042196927 -2.460523681559154 9
302476.56931889046 4124291.378272106 -2.46015630699813 9
302476.414017242 4124291.2522506956 -2.4596690793546974 9
302476.25876858394 4124291.126163989 -2.459315376828514 9
302476.1035561 4124291.000032731 -2.4590951993589085 9
302475.94836332137 4124290.873877237 -2.4589943970788593 9
302475.7931792785 4124290.7477110205 -2.4589517835179473 9
302475.6379973928 4124290.6215421637 -2.4589602994218045 9
302475.4828112081 4124290.495378596 -2.4590199447930328 9
302475.32761503255 4124290.3692273097 -2.459103089672466 9
302475.17241237033 4124290.243083995 -2.4591169139719695 9
302475.0172128119 4124290.1169368625 -2.459053895167438 9
302474.8620260563 4124289.9907739926 -2.458914033248645 9
302474.70686151943 4124289.86458381 -2.4587132521040953 9
302474.5517189364 4124289.738366639 -2.4585844633716074 9
302474.3965861786 4124289.6121373805 -2.4585574884584487 9
302474.24145039247 4124289.485911829 -2.4586323273535955 9
302474.0862987245 4124289.359705778 -2.4588089330326395 9
302473.9311242399 4124289.2335277507 -2.458949437184656 9
302473.77594238 4124289.1073587933 -2.4589258300775865 9
302473.6207738738 4124288.981173457 -2.458738111669143 9
302473.46563945 4124288.8549462934 -2.4583862818189393 9
302473.3105590556 4124288.7286528144 -2.4579074228571165 9
302473.15553470305 4124288.602290535 -2.4575235513140083 9
302473.0005504952 4124288.4758789483 -2.4572715904485882 9
302472.8455897583 4124288.349438499 -2.4571515401927435 9
302472.69063581835 4124288.222989632 -2.4571634004300695 9
302472.5356775264 4124288.0965460353 -2.4571636404584063 9
302472.380732529 4124287.9700861787 -2.4569521184566403 9
302472.22582782345 4124287.843577096 -2.4565275033854195 9
302472.07099041244 4124287.7169858133 -2.4558897947893557 9
302471.9162472005 4124287.590279478 -2.455048415224347 9
302471.7616127948 4124287.4634402944 -2.4542165476347484 9
302471.60707766673 4124287.336480016 -2.4534825411641816 9
302471.45262947894 4124287.20941384 -2.4528463952334048 9
302471.2982558943 4124287.0822569593 -2.4523081090589884 9
302471.1439450385 4124286.955024 -2.451849393422428 9
302470.9896919387 4124286.827721126 -2.4513953405412736 9
302470.83549691935 4124286.7003480024 -2.45093789163259 9
302470.681360441 4124286.572904128 -2.4504770466378547 9
302470.527282964 4124286.4453890035 -2.450012805388465 9
302470.37326750375 4124286.317799035 -2.449485082802985 9
302470.21932725504 4124286.1901183138 -2.448834125769377 9
302470.0654779468 4124286.0623278646 -2.4480599350407055 9
302469.9117353077 4124285.934408711 -2.4471625121888154 9
302469.7581155566 4124285.8063413254 -2.4461203990752836 9
302469.6046453923 4124285.678094368 -2.444812551739224 9
302469.45136157516 4124285.549625155 -2.4432200195873763 9
302469.2983012722 4124285.420890548 -2.4413427907607477 9
302469.1455016339 4124285.291847423 -2.4391845164917676 9
302468.9929789471 4124285.16247719 -2.4371745462867764 9
302468.84068755835 4124285.0328340703 -2.4356072915225626 9
302468.6885703727 4124284.9029857395 -2.4344827479656828 9
302468.5365702954 4124284.7729998734 -2.433800907417957 9
302468.384639075 4124284.6429337435 -2.433318263385795 9
302468.23278584273 4124284.512777126 -2.432598565720547 9
302468.0810426278 4124284.382492862 -2.4316331175705588 9
302467.92944151914 4124284.2520437236 -2.4304219182094173 9
302467.77801055094 4124284.121397185 -2.4291125277381735 9
302467.6267240129 4124283.9905830626 -2.428247536446245 9
302467.4755181031 4124283.859675358 -2.4278772699559505 9
302467.32432821195 4124283.728749008 -2.4280017261133495 9
302467.1730917182 4124283.5978766447 -2.428527729830888 9
302467.0217939261 4124283.4670753316 -2.428873542740505 9
302466.87046931614 4124283.3363051102 -2.428938325738514 9
302466.71915460756 4124283.2055234266 -2.428722078691424 9
302466.56788607605 4124283.074688245 -2.428247961845523 9
302466.4166863291 4124282.943773476 -2.4276934202710394 9
302466.2655620487 4124282.81277161 -2.4270955277429835 9
302466.1145190184 4124282.6816761857 -2.426454283424815 9
302465.9635626471 4124282.550481171 -2.4257917195097494 9
302465.81268257275 4124282.4191985154 -2.4253250585363273 9
302465.66184721637 4124282.287864367 -2.425109718768078 9
302465.51102350483 4124282.156516575 -2.4251457000549275 9
302465.3601783495 4124282.02519301 -2.425434854574249 9
302465.2092753232 4124281.8939356334 -2.4260388757202236 9
302465.0582705302 4124281.762795556 -2.4269877780148126 9
302464.9071190606 4124281.6318251337 -2.4282815668394693 9
302464.75577600475 4124281.5010767216 -2.429920246165708 9
302464.6042111948 4124281.370585543 -2.431540936379632 9
302464.4524663235 4124281.24030331 -2.432676800141792 9
302464.30060494726 4124281.110156329 -2.433326042683608 9
302464.14869062795 4124280.9800708964 -2.4334886680517984 9
302463.9967840302 4124280.8499766686 -2.4332711313422943 9
302463.8449064472 4124280.7198489155 -2.433074099867054 9
302463.6930507772 4124280.5896958034 -2.432935989879294 9
302463.5412092897 4124280.4595262283 -2.432856801637267 9
302463.3893742278 4124280.3293491183 -2.4328382799499133 9
302463.237536544 4124280.199174972 -2.4328993571863995 9
302463.08568536455 4124280.069016511 -2.433045205297308 9
302462.9338096774 4124279.9388866276 -2.433275824304033 9
302462.78189847356 4124279.8087982084 -2.4335905955901684 9
302462.62994332187 4124279.678761132 -2.433938084032874 9
302462.47794300085 4124279.548776862 -2.434285491468123 9
302462.32589754014 4124279.418845403 -2.4346328179418153 9
302462.17380696896 4124279.2889667577 -2.4349800634999075 9
302462.0216716988 4124279.159140482 -2.4353168880063483 9
302461.8694945099 4124279.029363341 -2.4356256688363094 9
302461.7172790896 4124278.899631036 -2.4359061108965174 9
302461.5650291272 4124278.7699392643 -2.436158214215155 9
302461.4127481214 4124278.6402839446 -2.4363888475999067 9
302461.26043713384 4124278.510663854 -2.4366224581043334 9
302461.1080955404 4124278.3810797427 -2.4368612081437453 9
302460.95572268334 4124278.2515324014 -2.4371050977304383 9
302460.8033180978 4124278.1220223927 -2.43734407078359 9
302460.65088717634 4124277.9925433793 -2.4375018966693776 9
302460.4984420942 4124277.863081035 -2.4375627929142376 9
302460.3459954047 4124277.733620588 -2.437526759522069 9
302460.1935595958 4124277.604147343 -2.4373995034683658 9
302460.0411403767 4124277.4746545777 -2.43729263599765 9
302459.8887308804 4124277.345150363 -2.4372492978720017 9
302459.7363228737 4124277.215644377 -2.4372694890892572 9
302459.58390812314 4124277.0861462965 -2.4373532096315493 9
302459.4314778848 4124276.9566664114 -2.4375130833887018 9
302459.2790210228 4124276.827217879 -2.4377645660437595 9
302459.1265257014 4124276.6978146955 -2.438107696342583 9
302458.97398008493 4124276.568470858 -2.4385424744003164 9
302458.82137320476 4124276.4391993363 -2.439030969867306 9
302458.66871143074 4124276.3099926217 -2.439371391005514 9
302458.51601713774 4124276.1808242938 -2.439534066707948 9
302458.36331330065 4124276.051667225 -2.4395189970646736 9
302458.2106228944 4124275.92249429 -2.4393261820826053 9
302458.0579647883 4124275.793283207 -2.4390577415859998 9
302457.90533777006 4124275.664035411 -2.438845606827699 9
302457.75273449684 4124275.5347595736 -2.4386903027567586 9
302457.6001476238 4124275.4054643707 -2.4385918293704747 9
302457.44756980863 4124275.276158473 -2.438549945698703 9
302457.294994147 4124275.1468500346 -2.4385567386504383 9
302457.1424147107 4124275.017546057 -2.438608378594203 9
302456.98982570367 4124274.8882533847 -2.4387048655359864 9
302456.8372213294 4124274.758978863 -2.4388461994826263 9
302456.68459589564 4124274.629729213 -2.4390257672535385 9
302456.53194872855 4124274.500505231 -2.4391709974842204 9
302456.37928629963 4124274.3712992687 -2.43926191072397 9
302456.2266156274 4124274.242103034 -2.439298506976886 9
302456.07394372975 4124274.112908235 -2.4392807862496846 9
302455.9212776166 4124273.9837065893 -2.4392093918688715 9
302455.76862364326 4124273.854490595 -2.4390947772076035 9
302455.61598704 4124273.725254089 -2.438940608905157 9
302455.4633729266 4124273.5959910406 -2.4387468869411326 9
302455.31078642275 4124273.46669542 -2.4385136112982186 9
302455.15823264734 4124273.337361197 -2.4382410750172663 9
302455.0057131108 4124273.207986596 -2.4380070363151853 9
302454.8532174374 4124273.0785838533 -2.437872102906056 9
302454.7007328076 4124272.9491680856 -2.4378362747718754 9
302454.54824640194 4124272.8197544115 -2.437899551903937 9
302454.39574540075 4124272.6903579477 -2.4380619343133896 9
302454.24321830174 4124272.5609922577 -2.4382805977380806 9
302454.0906665849 4124272.431655597 -2.4384369589455033 9
302453.9380991181 4124272.302337507 -2.4385241012178076 9
302453.7855248548 4124272.1730274297 -2.438542024561553 9
302453.63295274845 4124272.0437148055 -2.438490728980252 9
302453.48039174784 4124271.9143890813 -2.4383709796452404 9
302453.32784831384 4124271.7850426394 -2.438231503887727 9
302453.17532231624 4124271.6556756375 -2.4381013920292847 9
302453.0228125458 4124271.526289504 -2.4379806440687184 9
302452.87031779345 4124271.39688567 -2.437869260003898 9
302452.71783684986 4124271.2674655654 -2.437767239832074 9
302452.5653684722 4124271.13803066 -2.4376763232896796 9
302452.4129104125 4124271.0085836034 -2.437609516914018 9
302452.26045926864 4124270.8791284035 -2.437569481453821 9
302452.10801157495 4124270.749669141 -2.4375562169094653 9
302451.9555638657 4124270.6202098974 -2.4375697232810154 9
302451.8031126752 4124270.490754753 -2.43761000056851 9
302451.65065469814 4124270.3613076005 -2.4376703813974085 9
302451.4981894857 4124270.231868969 -2.4377188206511033 9
302451.34571904794 4124270.1024364918 -2.437751115315784 9
302451.19324547506 4124269.973007708 -2.437767265391831 9
302451.0407708573 4124269.843580156 -2.437767270879341 9
302450.888297285 4124269.714151376 -2.437751131778001 9
302450.73582680506 4124269.584718956 -2.4377214447698896 9
302450.58335963584 4124269.4552826397 -2.437703871823625 9
302450.430893533 4124269.3258450674 -2.437704971285345 9
302450.27842607774 4124269.1964090853 -2.4377247431547513 9
302450.125954852 4124269.066977538 -2.4377631874303756 9
302449.973477437 4124268.9375532726 -2.437820304109372 9
302449.820991412 4124268.808139136 -2.437896414292988 9
302449.66849371453 4124268.678738741 -2.438003331119142 9
302449.51597980404 4124268.5493574543 -2.438147013535478 9
302449.3634449324 4124268.4200008907 -2.4383274615616806 9
302449.21088435134 4124268.290674665 -2.438544675217443 9
302449.0582933129 4124268.1613843916 -2.438798654515149 9
302448.9056670686 4124268.032135685 -2.4390893994510674 9
302448.7530017077 4124267.9029331733 -2.439396010165224 9
302448.6002974719 4124267.7737765936 -2.4396910286713798 9
302448.44755588745 4124267.644664169 -2.4399743311920576 9
302448.2947784814 4124267.515594121 -2.4402459177624594 9
302448.1419667807 4124267.386564673 -2.440505788421955 9
302447.9891223121 4124267.257574047 -2.4407539432129624 9
302447.83624661 4124267.128620456 -2.4409900886024003 9
302447.68334130815 4124266.9997019796 -2.441213119478814 9
302447.53040811245 4124266.870816601 -2.4414229298500993 9
302447.3774487304 4124266.741962301 -2.4416195197116943 9
302447.22446486936 4124266.6131370603 -2.441802889063675 9
302447.0714582368 4124266.484338861 -2.441973037909726 9
302446.91843051603 4124266.355565712 -2.4421314707650112 9
302446.765382286 4124266.226816937 -2.442294060776122 9
302446.61231258465 4124266.0980936927 -2.4424650597610613 9
302446.45922033576 4124265.969397271 -2.4426444677307337 9
302446.3061044631 4124265.8407289647 -2.4428322846949317 9
302446.1529638903 4124265.7120900652 -2.4430285106619567 9
302445.99979754107 4124265.5834818655 -2.443233144952442 9
302445.8466048146 4124265.4549050913 -2.443435175584384 9
302445.69338696665 4124265.3263582503 -2.443623933404273 9
302445.54014570615 4124265.197839313 -2.443799418409831 9
302445.3868827424 4124265.0693462486 -2.4439616306024865 9
302445.23359978414 4124264.9408770236 -2.444110569986452 9
302445.0802985406 4124264.8124296083 -2.4442462365678623 9
302444.9269805694 4124264.6840021526 -2.44437468927435 9
302444.7736450157 4124264.55559569 -2.4445222822958317 9
302444.62028909096 4124264.4272135654 -2.444692078764196 9
302444.46690995165 4124264.2988591916 -2.44488407869592 9
302444.3135047547 4124264.1705359775 -2.4450982821047176 9
302444.16007065645 4124264.0422473364 -2.4453346889986953 9
302444.00660483376 4124263.9139966536 -2.445591583386825 9
302443.85310643475 4124263.785784959 -2.4458363594224597 9
302443.6995782239 4124263.6576089514 -2.4460565950269744 9
302443.5460233526 4124263.5294648693 -2.4462522902077115 9
302443.3924449723 4124263.401348949 -2.4464234449787075 9
302443.23884623445 4124263.273257428 -2.446570059357159 9
302443.0852302905 4124263.1451865444 -2.4466921333603313 9
302442.93160059035 4124263.017132174 -2.446782322366152 9
302442.7779619446 4124262.8890885483 -2.4468319249287354 9
302442.6243195516 4124262.761049428 -2.4468409257293207 9
302442.4706786098 4124262.6330085755 -2.446809324764317 9
302442.31704431743 4124262.504959751 -2.446737122030883 9
302442.1634218731 4124262.376896718 -2.4466243175284945 9
302442.0098162476 4124262.248813511 -2.4464801202100936 9
302441.856228704 4124262.1207086137 -2.446345456524798 9
302441.7026574849 4124261.9925841396 -2.446225212522952 9
302441.54910074547 4124261.8644423042 -2.446119388201044 9
302441.39555664075 4124261.736285324 -2.4460279835548326 9
302441.2420233256 4124261.608115416 -2.4459509985800056 9
302441.08849895524 4124261.4799347967 -2.4458884282521853 9
302440.93498170044 4124261.3517456613 -2.4458399385408978 9
302440.78146977443 4124261.2235501492 -2.4458053277324554 9
302440.62796139735 4124261.0953503908 -2.4457845958278788 9
302440.4744547896 4124260.967148516 -2.4457777428277563 9
302440.32094817125 4124260.8389466545 -2.4457847687323686 9
302440.16743976256 4124260.710746937 -2.445805673541724 9
302440.01392787474 4124260.5825513843 -2.4458365827004864 9
302439.8604124984 4124260.4543600082 -2.445858253194577 9
302439.70689510374 4124260.326171048 -2.445868063860004 9
302439.55337721115 4124260.1979826824 -2.4458660146969264 9
302439.39986034145 4124260.0697930926 -2.445852105705376 9
302439.24634601513 4124259.9416004573 -2.4458263368852635 9
302439.0928357528 4124259.8134029564 -2.4457887082364387 9
302438.9393306315 4124259.6851993 -2.4457501024186397 9
302438.78582968854 4124259.5569906402 -2.4457235536092523 9
302438.6323313746 4124259.4287788332 -2.4457090877558487 9
302438.47883414064 4124259.300565732 -2.445706704858401 9
302438.3253364374 4124259.172353193 -2.445716404916859 9
302438.1718367156 4124259.0441430705 -2.4457381879311595 9
302438.01833343296 4124258.9159372104 -2.445771544670475 9
302437.8648255123 4124258.787736902 -2.4458092621518515 9
302437.7113126266 4124258.6595425396 -2.445849001754042 9
302437.55779451726 4124258.531354433 -2.445890763477328 9
302437.40427092544 4124258.403172893 -2.445934547321988 9
302437.25074159255 4124258.274998231 -2.4459803532882987 9
302437.0972062598 4124258.1468307576 -2.446028181376525 9
302436.94366470695 4124258.0186707373 -2.446076296787936 9
302436.79011752387 4124257.890517464 -2.446115042218303 9
302436.6365660712 4124257.7623693054 -2.446142927186776 9
302436.4830117404 4124257.634224595 -2.446159951693183 9
302436.3294559227 4124257.5060816635 -2.4461661157375825 9
302436.17590000964 4124257.377938844 -2.446161419320198 9
302436.02234539244 4124257.2497944674 -2.4461458624413988 9
302435.86879331263 4124257.1216470464 -2.4461254326242514 9
302435.7152426426 4124256.9934979337 -2.446125999061324 9
302435.56169036403 4124256.8653507493 -2.4461505431519863 9
302435.408133406 4124256.7372091757 -2.4461990648975713 9
302435.25456869754 4124256.6090768976 -2.4462715643005213 9
302435.1009931677 4124256.480957597 -2.4463680413635487 9
302434.94740374555 4124256.3528549583 -2.4464884960883886 9
302434.79379755637 4124256.2247724277 -2.446624792077572 9
302434.6401751104 4124256.096709395 -2.446738926512841 9
302434.4865397734 4124255.96866182 -2.44682608025685 9
302434.33289500076 4124255.8406255613 -2.4468862533107005 9
302434.17924424756 4124255.712596472 -2.446919445676685 9
302434.0255909693 4124255.584570407 -2.4469256573569718 9
302433.87193862104 4124255.4565432225 -2.446904888352879 9
302433.7182905295 4124255.328510927 -2.4468634559122795 9
302433.5646467192 4124255.2004734953 -2.446842955268504 9
302433.4110037094 4124255.0724351048 -2.446850972957468 9
302433.2573578502 4124254.94440014 -2.446887508980558 9
302433.10370549164 4124254.816372982 -2.4469525633404814 9
302432.95004298363 4124254.688358016 -2.447046136040372 9
302432.79636667634 4124254.5603596233 -2.4471682270822073 9
302432.64267298125 4124254.4323821133 -2.447314987544692 9
302432.4889610935 4124254.3044264517 -2.4474463319318236 9
302432.33523406397 4124254.176488975 -2.4475516207348478 9
302432.18149522686 4124254.048565678 -2.4476308539551446 9
302432.0277479167 4124253.9206525562 -2.4476840315957507 9
302431.8739954678 4124253.7927456046 -2.447711153659739 9
302431.7202412145 4124253.6648408193 -2.447712220149142 9
302431.5664884584 4124253.5369342337 -2.447689630493026 9
302431.41273833433 4124253.4090244872 -2.4476770074194847 9
302431.2589884967 4124253.2811144004 -2.447685182364845 9
302431.1052362859 4124253.153207171 -2.447714155330109 9
302430.95147904207 4124253.025305998 -2.4477639263166533 9
302430.7977141058 4124252.89741408 -2.447834495325848 9
302430.64393881755 4124252.7695346135 -2.447925862358417 9
302430.49015052384 4124252.6416707905 -2.4480372427010266 9
302430.3363480426 4124252.5138240317 -2.448141612169135 9
302430.1825335155 4124252.3859917615 -2.4482256592304927 9
302430.0287095409 4124252.2581708534 -2.4482893838856987 9
302429.8748787173 4124252.130358183 -2.4483327861362234 9
302429.7210436429 4124252.002550624 -2.4483558659836206 9
302429.56720691617 4124251.8747450514 -2.4483586234289865 9
302429.4133711346 4124251.7469383404 -2.448341243635457 9
302429.25953783275 4124251.6191286463 -2.4483259383384883 9
302429.1057053783 4124251.491317935 -2.448328002601374 9
302428.95187155134 4124251.363508878 -2.448347436424577 9
302428.7980341327 4124251.2357041487 -2.4483842398088194 9
302428.6441909026 4124251.107906418 -2.448438412754907 9
302428.4903396416 4124250.98011836 -2.4485099552633964 9
302428.33647813 4124250.852342646 -2.448598867334104 9
302428.18260472524 4124250.724581255 -2.448690586910071 9
302428.0287206324 4124250.596832734 -2.4487660902201354 9
302427.87482793356 4124250.469094577 -2.4488252949480795 9
302427.7209287113 4124250.341364275 -2.448868201094672 9
302427.567025048 4124250.2136393213 -2.448894808660834 9
302427.41311902634 4124250.085917208 -2.448905117647295 9
302427.2592127286 4124249.9581954265 -2.448899128054383 9
302427.10530815297 4124249.8304715706 -2.4488793339538817 9
302426.9514066621 4124249.702744 -2.4488509812544836 9
302426.79750932974 4124249.575011421 -2.448814237338059 9
302426.6436172278 4124249.4472725424 -2.448769102204439 9
302426.48973142816 4124249.319526073 -2.4487155758535812 9
302426.3358530028 4124249.191770721 -2.448653658285665 9
302426.1819830239 4124249.0640051966 -2.4485833495012033 9
302426.0281225042 4124248.9362282776 -2.4485066129135173 9
302425.87427186326 4124248.808439463 -2.448428980463057 9
302425.72043117875 4124248.68063866 -2.4483507853488127 9
302425.5666005238 4124248.5528257857 -2.4482720275696614 9
302425.41277997155 4124248.4250007523 -2.4481927071244924 9
302425.2589695955 4124248.2971634753 -2.448112824012207 9
302425.1051694689 4124248.1693138694 -2.4480323782317197 9
302424.95137958555 4124248.041451945 -2.447954330407413 9
302424.7975988753 4124247.913578989 -2.4478896911381787 9
302424.64382550726 4124247.7856972036 -2.4478394983873515 9
302424.4900576338 4124247.657808811 -2.447803752155114 9
302424.3362934076 4124247.5299160313 -2.447782452441348 9
302424.1825309812 4124247.4020210872 -2.447775599245861 9
302424.02876850724 4124247.2741261995 -2.4477831925685187 9
302423.875004238 4124247.14623347 -2.4478006855577576 9
302423.7212385681 4124247.018342425 -2.44780236802662 9
302423.5674739523 4124246.890450113 -2.4477842065156543 9
302423.4137129288 4124246.762553483 -2.4477462010246076 9
302423.25995803584 4124246.6346494844 -2.447688351553263 9
302423.1062118115 4124246.5067350664 -2.447610658101893 9
302422.95247679396 4124246.3788071773 -2.4475131206719394 9
302422.7987553507 4124246.250862971 -2.447403925833673 9
302422.6450457158 4124246.1229045712 -2.447334369371781 9
302422.49134187296 4124245.994939211 -2.4473133738682304 9
302422.3376376113 4124245.8669743566 -2.447340939321749 9
302422.18392672006 4124245.7390174754 -2.44741706573686 9
302422.03020298836 4124245.6110760346 -2.4475417531219312 9
302421.8764602054 4124245.4831574988 -2.4477150014837914 9
302421.72269235086 4124245.355269109 -2.4479277054021136 9
302421.568897987 4124245.227412592 -2.4481230808273082 9
302421.4150803757 4124245.0995840314 -2.448291295867622 9
302421.26124299166 4124244.9717792515 -2.4484323505277317 9
302421.1073893103 4124244.8439940773 -2.448546244816391 9
302420.95352280664 4124244.716224334 -2.448632978743307 9
302420.79964695586 4124244.588465846 -2.4486925523166203 9
302420.64576532587 4124244.4607143262 -2.4487224327097077 9
302420.4918820428 4124244.3329648064 -2.4487184480088198 9
302420.33800144104 4124244.205212068 -2.4486805367918203 9
302420.18412785477 4124244.0774508896 -2.4486086990553684 9
302420.03026561876 4124243.9496760503 -2.448502934797333 9
302419.8764190673 4124243.8218823317 -2.4483632440192737 9
302419.7225918157 4124243.694065377 -2.448214449733224 9
302419.5687795162 4124243.5662304205 -2.4481335415528216 9
302419.4149728666 4124243.4383886596 -2.448126005908748 9
302419.2611624899 4124243.3105513817 -2.4481918427978413 9
302419.107339009 4124243.1827298747 -2.448331052222979 9
302418.9534930471 4124243.0549354265 -2.448543634182446 9
302418.7996158016 4124242.927178636 -2.4488133683965043 9
302418.64570234227 4124242.7994654663 -2.4491099601406967 9
302418.49174933776 4124242.671799964 -2.4494327191977185 9
302418.3377534621 4124242.544186169 -2.449781645589517 9
302418.18371138914 4124242.416628122 -2.4501567393166925 9
302418.0296197841 4124242.2891298747 -2.450558720615279 9
302417.8754745689 4124242.16169641 -2.4509999643757148 9
302417.7212703581 4124242.0343343476 -2.4514849449143843 9
302417.567001633 4124241.9070504764 -2.4520136625017646 9
302417.4126628754 4124241.7798515833 -2.452586117358756 9
302417.25824859046 4124241.652744427 -2.4531996817677846 9
302417.10375759663 4124241.525730515 -2.453776306630682 9
302416.9491980204 4124241.3988000304 -2.454279656915709 9
302416.79457920033 4124241.2719416777 -2.4547097327582295 9
302416.6399104747 4124241.145144162 -2.4550665343721447 9
302416.485201418 4124241.0183958947 -2.455341929605965 9
302416.33046407165 4124240.8916822067 -2.455512073474775 9
302416.1757119459 4124240.7649865956 -2.4555754228796376 9
302416.02095857065 4124240.638292534 -2.4555319777927003 9
302415.86621636315 4124240.5115848505 -2.455418964853154 9
302415.7114865303 4124240.3848620467 -2.455341732985598 9
302415.5567637891 4124240.258130537 -2.455306678904862 9
302415.4020427338 4124240.1313968855 -2.4553192011024305 9
302415.247307411 4124240.0046806023 -2.45557723997896 9
302415.09251757764 4124239.8780310075 -2.4561805251356814 9
302414.9376295832 4124239.7515016035 -2.457129057227125 9
302414.78261314397 4124239.625129539 -2.4580921367560764 9
302414.6274986285 4124239.498877758 -2.4586804402798488 9
302414.4723335806 4124239.3726881915 -2.458896825323525 9
302414.3171534395 4124239.246517407 -2.4589839143417067 9
302414.16196097224 4124239.120361479 -2.459089859978565 9
302414.00676802587 4124238.994205408 -2.458735975471581 9
302413.85172789986 4124238.8678622264 -2.4566135163033067 9
302413.697058194 4124238.7410668437 -2.453328469055352 9
302413.54267507984 4124238.6139215967 -2.452446577107283 9
302413.38822957035 4124238.4868520456 -2.4539225413339913 9
302413.23366307723 4124238.359929998 -2.4538779517504254 9
302413.0792356034 4124238.232839146 -2.45203241124584 9
302412.925018106 4124238.1054931935 -2.450818564980736 9
302412.7708983939 4124237.9780287216 -2.4503383043370937 9
302412.61686133326 4124237.8504646667 -2.449420053359839 9
302412.4629747182 4124237.722719382 -2.448110679274118 9
302412.30921659543 4124237.5948192566 -2.4475287947988056 9
302412.1554773982 4124237.466896181 -2.4476962894968057 9
302412.00175287336 4124237.3389555756 -2.4470678734510583 9
302411.8481843333 4124237.210828033 -2.445326721482277 9
302411.6947948919 4124237.0824858355 -2.4447872216872275 9
302411.5413277962 4124236.954236799 -2.4465359760433483 9
302411.38759945 4124236.8263010066 -2.4481058671541187 9
302411.2338166905 4124236.698430367 -2.447384832729611 9
302411.08019875566 4124236.5703619425 -2.4461117487007407 9
302410.9266675277 4124236.442189476 -2.446027781171518 9
302410.77309740375 4124236.3140636636 -2.44655150899984 9
302410.619449513 4124236.1860311627 -2.447229906795791 9
302410.4657206446 4124236.058095875 -2.4477553445210556 9
302410.3119436859 4124235.930218418 -2.447945008924646 9
302410.15817866987 4124235.802326565 -2.447564510422055 9
302410.00441078853 4124235.674438139 -2.4485175189099735 9
302409.85042377847 4124235.5468137106 -2.4499374385281754 9
302409.69650665694 4124235.419105139 -2.447952581122617 9
302409.54274829297 4124235.2912051035 -2.447999987811468 9
302409.38882078143 4124235.163508983 -2.4505236424740717 9
302409.2345675 4124235.0362065216 -2.4521314684439 9
302409.08026092977 4124234.908968397 -2.452416654430705 9
302408.92572643067 4124234.782007724 -2.45535657273557 9
302408.770880518 4124234.655426507 -2.456921427136474 9
302408.6158888429 4124234.5290240673 -2.458021804102732 9
302408.46074847534 4124234.402804079 -2.459135152118521 9
302408.305503163 4124234.276713506 -2.4597820343028465 9
302408.15010835585 4124234.1508070976 -2.461833747933392 9
302407.994312811 4124234.0253940932 -2.466382409639904 9
302407.83772624587 4124233.9009739608 -2.4744757065261163 9
302407.6802574801 4124233.777671207 -2.47866568228825 9
302407.52275786933 4124233.654407275 -2.4761555131822437 9
302407.3654691447 4124233.530874691 -2.476111026784009 9
302407.20794976014 4124233.4076354466 -2.4799453281573864 9
302407.0497457392 4124233.2852791212 -2.4864176047899678 9
302406.8909421893 4124233.1636985578 -2.4892277303728503 9
302406.7318164665 4124233.0425407146 -2.493386215833647 9
302406.5719137124 4124232.9224125734 -2.500872973436111 9
302406.411316195 4124232.8032119884 -2.5044379892192827 9
302406.2506674713 4124232.6840822203 -2.501497198299739 9
302406.0902883375 4124232.564588839 -2.5030657919514407 9
302405.9291540734 4124232.4461179245 -2.511714036350787 9
302405.767221336 4124232.32873607 -2.5166454587448004 9
302405.60468773043 4124232.212190894 -2.5228089804628397 9
302405.4413577468 4124232.0967641138 -2.529650554033425 9
302405.27734950004 4124231.9823024855 -2.534463792224115 9
302405.1129725789 4124231.8683715914 -2.5359581620954232 9
302404.94850155676 4124231.7545761755 -2.537226194634991 9
302404.7837209578 4124231.641230824 -2.540995278074891 9
302404.6185818955 4124231.5284070484 -2.5430402739635984 9
302404.45328025013 4124231.415821204 -2.5447222060719614 9
302404.28764665325 4124231.3037262135 -2.5487689427714906 9
302404.1215944236 4124231.1922510387 -2.5515819222245835 9
302403.95532121323 4124231.0811043554 -2.5534583889755664 9
302403.78869372 4124230.9704919597 -2.558143167717979 9
302403.62150307855 4124230.8607320334 -2.5628079573523475 9
302403.4539191624 4124230.751571492 -2.565584316090714 9
302403.28598974936 4124230.6429448132 -2.569593439253867 9
302403.11752731964 4124230.5351461624 -2.575314999724426 9
302402.94839309156 4124230.428403704 -2.5820709554424055 9
302402.77849747613 4124230.3228765465 -2.5895517471479614 9
302402.60779977596 4124230.218652862 -2.597356197857059 9
302402.4363272849 4124230.1157091684 -2.604175100996583 9
302402.26424682717 4124230.0137842204 -2.6092845295515827 9
302402.09168987174 4124229.912669673 -2.613759408230276 9
302401.9186875542 4124229.812317555 -2.6183723081225816 9
302401.7451414277 4124229.712910441 -2.624780733479448 9
302401.5708987499 4124229.6147297444 -2.632150538808873 9
302401.395924675 4124229.5178528577 -2.6401842354498744 9
302401.2199651087 4124229.42278298 -2.653246920638557 9
302401.04263851553 4124229.33028496 -2.6680228343406283 9
302400.8640678265 4124229.2402136424 -2.680040772832694 9
302400.68466606946 4124229.1518094735 -2.6867413101979896 9
302400.5047317366 4124229.0644955183 -2.693127047825484 9
302400.3241252301 4124228.978578645 -2.7027615227314135 9
302400.14259332744 4124228.894639836 -2.713077517195686 9
302399.9605069297 4124228.8119042465 -2.7166530964438285 9
302399.77810581366 4124228.729870222 -2.721677782318663 9
302399.59525127313 4124228.6488495413 -2.7272337950971317 9
302399.4121807946 4124228.568317426 -2.7243957337364315 9
302399.2297036446 4124228.486453029 -2.718676478017197 9
302399.0468982162 4124228.405322631 -2.7298258131520003 9
302398.86321068305 4124228.326208428 -2.739271254079496 9
302398.6789834153 4124228.248359496 -2.7436544057908923 9
302398.49442066444 4124228.1713103647 -2.749114339594138 9
302398.30937653105 4124228.0954236113 -2.755623497754036 9
302398.12387016014 4124228.0206763525 -2.761216307026157 9
302397.93799738755 4124227.9468367617 -2.7660731616160494 9
302397.7515905315 4124227.874365191 -2.7766521809798723 9
302397.56440061517 4124227.8039407157 -2.7852905306639255 9
302397.37691288546 4124227.7343029883 -2.7860909941298777 9
302397.1893623316 4124227.6648442573 -2.7881914133762855 9
302397.00159851904 4124227.595965281 -2.791674683341113 9
302396.81362281804 4124227.5276586907 -2.7943292413573597 9
302396.6254053384 4124227.4600196485 -2.799635903288853 9
302396.4366868781 4124227.393804374 -2.8089895712406845 9
302396.24740125384 4124227.329218493 -2.8158193911629965 9
302396.0578027737 4124227.26555206 -2.819363250849811 9
302395.86795745994 4124227.202635222 -2.824049775540195 9
302395.67778861255 4124227.140704407 -2.8293531996970778 9
302395.48731376627 4124227.079710704 -2.833985739212909 9
302395.29649245495 4124227.019810285 -2.8416967049233564 9
302395.10509125656 4124226.961806639 -2.8528276985949765 9
302394.913149808 4124226.905596203 -2.8597058430753663 9
302394.7208614801 4124226.850583272 -2.8673081805672345 9
302394.5280048088 4124226.797621895 -2.879591814689058 9
302394.33466604335 4124226.7464249893 -2.884337885018298 9
302394.1411631519 4124226.6958611608 -2.8886377598638595 9
302393.9473034957 4124226.646676884 -2.8982943625534854 9
302393.75289458 4124226.5997148305 -2.9113603974655633 9
302393.55790915596 4124226.5552088954 -2.921852731577637 9
302393.362608026 4124226.5121028647 -2.926245900728976 9
302393.1671684022 4124226.4696381995 -2.9288360117504633 9
302392.9716000325 4124226.4277585153 -2.933541315658446 9
302392.7757023036 4124226.387460634 -2.9449006408645495 9
302392.57930259773 4124226.3496647137 -2.957900642835748 9
302392.38244863035 4124226.314323577 -2.9694543943503384 9
302392.18529013393 4124226.280726885 -2.975000512250107 9
302391.98804480286 4124226.2476352393 -2.975960320649366 9
302391.79071300407 4124226.2150787227 -2.981018029438564 9
302391.59316755045 4124226.1838397426 -2.988232867939224 9
302391.39542624285 4124226.1538634514 -2.9938301263963716 9
302391.19752691814 4124226.124956921 -2.9993726602184623 9
302390.99944344594 4124226.0972879673 -3.0074382866318152 9
302390.80103986786 4124226.0720920707 -3.0246235406976147 9
302390.60221804545 4124226.050409039 -3.039697221032149 9
302390.4031670682 4124226.030889873 -3.0480154037907865 9
302390.20394619484 4124226.0132727893 -3.0593443224820986 9
302390.00452351046 4124225.998070385 -3.0715903393295982 9
302389.8049330485 4124225.9852567967 -3.083247291613644 9
302389.60521264176 4124225.974685094 -3.09385208477621 9
302389.4054011068 4124225.9659781414 -3.101788701913199 9
302389.20552988246 4124225.958783607 -3.109707285662175 9
302389.00560594484 4124225.9532761527 -3.1180480445105534 9
302388.8056472319 4124225.949176979 -3.123697271710888 9
302388.6056729046 4124225.945973434 -3.1271068938627558 9
302388.40569282224 4124225.9431480593 -3.127039803807838 9
302388.20571763563 4124225.940005634 -3.125448377668865 9
302388.005739382 4124225.9370423984 -3.1286871075108613 9
302387.80575039214 4124225.934946449 -3.1336964301130985 9
302387.6057538646 4124225.933754239 -3.1370174848776737 9
302387.40575530677 4124225.9329702887 -3.138425918963114 9
302387.2057555905 4124225.932562906 -3.141019378480329 9
302387.00575579575 4124225.9329467127 3.1366370890374204 9
302386.8057627528 4124225.934724301 3.128409348536478 9
302386.60579455213 4124225.9383574394 3.11824378342217 9
302386.40587462904 4124225.9440761497 3.107739892544101 9
302386.2060243907 4124225.9518166473 3.098670741071004 9
302386.00623227004 4124225.9609608133 3.0936723347839066 9
302385.8064792264 4124225.9708950818 3.0901679299440103 9
302385.6067614337 4124225.981533329 3.086198968723352 9
302385.4071071869 4124225.9932871982 3.078743613475074 9
302385.2075570527 4124226.006699494 3.070535097001362 9
302385.00810949405 4124226.021566394 3.0640479514724617 9
302384.80875584553 4124226.037634811 3.0583967859269703 9
302384.60949188133 4124226.054781442 3.0531436287541323 9
302384.41031119466 4124226.072864024 3.0501049695019553 9
302384.21111479704 4124226.0907818526 3.0539154092883627 9
302384.01192323834 4124226.108736902 3.0468549941551926 9
302383.81291592104 4124226.128637056 3.038816548235541 9
302383.61398752214 4124226.1493310807 3.0362425326595126 9
302383.4151826144 4124226.1711485046 3.0277425183497093 9
302383.21657296724 4124226.194702422 3.01965107388493 9
302383.01816392253 4124226.2198869325 3.0104889815991625 9
302382.8200300899 4124226.2471440304 2.9994511288938868 9
302382.6221806253 4124226.2764004795 2.9906359463855936 9
302382.4245288258 4124226.3069591247 2.98670636967231 9
302382.22693397873 4124226.3378839586 2.9857385574877338 9
302382.0293975926 4124226.3691794486 2.9828822660100243 9
302381.8319780174 4124226.401205596 2.978412197110829 9
302381.6347231095 4124226.4342274694 2.973221988000458 9
302381.4376111288 4124226.4680954134 2.9700158724164494 9
302381.24058163963 4124226.5024368325 2.968108111153452 9
302381.04361214384 4124226.537124879 2.96627079862635 9
302380.84674902796 4124226.572409281 2.961630385411454 9
302380.6500968802 4124226.608845913 2.9555031389130813 9
302380.4536207864 4124226.646231303 2.952031471468526 9
302380.2572823524 4124226.6843291777 2.947203861580791 9
302380.06119920174 4124226.723715502 2.9393568497246414 9
302379.8654311153 4124226.764645131 2.9317203250762396 9
302379.6699641164 4124226.8069866183 2.9250183220170785 9
302379.474762295 4124226.850533126 2.919250290461753 9
302379.2798094857 4124226.895183571 2.9135968966698584 9
302379.0851407463 4124226.941056413 2.9063679574516015 9
302378.89084869187 4124226.9884970365 2.898034380931097 9
302378.69692118134 4124227.0374101256 2.8912682914958405 9
302378.50330151035 4124227.0875250795 2.8854882482212663 9
302378.3099673727 4124227.138731526 2.8796175591458453 9
302378.116979932 4124227.1912306333 2.872092392324715 9
302377.92442474636 4124227.2452957975 2.8634961068333573 9
302377.7323513831 4124227.3010410387 2.855327954644983 9
302377.5406091199 4124227.3579216297 2.851939174535715 9
302377.3490216859 4124227.415320167 2.8483256663222107 9
302377.15776765434 4124227.473813553 2.8410491430519307 9
302376.9669234036 4124227.53363769 2.8349146824789253 9
302376.7764282515 4124227.594563852 2.828845512565157 9
302376.586366105 4124227.6568235653 2.821088164709105 9
302376.396787379 4124227.720543929 2.81373011636134 9
302376.2076634569 4124227.7856017267 2.806797752117007 9
302376.01899843325 4124227.851974603 2.800095930190647 9
302375.8306710055 4124227.919301864 2.7971688973059607 9
302375.642524197 4124227.9871318466 2.792828704208689 9
302375.4549025781 4124228.0564044593 2.7822675643027015 9
302375.2681448983 4124228.1279713614 2.768593178597852 9
302375.08240802615 4124228.2021477474 2.754967549515831 9
302374.89765677723 4124228.2787610325 2.7413977844687447 9
302374.71415618685 4124228.3583011795 2.7231888960394257 9
302374.53198466875 4124228.4408495873 2.7109021964491014 9
302374.350444447 4124228.524778516 2.706582592777581 9
302374.169204341 4124228.6093465085 2.703525041057447 9
302373.98828377406 4124228.69459934 2.6983828287782234 9
302373.80792817095 4124228.7810379853 2.6911385651501223 9
302373.6280960221 4124228.868563897 2.6866728738716334 9
302373.4485426064 4124228.9566584514 2.684464543800872 9
302373.2691326494 4124229.0450441176 2.6833050199012263 9
302373.08984816464 4124229.1336843995 2.68131919919114 9
302372.9107728097 4124229.2227465278 2.679227390444894 9
302372.7317567925 4124229.3119270857 2.6800578709748883 9
302372.55264243047 4124229.400909522 2.6806050479259356 9
302372.3735997107 4124229.490041991 2.6776611666644494 9
302372.19516720605 4124229.580380425 2.667328778243195 9
302372.01748908375 4124229.672199737 2.664132447447341 9
302371.8397621113 4124229.763924131 2.664663950812152 9
302371.66236831417 4124229.8562878645 2.6583318049128937 9
302371.4854666223 4124229.9495946127 2.6545622934993167 9
302371.30888830865 4124230.0435097087 2.6508113052344293 9
302371.13266027975 4124230.138080283 2.647777623789236 9
302370.9566220901 4124230.233006041 2.645871066936276 9
302370.7809586318 4124230.328620297 2.639765848814507 9
302370.6058956401 4124230.425331643 2.6345469114898408 9
302370.4312019498 4124230.522709118 2.6316353041561937 9
302370.2568017795 4124230.6206094045 2.628454383450877 9
302370.08272270736 4124230.7190802256 2.625142899343219 9
302369.90898495016 4124230.818153706 2.62121682013408 9
302369.7357476671 4124230.9180973065 2.615064838895638 9
302369.5631434077 4124231.0191308632 2.609302067755178 9
302369.39103069017 4124231.1210025907 2.604954090375789 9
302369.2194538263 4124231.2237710054 2.5984585034973615 9
302369.04861590744 4124231.3277628575 2.591538362939223 9
302368.87837313407 4124231.4327289904 2.5866973733490752 9
302368.70871984295 4124231.538643055 2.579802765268103 9
302368.53994376684 4124231.6459516543 2.5703869893025817 9
302368.3722910347 4124231.755005341 2.559208009194087 9
302368.20589065255 4124231.8659631643 2.547772453195258 9
302368.04082283657 4124231.9788961816 2.534898633667257 9
302367.8773725033 4124232.0941502303 2.5201334502495003 9
302367.71545638016 4124232.211557265 2.5090151228444255 9
302367.5547754265 4124232.330647788 2.4980573922799407 9
302367.3955586061 4124232.4516830877 2.4853213272765178 9
302367.23773681966 4124232.5745383673 2.4755356311557266 9
302367.080975061 4124232.698741325 2.4675768845115003 9
302366.92521228467 4124232.8241933524 2.4595376016745107 9
302366.7704706653 4124232.9509042925 2.451354229805321 9
302366.6167749447 4124233.0788796023 2.4434150239540213 9
302366.46392029617 4124233.2078590477 2.4386136112682335 9
302366.31149259926 4124233.33734289 2.436125236819251 9
302366.1594422987 4124233.467268405 2.4326910336496197 9
302366.007897126 4124233.5977834645 2.428431989010395 9
302365.8569475474 4124233.7289867452 2.4237282726459624 9
302365.7065708222 4124233.860846303 2.4198682905661517 9
302365.55662547576 4124233.9931955943 2.417287992807397 9
302365.40691816545 4124234.1258149836 2.416113247840375 9
302365.25747161306 4124234.2587277344 2.412631331708324 9
302365.10865453986 4124234.392343607 2.4078718197045728 9
302364.96020713693 4124234.5263726073 2.406735150230602 9
302364.8120995394 4124234.6607753416 2.401562782608086 9
302364.6649863472 4124234.7962661907 2.3932232600856405 9
302364.5189195054 4124234.932885318 2.386195522022612 9
302364.37373644614 4124235.070442611 2.380302390616243 9
302364.2293574361 4124235.208845914 2.3737518142846348 9
302364.0861499168 4124235.3484569946 2.36368848364614 9
302363.94428723044 4124235.4894371238 2.3555943581822003 9
302363.8033192277 4124235.631311545 2.3507014225437115 9
302363.66292423266 4124235.7737517497 2.34745557763343 9
302363.522977456 4124235.9166326234 2.3440026312604982 9
302363.3836024849 4124236.060072219 2.3394824635534395 9
302363.2449418319 4124236.204202227 2.3340901621537693 9
302363.1071148806 4124236.349127435 2.3280760798863573 9
302362.9701630832 4124236.494883202 2.3220548589034333 9
302362.83414698666 4124236.6415200313 2.3145354858721987 9
302362.69956280844 4124236.789462687 2.3026139250233912 9
302362.5668883281 4124236.9391154884 2.2908438243700058 9
302362.4354081009 4124237.0898303147 2.286727144985184 9
302362.30422243 4124237.2407981465 2.2850134350597746 9
302362.1735992289 4124237.3922471763 2.2793288636049684 9
302362.04406232544 4124237.544629009 2.271064974462736 9
302361.91591870366 4124237.698190936 2.2609348716888613 9
302361.7896080032 4124237.8532619327 2.2470228511803754 9
302361.66573660675 4124238.010279119 2.230848575897406 9
302361.5441140927 4124238.169058144 2.2188207773236917 9
302361.42436321336 4124238.3292553104 2.205238598189935 9
302361.307392879 4124238.491473852 2.1866829996407375 9
302361.19215653714 4124238.654942502 2.1869171876146005 9
302361.0761916363 4124238.8178928397 2.188380180953133 9
302360.9614779998 4124238.9817200503 2.174276626787315 9
302360.84892533615 4124239.1470484925 2.1636385541800935 9
302360.7378887001 4124239.313394622 2.1551553422606227 9
302360.6282331544 4124239.480653747 2.147264848945039 9
302360.519778231 4124239.648694748 2.140895556188228 9
302360.41222399875 4124239.8173130825 2.136664032413179 9
302360.3052684405 4124239.986311831 2.133211551745317 9
302360.1990072076 4124240.1557480437 2.1283916389117565 9
302360.0937190466 4124240.3257907517 2.1216956669866436 9
302359.989689609 4124240.496606858 2.113834675508434 9
302359.8870554449 4124240.6682635974 2.105473952923986 9
302359.7858765207 4124240.8407858964 2.096694443177979 9
302359.68660226476 4124241.0144099 2.082502880680886 9
302359.59027678304 4124241.1896854914 2.06446668447323 9
302359.49688478257 4124241.366545658 2.0492706443732525 9
302359.4059775888 4124241.544692584 2.036365431124667 9
302359.3172525434 4124241.7239376092 2.0244216616250834 9
302359.2307034127 4124241.9042404816 2.012556908808327 9
302359.1459423063 4124242.0853926106 2.0052368363936823 9
302359.0621073808 4124242.266975185 2.001436026727184 9
302358.97898488666 4124242.4488830036 1.9973320518449793 9
302358.89658780256 4124242.6311211763 1.9936965437290088 9
302358.814759091 4124242.813615653 1.9911033155973967 9
302358.73329938477 4124242.996274638 1.9896804871848548 9
302358.6519922088 4124243.179001707 1.9893060502728495 9
302358.5707992634 4124243.361779582 1.9881375757010635 9
302358.4899364454 4124243.5447034766 1.9857922172384528 9
302358.4094951088 4124243.727813362 1.98378150082346 9
302358.3293508112 4124243.911053526 1.9825406279426452 9
302358.2493822041 4124244.094370125 1.9818089572936461 9
302358.16951175506 4124244.277729785 1.9814687519687604 9
302358.0897300394 4124244.461128537 1.980493764488476 9
302358.01028175076 4124244.644671324 1.9778366528303206 9
302357.93145548383 4124244.8284817715 1.97399056336554 9
302357.85331433144 4124245.0125854183 1.9704679228292659 9
302357.77578335436 4124245.196947741 1.9673197790983714 9
302357.6988603646 4124245.381564351 1.963730666071008 9
302357.6226668256 4124245.5664821486 1.9594279439915083 9
302357.54731459764 4124245.751744139 1.954826015733125 9
302357.4727728357 4124245.937334721 1.9506980705591115 9
302357.39895276306 4124246.1232144875 1.9470105414096057 9
302357.32583837037 4124246.309372662 1.942965669205819 9
302357.25353677804 4124246.495846922 1.938289587288051 9
302357.1821574153 4124246.682675886 1.9332080992503267 9
302357.1117042394 4124246.869857014 1.928419836203125 9
302357.04211571685 4124247.05736221 1.9239742553870147 9
302356.97334133467 4124247.245167531 1.9196729983350516 9
302356.9053829667 4124247.4332688176 1.9152938271249236 9
302356.8382566373 4124247.6216672673 1.9108461878082448 9
302356.7719556191 4124247.810357124 1.9066000317343297 9
302356.70642519824 4124247.9993179687 1.9026776672414274 9
302356.64160782454 4124248.188528535 1.8989367217558693 9
302356.57760995097 4124248.378018786 1.8937571995926867 9
302356.5147759154 4124248.5678929915 1.886681506488065 9
302356.4534531386 4124248.7582563013 1.8782341873894826 9
302356.39356884646 4124248.949080449 1.872016396527521 9
302356.33459261537 4124249.1401918554 1.8687101361039669 9
302356.2760329996 4124249.3314295895 1.8670508557107686 9
302356.21789818315 4124249.522793559 1.864186825760857 9
302356.1604371688 4124249.714361138 1.8600203310037884 9
302356.1038855082 4124249.906201075 1.8547273783810245 9
302356.0484525072 4124250.098366146 1.8483720932528902 9
302355.9942734671 4124250.2908878285 1.8420216767366369 9
302355.9412278271 4124250.4837269913 1.836601271168674 9
302355.88931653136 4124250.6768751317 1.8293828381849413 9
302355.8392231107 4124250.8705009543 1.817857050199896 9
302355.7916282748 4124251.064758855 1.804080026082748 9
302355.74672660365 4124251.25965171 1.7918188983382826 9
302355.7030927723 4124251.4548360757 1.7914846824782598 9
302355.6595883049 4124251.6500479034 1.7863373168464365 9
302355.6182648558 4124251.845731743 1.7712806489887671 9
302355.57981507416 4124252.0420048395 1.7575729529177173 9
302355.54368118563 4124252.238713788 1.7483550664537266 9
302355.5088038131 4124252.4356515203 1.7440612553371277 9
302355.4749078169 4124252.6327580544 1.7375489053329456 9
302355.4425301908 4124252.8301195963 1.7294618438840585 9
302355.41161578696 4124253.0277177505 1.7226540205615353 9
302355.38207589847 4124253.2255247706 1.71520460510446 9
302355.3540738477 4124253.4235543106 1.7077493825764976 9
302355.3272626762 4124253.621750264 1.7032330206902835 9
302355.3012034214 4124253.8200455615 1.6996779012012109 9
302355.2758530637 4124254.018431901 1.6961920672932411 9
302355.2511160241 4124254.216896752 1.6935605564855556 9
302355.2270469042 4124254.4154442237 1.6883762055938734 9
302355.20450662595 4124254.614168852 1.679068484868055 9
302355.18363360915 4124254.8130783215 1.6721607672293561 9
302355.1639338094 4124255.012106372 1.6667778389771006 9
302355.1452948931 4124255.2112354957 1.6613782093522598 9
302355.12783327 4124255.4104725337 1.6548296747317022 9
302355.1119008987 4124255.609840643 1.645436520338087 9
302355.09832501505 4124255.8093774472 1.6315985587482245 9
302355.0873789042 4124256.0090797655 1.6202968111014602 9
302355.0783333106 4124256.2088793567 1.6115092359210965 9
302355.0712625193 4124256.408753353 1.6004420842048912 9
302355.06635806075 4124256.6086937864 1.5908353687095749 9
302355.06300011004 4124256.8086680686 1.5847994606168965 9
302355.06066814106 4124257.008654429 1.580290522768386 9
302355.059151063 4124257.2086494756 1.5763617880225664 9
302355.05854218407 4124257.408649098 1.5710553246384784 9
302355.05912079115 4124257.6086478783 1.5648635866021128 9
302355.060829611 4124257.8086416065 1.5598618640617627 9
302355.0634349252 4124258.0086264806 1.5555589470462268 9
302355.0670094289 4124258.208595045 1.5500674868886832 9
302355.0717985905 4124258.408537829 1.543637659097446 9
302355.0778216551 4124258.608448496 1.5378522740423894 9
302355.0849155499 4124258.8083234434 1.5330235498437874 9
302355.09277270694 4124259.0081689605 1.5303932017486874 9
302355.100906775 4124259.208003932 1.530203142295353 9
302355.109037138 4124259.4078390957 1.529778408319237 9
302355.11742335523 4124259.607662908 1.5276420894889202 9
302355.1263787145 4124259.807461601 1.52432380468875 9
302355.1360133862 4124260.007229735 1.520866454786375 9
302355.1463536133 4124260.2069651526 1.5171558470374054 9
302355.1575762794 4124260.4066532482 1.511826044109185 9
302355.1700586418 4124260.606262873 1.5045345019621845 9
302355.1840935112 4124260.805768499 1.4969395948686146 9
302355.1994271839 4124261.005182202 1.491537058423151 9
302355.2156251998 4124261.204528549 1.4880914803181915 9
302355.232469345 4124261.403818717 1.484837197402138 9
302355.24997577036 4124261.6030493644 1.4814376254606472 9
302355.2681873204 4124261.8022165857 1.477717272476456 9
302355.2871810605 4124262.0013168165 1.4735579389219042 9
302355.30731041724 4124262.2003094703 1.4653109773415507 9
302355.3297325201 4124262.399044283 1.4505513699252337 9
302355.3552675319 4124262.597406137 1.435658494152482 9
302355.38336188474 4124262.795436581 1.4245789054021945 9
302355.4137421243 4124262.993124764 1.411163264939253 9
302355.4472674616 4124263.19028693 1.3934444763729805 9
302355.48375626124 4124263.386932829 1.3829717015039769 9
302355.5214896183 4124263.583350323 1.3781975021875446 9
302355.5609075006 4124263.779422833 1.3651335115733898 9
302355.6030934214 4124263.974922675 1.3526614308312435 9
302355.6470022154 4124264.1700485307 1.3470200216890622 9
302355.69176619715 4124264.3649737416 1.3432582993339894 9
302355.7372470796 4124264.559733524 1.3389995047337053 9
302355.7838864881 4124264.754220848 1.331274527820044 9
302355.83237689885 4124264.9482572163 1.3199319971107253 9
302355.8834003254 4124265.141638711 1.3055905286889515 9
302355.93700797536 4124265.3343232134 1.2939707819182322 9
302355.9924406065 4124265.5264887246 1.2868038302541525 9
302356.0487480316 4124265.71839895 1.2848220177215566 9
302356.10521753127 4124265.910261446 1.2841021208935859 9
302356.1619343958 4124266.1020508464 1.2822081830331398 9
302356.2191672469 4124266.2936870474 1.2786402011951434 9
302356.2772574453 4124266.4850666104 1.273255774916505 9
302356.33655310184 4124266.6760760555 1.266027186380174 9
302356.397382616 4124266.866600541 1.2575462507418258 9
302356.45969278604 4124267.0566479927 1.2507482889841295 9
302356.52310575446 4124267.2463311926 1.2457533532251959 9
302356.5874216029 4124267.4357083463 1.2410600275084023 9
302356.6526163171 4124267.6247836393 1.2365151114338258 9
302356.7185995968 4124267.813585645 1.232817497095359 9
302356.78518532857 4124268.0021776464 1.2300957135182362 9
302356.8523294107 4124268.1905717026 1.2264372552012042 9
302356.92034542834 4124268.37865083 1.2208250741810054 9
302356.9895623816 4124268.5662917728 1.21393984638836 9
302357.0600871938 4124268.7534471406 1.2068883304474254 9
302357.1319480502 4124268.940096128 1.1995805348083297 9
302357.205251201 4124269.126183156 1.1913280710633216 9
302357.28018552734 4124269.3116158517 1.1820053890420157 9
302357.35686068237 4124269.4963348815 1.1729836026625085 9
302357.4350394284 4124269.680426022 1.16571145204131 9
302357.5143999407 4124269.864010679 1.1600051388298782 9
302357.59474930144 4124270.0471617994 1.154798963243855 9
302357.676020878 4124270.2299048486 1.1499147453485463 9
302357.7581866057 4124270.4122479833 1.1448811856181793 9
302357.8413096229 4124270.594157374 1.139405070974002 9
302357.92550063797 4124270.7755758446 1.1329213231401 9
302358.01101773104 4124270.9563717307 1.1247542427814008 9
302358.09814941144 4124271.1363956262 1.1150947196524863 9
302358.18713000015 4124271.315514666 1.1041595710927943 9
302358.2782210842 4124271.493570567 1.0913025028544332 9
302358.37174796243 4124271.6703529847 1.077649207207269 9
302358.4671054876 4124271.8461595033 1.0713149815684941 9
302358.5633813994 4124272.0214623874 1.0648805544855533 9
302358.66108258493 4124272.1959733306 1.0569003757826754 9
302358.75965672213 4124272.369995085 1.0541429309520636 9
302358.8588550571 4124272.5436605774 1.048871078440185 9
302358.9592877841 4124272.7166167507 1.0399301930876375 9
302359.0615218208 4124272.8885120116 1.0287841237901578 9
302359.1654387168 4124273.059398168 1.0206776914795197 9
302359.2704987588 4124273.2295821984 1.0150634608419682 9
302359.376368776 4124273.3992627035 1.0111541187798785 9
302359.4827459758 4124273.5686260117 1.009101700744927 9
302359.5893526872 4124273.7378453934 1.0078772054185043 9
302359.6963449578 4124273.9068206446 1.0043789364791034 9
302359.8040944286 4124274.075314757 0.9992695582749094 9
302359.9127218672 4124274.2432442885 0.9939590138229946 9
302360.02220133046 4124274.410618802 0.9894624523115576 9
302360.13226606575 4124274.577609804 0.9869638204934006 9
302360.24263121106 4124274.74440212 0.985517729166829 9
302360.3532426111 4124274.911030614 0.9840042792108022 9
302360.46411153465 4124275.077487677 0.9824258625379468 9
302360.5752481781 4124275.243766715 0.9807892881827327 9
302360.68667763396 4124275.409850918 0.9786914687016168 9
302360.7985875859 4124275.5756109366 0.9749291968259394 9
302360.91125867935 4124275.7408529995 0.9696518820402026 9
302361.02478224284 4124275.9055118468 0.9648893701767773 9
302361.13900824817 4124276.06968607 0.9611153894054372 9
302361.25383625884 4124276.233439499 0.9572051388109959 9
302361.36938951694 4124276.3966803425 0.9522343842490503 9
302361.48583498463 4124276.55928616 0.946325306381837 9
302361.6032812276 4124276.721171994 0.9399391445505354 9
302361.72179460304 4124276.8822799744 0.9331187405101304 9
302361.8414479753 4124277.0425448837 0.9257222100843321 9
302361.962335875 4124277.2018783772 0.9176540560424318 9
302362.0845487907 4124277.360194292 0.909209504388487 9
302362.20800767356 4124277.5175420344 0.9020505441394355 9
302362.332471146 4124277.674100815 0.8964359804417558 9
302362.4577348399 4124277.830020522 0.8913985472943757 9
302362.58385895944 4124277.9852411416 0.8853273694579286 9
302362.71100292273 4124278.1396239554 0.8782225761953886 9
302362.83924630354 4124278.2930959347 0.8713652606803999 9
302362.96846734587 4124278.445749678 0.8654738016757592 9
302363.0985159465 4124278.5977010424 0.8604072954147528 9
302363.22935559874 4124278.7489697286 0.8548265409298883 9
302363.36109978595 4124278.8994484805 0.8483983191691646 9
302363.49386819435 4124279.0490247156 0.8412671149709574 9
302363.627705016 4124279.1976483422 0.8341529452550887 9
302363.76258780685 4124279.345324422 0.8271538000383498 9
302363.8984900002 4124279.4920618325 0.8203373796106767 9
302364.03535557725 4124279.6379002337 0.8140022799582645 9
302364.1731047746 4124279.7829041067 0.8081833595734584 9
302364.31165747036 4124279.9271386643 0.8028750934985674 9
302364.45093822654 4124280.070669509 0.7980561220206374 9
302364.5908751789 4124280.213562541 0.7937242062747171 9
302364.7314043746 4124280.3558757263 0.7895959462269438 9
302364.8725836412 4124280.4975433648 0.784463423795907 9
302365.01456704683 4124280.6384020285 0.778189551561152 9
302365.1575082921 4124280.7782884478 0.7708969876670614 9
302365.3014930455 4124280.9171035765 0.7633148860124459 9
302365.4465393691 4124281.0548121827 0.7555632007995047 9
302365.59266288206 4124281.1913812016 0.7476084830714533 9
302365.7399064857 4124281.326743359 0.739026104244798 9
302365.88835509116 4124281.460778705 0.7296856009911648 9
302366.0380971123 4124281.5933628906 0.7196003229808864 9
302366.1891650838 4124281.7244354435 0.7098641154265901 9
302366.3414375767 4124281.8541118884 0.7011615990422625 9
302366.4947668729 4124281.9825378032 0.6934917211044639 9
302366.6490002198 4124282.109868461 0.6870386521838413 9
302366.80395449826 4124282.236317616 0.6821083744273446 9
302366.9594352596 4124282.362120841 0.6787055809645522 9
302367.1152847502 4124282.4874680177 0.6757651028995167 9
302367.2715950778 4124282.6122378036 0.6712763024874544 9
302367.42856245383 4124282.73617919 0.6651918133191547 9
302367.58636599034 4124282.8590587843 0.6578919608750101 9
302367.745111757 4124282.9807187496 0.6497799736844292 9
302367.90488474764 4124283.1010236675 0.6409845239258941 9
302368.06568481086 4124283.2199529917 0.6328124277021787 9
302368.2273956969 4124283.337642806 0.62560282277768 9
302368.38991218683 4124283.4542153995 0.6188658463980599 9
302368.55321381066 4124283.5696834903 0.6120511822630995 9
302368.71728966216 4124283.684049017 0.6055581502815011 9
302368.8820509651 4124283.79742366 0.6000291772228709 9
302369.0472818547 4124283.91011121 0.5978993417087133 9
302369.2125685586 4124284.0227241027 0.5968240607188428 9
302369.3786329264 4124284.1341739753 0.5835765891933915 9
302369.54627617094 4124284.2432457153 0.5710913031036938 9
302369.71516194526 4124284.350392242 0.5578037658260696 9
302369.88597074925 4124284.454420259 0.5364857966461212 9
302370.05858699116 4124284.5554449493 0.5243788969081496 9
302370.2320004377 4124284.655082249 0.5195002332701991 9
302370.4057091002 4124284.7542014965 0.5173365398246335 9
302370.5797216726 4124284.852797657 0.5129744341459815 9
302370.75449053425 4124284.950040228 0.501036527028389 9
302370.9306458489 4124285.0447388645 0.4869842558013268 9
302371.1076704718 4124285.137821903 0.4826784892189679 9
302371.28486506204 4124285.2305690674 0.4818508342720185 9
302371.4621067971 4124285.3232231904 0.4815082025505717 9
302371.6394008882 4124285.415780974 0.4806611968914968 9
302371.8168270821 4124285.5080872867 0.4782113716287724 9
302371.99464254634 4124285.5996382544 0.4721056764695448 9
302372.17314264266 4124285.689849405 0.46366952709699055 9
302372.3524294812 4124285.7784906463 0.4545483180378656 9
302372.53254694626 4124285.8654345153 0.44478522357877615 9
302372.71352753235 4124285.950559498 0.43443029296688235 9
302372.89530101564 4124286.0339736617 0.42692650883946237 9
302373.07747406117 4124286.116521408 0.42487651676706467 9
302373.25974319 4124286.198855008 0.4229867337887507 9
302373.4423347949 4124286.2804624694 0.4169313395410726 9
302373.625530637 4124286.36070792 0.4088673379785463 9
302373.8093491642 4124286.439523938 0.4013438502193938 9
302373.9937383191 4124286.5169954062 0.39416928545075386 9
302374.178679026 4124286.59313669 0.3869326221994961 9
302374.36416295636 4124286.6679412047 0.37992908764767347 9
302374.5501128082 4124286.7415825203 0.3745178457381524 9
302374.7363961326 4124286.8143783417 0.370766783866397 9
302374.92293149506 4124286.886522246 0.3672741325160767 9
302375.10972511076 4124286.9579940643 0.36356683829122194 9
302375.2968054239 4124287.028714171 0.3590102113723533 9
302375.4842594663 4124287.0984380003 0.352925992417087 9
302375.6721879826 4124287.1668803673 0.3453948285169236 9
302375.8606649813 4124287.2337995144 0.3367656257864959 9
302376.0497429712 4124287.298988812 0.3271218169852171 9
302376.2394168882 4124287.362420176 0.3187739332883245 9
302376.4295375505 4124287.4245146797 0.3130266101604582 9
302376.61994555965 4124287.485726334 0.30899290954226577 9
302376.8106274541 4124287.5460674204 0.30371754636320536 9
302377.00166574103 4124287.6052597445 0.296981255583885 9
302377.1931121254 4124287.663122663 0.29017646835623345 9
302377.38492823526 4124287.719760165 0.28418154153582503 9
302377.57706358994 4124287.775313157 0.2786662091862714 9
302377.7695254467 4124287.829717158 0.2721000456168808 9
302377.96236952604 4124287.882735293 0.2642901761645458 9
302378.1556282262 4124287.9342191573 0.2567360195563955 9
302378.3492255353 4124287.984430053 0.25111919828273527 9
302378.5430568066 4124288.0337375193 0.2472767591055891 9
302378.7370726793 4124288.0823036344 0.243127078564062 9
302378.93130851444 4124288.129972545 0.2380390821457488 9
302379.12580572144 4124288.1765647097 0.23209031060075705 9
302379.32059229515 4124288.221939099 0.2255381192662699 9
302379.515687428 4124288.2659799545 0.2184028566804184 9
302379.71111194964 4124288.3085527685 0.21037805494825243 9
302379.90689535206 4124288.349430187 0.20107212144264258 9
302380.10306956817 4124288.388357799 0.19055593871016108 9
302380.2996303278 4124288.4252829095 0.18121513069922354 9
302380.4964930357 4124288.46060039 0.17419872562215535 9
302380.6935638369 4124288.4947568784 0.16919569552974512 9
302380.89080431155 4124288.5278963395 0.16350730912979247 9
302381.0882455961 4124288.5597829544 0.1565075333513581 9
302381.2859209904 4124288.5901708966 0.14857751427429464 9
302381.48382429336 4124288.6190616237 0.141528576706003 9
302381.68191557575 4124288.6466677436 0.1355948170388398 9
302381.8801569831 4124288.6731853946 0.13025182166832586 9
302382.0785466952 4124288.698545405 0.12382637346141259 9
302382.277105823 4124288.7225097693 0.11619303373280288 9
302382.4758520972 4124288.744867884 0.10796238286016226 9
302382.67477012635 4124288.7656752495 0.10064984237148636 9
302382.87382725324 4124288.785126073 0.0943259793345609 9
302383.0729919594 4124288.803414251 0.08895944595640837 9
302383.2722424021 4124288.820722317 0.08448579706434292 9
302383.47156113747 4124288.83722764 0.08090305225462059 9
302383.67093243997 4124288.853087256 0.07782200690773855 9
302383.8703537258 4124288.8683009087 0.0743992397556698 9
302384.06982854573 4124288.882794915 0.07060569176571564 9
302384.2693603454 4124288.8964935304 0.0664078574785133 9
302384.46895128535 4124288.9093058044 0.06171896348411902 9
302384.6686028341 4124288.9211325934 0.05653444339787909 9
302384.8683162767 4124288.9318739315 0.05083762557453406 9
302385.068090811 4124288.9414210627 0.044573464736107196 9
302385.26792427 4124288.9496594826 0.03773740967418014 9
302385.4678141272 4124288.956474306 0.030322060027925632 9
302385.66775184526 4124288.9617455886 0.022291582318113567 9
302385.8677237017 4124288.965349019 0.013640321682272942 9
302386.0677158757 4124288.967166628 0.004593229663587903 9
302386.26771688444 4124288.967292062 -0.0030370534722455296 9
302386.4677180461 4124288.966072497 -0.008856619999162447 9
302386.6677108915 4124288.9638681808 -0.012955170500403559 9
302386.8676901917 4124288.960911137 -0.01661225967629503 9
302387.0676559794 4124288.957225154 -0.020245764915842526 9
302387.26760870835 4124288.952813867 -0.02391389025795852 9
302387.46754316957 4124288.9475807585 -0.028668538504791487 9
302387.6674439898 4124288.941249529 -0.034900214117654794 9
302387.8672950274 4124288.9335358446 -0.04232393569934766 9
302388.06708519853 4124288.9243414006 -0.049598801722495395 9
302388.26680770464 4124288.913725556 -0.05655818435869356 9
302388.46644934587 4124288.901671576 -0.0643335403038364 9
302388.66597551166 4124288.887897157 -0.07380120488651803 9
302388.86535302986 4124288.8721381635 -0.08353408880082229 9
302389.0645970949 4124288.8547330885 -0.09020088748579479 9
302389.26374766213 4124288.8363145962 -0.09377571315213806 9
302389.4628555521 4124288.817453616 -0.09467660934378958 9
302389.66196689213 4124288.7985622 -0.09563957371566585 9
302389.8609617263 4124288.7785510076 -0.10663770850132885 9
302390.05965878424 4124288.755791472 -0.11972009515331576 9
302390.25818297494 4124288.7314940286 -0.12254145154714889 9
302390.4566605913 4124288.7068674103 -0.1247952502318761 9
302390.6550504855 4124288.6815474215 -0.12927200539447362 9
302390.85331834556 4124288.6552758333 -0.13426070711327526 9
302391.0514527603 4124288.6280220896 -0.1388657279794591 9
302391.2494833722 4124288.600020531 -0.14179120716021035 9
302391.4474366999 4124288.571476497 -0.14492418524000594 9
302391.6452726612 4124288.5421377625 -0.14971604299659416 9
302391.842976789 4124288.5119196866 -0.15320289399286197 9
302392.04061291093 4124288.4812585837 -0.1543082974652981 9
302392.2382358519 4124288.450516385 -0.1541672328268853 9
302392.43587639986 4124288.4198805727 -0.1536618514101746 9
302392.63348684204 4124288.389053195 -0.15649849027005544 9
302392.8309480545 4124288.3572964654 -0.1626748259223988 9
302393.02821361733 4124288.3243343094 -0.1682284407683787 9
302393.22531805263 4124288.2904050276 -0.17267963884489393 9
302393.42224598647 4124288.25547353 -0.17884383724856392 9
302393.6189073382 4124288.2190903733 -0.187279000197073 9
302393.81526712 4124288.181102592 -0.1945054786595911 9
302394.01139828574 4124288.1419397146 -0.19927889450357503 9
302394.2073607269 4124288.101953034 -0.20335031111047638 9
302394.40315231733 4124288.0611393065 -0.20772488099288244 9
302394.5987434311 4124288.0193673032 -0.2134775665856668 9
302394.7940399258 4124287.9762434396 -0.22156077854112194 9
302394.98894095636 4124287.931359052 -0.23121592023689516 9
302395.18338942726 4124287.88455 -0.2413228785603434 9
302395.3773476356 4124287.8357522795 -0.2515277579734049 9
302395.57081578387 4124287.785044221 -0.26101580532070395 9
302395.76381358056 4124287.732576133 -0.26973352966476666 9
302395.9563689098 4124287.678509417 -0.27759596526694913 9
302396.148516381 4124287.6230144845 -0.28456952553406056 9
302396.3403016296 4124287.566281665 -0.2904697893161522 9
302396.5317824267 4124287.508522703 -0.29534905752297697 9
302396.7229593332 4124287.449765957 -0.3013462186022202 9
302396.91371744184 4124287.3896716083 -0.30936282113001234 9
302397.1039567965 4124287.327951071 -0.3179831592240058 9
302397.29367768625 4124287.26464786 -0.32601713013455097 9
302397.48289876233 4124287.1998664304 -0.3336875955261218 9
302397.6716142795 4124287.1336311754 -0.34141830371581605 9
302397.8598119821 4124287.0659426064 -0.3489605331944568 9
302398.04753481713 4124286.996945161 -0.35525910586388404 9
302398.23486682726 4124286.926890291 -0.36033294948797157 9
302398.42184081214 4124286.855888672 -0.36560570996102704 9
302398.6084155639 4124286.783847873 -0.3714554802634614 9
302398.7945626962 4124286.71070814 -0.3772342070258139 9
302398.98030200996 4124286.6365354126 -0.3825612797948431 9
302399.16565132985 4124286.5613922128 -0.38787742242336753 9
302399.3505711243 4124286.4852016657 -0.39388984630318 9
302399.53500722407 4124286.4078507666 -0.4002250467018479 9
302399.71899072174 4124286.329426116 -0.4054381339432415 9
302399.90261298494 4124286.250155468 -0.4095444107830336 9
302400.0858830694 4124286.170076426 -0.414614495016364 9
302400.26867827296 4124286.0889221565 -0.4212970886765648 9
302400.45088361914 4124286.0064478065 -0.42884724720188216 9
302400.6324509878 4124285.9225773 -0.43664722135060297 9
302400.81335563207 4124285.8372890833 -0.44429071954388555 9
302400.99365292175 4124285.750723504 -0.4507497515463662 9
302401.1734405228 4124285.6631060466 -0.4559914706337185 9
302401.352813888 4124285.5746461423 -0.46015691928668867 9
302401.5318652281 4124285.485532499 -0.46329660238945186 9
302401.71061644406 4124285.3958161646 -0.46744145490546474 9
302401.88888445817 4124285.3051494253 -0.47395845665910036 9
302402.06647804205 4124285.2131695584 -0.48165280744443006 9
302402.2434151417 4124285.119926877 -0.4881327839389505 9
302402.4198026538 4124285.025647295 -0.4935046686275681 9
302402.59568645334 4124284.9304352687 -0.4988558902023429 9
302402.7710492546 4124284.834269501 -0.5043451939993896 9
302402.9459126435 4124284.737197789 -0.5089775751319167 9
302403.12039025367 4124284.639432906 -0.5122781027849694 9
302403.2946064961 4124284.541205124 -0.5143235465613358 9
302403.46867796814 4124284.442721197 -0.5152210399168328 9
302403.6427052222 4124284.344156762 -0.5156521703722116 9
302403.81658382114 4124284.2453312483 -0.5184534089068126 9
302403.9900519719 4124284.145790678 -0.5237512631193888 9
302404.1629724128 4124284.0452994606 -0.5289738333701728 9
302404.33541354997 4124283.9439825704 -0.5333020761015662 9
302404.507401996 4124283.8418976823 -0.5383862174063007 9
302404.6787576263 4124283.7387605296 -0.545580948936836 9
302404.849287554 4124283.6342656263 -0.5536882423272896 9
302405.01906241354 4124283.528542447 -0.559901168240265 9
302405.1882786828 4124283.4219277413 -0.5643796498060785 9
302405.3570454564 4124283.3146066885 -0.56838484116954 9
302405.5253961777 4124283.2066338453 -0.5721945949520686 9
302405.6933081205 4124283.0979793426 -0.5765807406536773 9
302405.86070237175 4124282.988529459 -0.5816964107810991 9
302406.02748936706 4124282.8781559 -0.587646529060382 9
302406.1935620567 4124282.7667069808 -0.5948281825751832 9
302406.3586841386 4124282.6538570225 -0.6046820742293889 9
302406.52257790085 4124282.5392309683 -0.6156789477916839 9
302406.6853121031 4124282.422962712 -0.6246778233217188 9
302406.8472420395 4124282.3055803212 -0.6286912315088817 9
302407.0090413358 4124282.188016092 -0.6283179048514356 9
302407.1705960017 4124282.070118509 -0.6336809238015998 9
302407.3312694982 4124281.9510223386 -0.6420449173842776 9
302407.4909244101 4124281.830555619 -0.6513873208059695 9
302407.64911720256 4124281.7081840527 -0.6664835464441488 9
302407.80535324605 4124281.5833222456 -0.6809145444728413 9
302407.9601687159 4124281.456698566 -0.6896405396308619 9
302408.11400814354 4124281.328896945 -0.6965683614562673 9
302408.26699172636 4124281.200070898 -0.7032911075599397 9
302408.41906137095 4124281.070166154 -0.7108981122264016 9
302408.5700093692 4124280.938960798 -0.7204980388088535 9
302408.7196257185 4124280.806237912 -0.7307778685956566 9
302408.867885724 4124280.672001878 -0.7405665318602952 9
302409.0149400548 4124280.5364468247 -0.7483181536555827 9
302409.1613724468 4124280.400220643 -0.7488056850230765 9
302409.3080734149 4124280.2642833125 -0.7471258658218425 9
302409.4544895151 4124280.1280411165 -0.7521240190033744 9
302409.60032861447 4124279.991178769 -0.7544666422732622 9
302409.7458162348 4124279.853942507 -0.7592854657233916 9
302409.89021464135 4124279.7155651064 -0.7680541851832839 9
302410.03396341176 4124279.5765080056 -0.7683403928049239 9
302410.1777399821 4124279.4374820436 -0.7697234137551012 9
302410.3210573687 4124279.2979827453 -0.773977454451545 9
302410.4638285405 4124279.1579235815 -0.7776279623301949 9
302410.6060627795 4124279.017319925 -0.7817327546292637 9
302410.74772514484 4124278.876139925 -0.7855009763830304 9
302410.8888863919 4124278.734458141 -0.7892434995262861 9
302411.02939921943 4124278.592135033 -0.7942465027731256 9
302411.1693957211 4124278.4493020815 -0.795938315631657 9
302411.30904860946 4124278.306133124 -0.8012369118554774 9
302411.4474614569 4124278.1617678683 -0.8107788132446174 9
302411.58496320026 4124278.016530737 -0.8141614650209961 9
302411.72196463565 4124277.8708235174 -0.8186717184583973 9
302411.858043749 4124277.7242534515 -0.8271019504331177 9
302411.9927182573 4124277.576394054 -0.8356129411697429 9
302412.1267630617 4124277.4279608713 -0.8364068984588884 9
302412.2606394731 4124277.279377509 -0.8390315704755015 9
302412.3938994634 4124277.130239862 -0.8444471306225699 9
302412.5262192379 4124276.9802690344 -0.8509579974946175 9
302412.657809021 4124276.8296556473 -0.8537287511001352 9
302412.7891570449 4124276.678831658 -0.8552668683077121 9
302412.92010386655 4124276.527660277 -0.8589279732567284 9
302413.0504729015 4124276.3759894776 -0.8624910557798728 9
302413.1803694044 4124276.223914088 -0.8650988598561156 9
302413.3099683093 4124276.0715850987 -0.8663646336070109 9
302413.4394317276 4124275.9191397848 -0.8675343647662173 9
302413.56848960376 4124275.7663523667 -0.8717916864370999 9
302413.6967357078 4124275.612883128 -0.8773004016456122 9
302413.8242848114 4124275.458832479 -0.8808265374184121 9
302413.9514232914 4124275.3044440667 -0.8827588060237306 9
302414.0783539184 4124275.149884261 -0.8835853478514155 9
302414.2050596613 4124274.9951394745 -0.8864088651223941 9
302414.3310519714 4124274.8398151705 -0.8924879169530873 9
302414.4561153811 4124274.683740222 -0.8977041294200889 9
302414.58050469187 4124274.5271272147 -0.9013832649948321 9
302414.7042987658 4124274.3700442803 -0.9054493070357473 9
302414.827374592 4124274.212396602 -0.9108465453401736 9
302414.94938471034 4124274.053923428 -0.9189561343739766 9
302415.0699650165 4124273.894357996 -0.9284237249166734 9
302415.18901250337 4124273.7336472482 -0.9379575141259937 9
302415.30667303473 4124273.5719183097 -0.9452206726403974 9
302415.42337217217 4124273.4094924736 -0.9503673494622453 9
302415.5391329904 4124273.246399135 -0.9570164719683194 9
302415.65372443036 4124273.0824825116 -0.9640500024579275 9
302415.76731949055 4124272.9178715055 -0.9691720279616125 9
302415.88010832784 4124272.752708039 -0.9742956463250861 9
302415.9919685511 4124272.58691572 -0.9801588483525296 9
302416.1029611053 4124272.4205400404 -0.9844690245650233 9
302416.21336772613 4124272.253774749 -0.987575739720383 9
302416.32321310136 4124272.0866403803 -0.9912210299371066 9
302416.43255023926 4124271.9191729655 -0.9929711036452168 9
302416.54187830223 4124271.7516989764 -0.9918410932569246 9
302416.65120851045 4124271.584226839 -0.9937646006837936 9
302416.75992995076 4124271.4163594875 -0.9981103629912628 9
302416.8681109626 4124271.24814208 -1.0000334355894926 9
302416.9760606681 4124271.0797766815 -1.0014382334726697 9
302417.0836987451 4124270.9112122077 -1.0036391036453902 9
302417.19096670294 4124270.7424116377 -1.0057157337787888 9
302417.29791237565 4124270.5734067443 -1.0074248863407231 9
302417.4046104688 4124270.4042455577 -1.0086311279844737 9
302417.51116891176 4124270.2349963854 -1.0090045745804614 9
302417.61772399663 4124270.0657447814 -1.0090827313440227 9
302417.7240721981 4124269.896363507 -1.0116671853875723 9
302417.8298725658 4124269.7266394612 -1.0147794087943303 9
302417.9352915194 4124269.5566778206 -1.0163084314769342 9
302418.04045477783 4124269.38655822 -1.0180378237140006 9
302418.1452725544 4124269.2162253484 -1.0203555564814135 9
302418.2496507308 4124269.0456229583 -1.0231239222632507 9
302418.3536544673 4124268.8747920124 -1.024313968858162 9
302418.4576146805 4124268.7039341615 -1.0243740743810288 9
302418.56131205836 4124268.5329173696 -1.0275783937772438 9
302418.6644398342 4124268.361556165 -1.02996236632066 9
302418.76740574307 4124268.190097338 -1.029987573466489 9
302418.8703164809 4124268.0186059163 -1.0307693508663325 9
302418.9731333297 4124267.847058103 -1.0306085884083784 9
302419.0760649532 4124267.6755780387 -1.0305717369677294 9
302419.1784962888 4124267.5038008727 -1.0363966362296488 9
302419.27997239964 4124267.331456188 -1.0399762692930332 9
302419.3811088262 4124267.158910189 -1.0424183898090333 9
302419.4811745442 4124266.9857450686 -1.051971230811527 9
302419.5795357644 4124266.811602265 -1.060846267756087 9
302419.6764604934 4124266.636655467 -1.0693316068116885 9
302419.7716833835 4124266.4607802844 -1.0796696854979038 9
302419.8653406357 4124266.284063139 -1.0865045212836726 9
302419.9579176712 4124266.106778674 -1.0930861611855045 9
302420.0490966207 4124265.928772473 -1.1017743955053376 9
302420.1387692674 4124265.750000593 -1.1098640875560655 9
302420.22695912234 4124265.5704936106 -1.1186406122046155 9
302420.3136612634 4124265.3902645037 -1.1246582163884988 9
302420.40008020884 4124265.20989824 -1.1229371423137608 9
302420.48661244754 4124265.0295872665 -1.124565090320728 9
302420.57281042414 4124264.849116025 -1.1250253110826933 9
302420.65909390454 4124264.6686840886 -1.1261655722756414 9
302420.74422753486 4124264.4877104517 -1.1364199952022787 9
302420.8277625869 4124264.3059891956 -1.14227557974784 9
302420.91093765444 4124264.1241050945 -1.1400339956094294 9
302420.99503848684 4124263.942647547 -1.1340972508733849 9
302421.0798404174 4124263.761514387 -1.1333024023957399 9
302421.1638519092 4124263.5800167266 -1.1421646461197055 9
302421.24638118054 4124263.397837191 -1.1476283993620526 9
302421.3282491586 4124263.215360923 -1.150472497668462 9
302421.40973038913 4124263.0327115464 -1.1510923677876894 9
302421.49139885535 4124262.8501457856 -1.1500474965643301 9
302421.5727155564 4124262.6674229084 -1.1547958619038607 9
302421.6529135466 4124262.4842063426 -1.1617986816086832 9
302421.73183476494 4124262.300435866 -1.1683122747227657 9
302421.80988652736 4124262.1162946615 -1.1700132733479902 9
302421.8883202166 4124261.932316237 -1.1659630656015032 9
302421.96690996905 4124261.748404333 -1.1694229746288567 9
302422.0445773502 4124261.564100884 -1.1737320973964345 9
302422.1218567105 4124261.379633779 -1.1741013365985242 9
302422.1991535588 4124261.195174771 -1.1738089255647148 9
302422.27648734424 4124261.0107310126 -1.173936356791115 9
302422.3536961058 4124260.8262350643 -1.1751158528551473 9
302422.4306393815 4124260.641628089 -1.17672024302518 9
302422.50720251683 4124260.456862169 -1.1797876954943411 9
302422.5828510067 4124260.27172154 -1.186431111535536 9
302422.6573172284 4124260.086101047 -1.191549889833421 9
302422.73114191997 4124259.900224695 -1.1934445340200013 9
302422.80486050295 4124259.714306439 -1.193092221298288 9
302422.87831084454 4124259.5282820757 -1.1975916607481865 9
302422.95036594686 4124259.3417120595 -1.2072210916346007 9
302423.02045244694 4124259.154393687 -1.2183748671466552 9
302423.08849840536 4124258.966324395 -1.22866361219721 9
302423.15491527156 4124258.7776742307 -1.2349262896389748 9
302423.2206403802 4124258.5887824586 -1.2366536202040268 9
302423.28614168754 4124258.399811071 -1.2382913892826357 9
302423.35056990804 4124258.210474325 -1.248885130844077 9
302423.41293169267 4124258.0204444695 -1.256929530799835 9
302423.4743843864 4124257.8301190515 -1.2602830163417151 9
302423.5351150099 4124257.639562897 -1.2637399070095037 9
302423.5955347318 4124257.448907628 -1.2636914298538466 9
302423.6560604011 4124257.258285078 -1.2636668244314886 9
302423.7157114307 4124257.067389036 -1.2739866130476882 9
302423.7731077421 4124256.875800525 -1.2846594307838786 9
302423.82881512446 4124256.6837150576 -1.2920963125364244 9
302423.8832455331 4124256.491263783 -1.2981684990672204 9
302423.9365248092 4124256.2984911753 -1.3040498967113594 9
302423.98879509815 4124256.1054423754 -1.3083398139150517 9
302424.04035332776 4124255.9122001524 -1.3123613253890802 9
302424.090742065 4124255.7186531243 -1.3204677511907388 9
302424.1395869015 4124255.5247097495 -1.326862184628255 9
302424.1876268131 4124255.3305615312 -1.3296476239690382 9
302424.23481612897 4124255.1362084346 -1.3364270370521358 9
302424.28031981434 4124254.941455543 -1.3456393873377823 9
302424.3243714021 4124254.7463643732 -1.3511895283003903 9
302424.36742869066 4124254.551053112 -1.3568936375062106 9
302424.40912510187 4124254.355449305 -1.3646888438398466 9
302424.449386052 4124254.159541916 -1.3712504259158702 9
302424.4882737561 4124253.9633570705 -1.379834282520865 9
302424.52510913863 4124253.7667810433 -1.390211686642885 9
302424.56083482795 4124253.569995727 -1.3904839419115902 9
302424.59669758455 4124253.3732370096 -1.391948703142698 9
302424.6316082251 4124253.176308738 -1.39812218703966 9
302424.6658722285 4124252.9792647394 -1.3982161748123563 9
302424.700364882 4124252.7822616985 -1.3967529882631295 9
302424.73504851764 4124252.585292132 -1.396711206610282 9
302424.7694663477 4124252.3882755633 -1.399387797515256 9
302424.8031370406 4124252.191130465 -1.4039200255198416 9
302424.8361939884 4124251.993881159 -1.4046840543235535 9
302424.8692338171 4124251.7966291374 -1.4058214318279563 9
302424.90157405724 4124251.599260943 -1.4116691234462362 9
302424.9325249698 4124251.401670789 -1.4183593327133006 9
302424.9625825487 4124251.2039414374 -1.4218346295269737 9
302424.99159084185 4124251.006056967 -1.428952912841956 9
302425.01927799877 4124250.8079820937 -1.4343814561236252 9
302425.0461860608 4124250.6098004854 -1.4368088409246687 9
302425.0728345207 4124250.411583694 -1.4378317752566514 9
302425.09901754954 4124250.2133048866 -1.4416415352637566 9
302425.1242653924 4124250.0149043994 -1.446926882786489 9
302425.14841844887 4124249.8163683917 -1.4522384997810265 9
302425.1717704529 4124249.617735915 -1.4547986015805336 9
302425.19479182153 4124249.419065146 -1.4562671138329073 9
302425.217401966 4124249.2203472382 -1.4589297824305096 9
302425.2393808694 4124249.021558277 -1.462584040780732 9
302425.26058084884 4124248.8226852897 -1.4662288716773624 9
302425.2813635594 4124248.6237678044 -1.4665617028571354 9
302425.3021877856 4124248.4248547154 -1.467017033143484 9
302425.3225724772 4124248.2258964456 -1.4706748881467167 9
302425.3421919398 4124248.0268608215 -1.4742897911572526 9
302425.3612573328 4124247.8277716376 -1.4756505918231662 9
302425.38044075144 4124247.628693584 -1.4739345408710987 9
302425.39954032574 4124247.429607892 -1.4774989974196744 9
302425.41771818517 4124247.2304357286 -1.4811956590324566 9
302425.4356055479 4124247.031236972 -1.4812159196482808 9
302425.4534543875 4124246.8320351075 -1.4818483812458967 9
302425.47101666615 4124246.632807646 -1.4842101193615922 9
302425.48797550984 4124246.4335278748 -1.4876917511558225 9
302425.50423453224 4124246.2341898857 -1.4908319475556233 9
302425.5200395432 4124246.03481527 -1.4924269828931456 9
302425.5355672232 4124245.8354190206 -1.4936657376146434 9
302425.5509028725 4124245.636007733 -1.4944166739564788 9
302425.56591039436 4124245.4365716744 -1.4975351232210585 9
302425.5802289058 4124245.2370848553 -1.5001764140276468 9
302425.5941645171 4124245.0375708137 -1.5025719565896882 9
302425.6074238506 4124244.838010993 -1.5054003507529066 9
302425.6205963901 4124244.6384451087 -1.5049412538302478 9
302425.6334054752 4124244.4388559014 -1.508583025717849 9
302425.64560916263 4124244.2392284563 -1.5105506759207283 9
302425.6575881231 4124244.0395874893 -1.5109761708866165 9
302425.669420451 4124243.8399376525 -1.5127462864574952 9
302425.68064796884 4124243.6402533893 -1.5162741380518705 9
302425.6914091609 4124243.4405427896 -1.517180438016617 9
302425.7020811998 4124243.240827598 -1.5179394785642686 9
302425.71242904296 4124243.04109569 -1.520273195507226 9
302425.72230354155 4124242.841339492 -1.522443934679712 9
302425.7317871987 4124242.6415641047 -1.524339813677786 9
302425.740830568 4124242.441768613 -1.5269158051959688 9
302425.7492984536 4124242.2419480802 -1.5299423613612932 9
302425.757191039 4124242.0421035658 -1.5326438941165443 9
302425.7645571655 4124241.8422386064 -1.5353936467006448 9
302425.77129427745 4124241.6423521764 -1.5389528979211902 9
302425.7773035542 4124241.442443022 -1.5422691727479763 9
302425.78281322 4124241.242518079 -1.543955266927888 9
302425.78794621764 4124241.042582595 -1.5468886664890764 9
302425.79214346485 4124240.842627871 -1.553157766230733 9
302425.79515918245 4124240.6426507076 -1.5575728626234289 9
302425.79770169675 4124240.442665524 -1.5582392965287544 9
302425.80010291294 4124240.2426799755 -1.5596505345416485 9
302425.8020553467 4124240.042690054 -1.562403318402464 9
302425.80354579847 4124239.842695389 -1.5640473239224337 9
302425.8048345076 4124239.6426992244 -1.5646344215194998 9
302425.8059843753 4124239.4427025807 -1.5655329443720458 9
302425.806914526 4124239.2427048367 -1.5667656490289907 9
302425.8076090763 4124239.0427059825 -1.5678461135322614 9
302425.80810886674 4124238.842706541 -1.5687101933858194 9
302425.80846092507 4124238.642706855 -1.5693173315893434 9
302425.8087182821 4124238.4427070026 -1.56965703060813 9
302425.8089433238 4124238.242707075 -1.5696008419371523 9
302425.80923022184 4124238.0427072807 -1.5690384656259468 9
302425.80967607594 4124237.8427078407 -1.5681004774571388 9
302425.8102708068 4124237.6427087286 -1.5676531574327486 9
302425.81089002255 4124237.4427096494 -1.5678556285003271 9
302425.8114148994 4124237.2427103277 -1.5684842517383597 9
302425.81182456535 4124237.0427107364 -1.5689863706777754 9
302425.8121490291 4124236.842710981 -1.5693362755460263 9
302425.8124172645 4124236.642711155 -1.5695565095542137 9
302425.8126519565 4124236.4427112946 -1.569671721790993 9
302425.81287390064 4124236.2427114192 -1.569691031350283 9
302425.8130920788 4124236.0427115373 -1.5697286070469179 9
302425.81329748186 4124235.842711643 -1.5698187814108078 9
302425.81348068727 4124235.642711727 -1.5699399136499104 9
302425.81364149746 4124235.442711791 -1.5700409251019611 9
302425.8137843402 4124235.242711841 -1.5701188878241463 9
302425.81391728495 4124235.0427118842 -1.570128536770845 9
302425.81405776873 4124234.842711934 -1.5700434976221713 9
302425.8142239466 4124234.6427120036 -1.5698886527231513 9
302425.81441334204 4124234.4427120914 -1.5698315334187285 9
302425.81460126885 4124234.2427121797 -1.569903339082854 9
302425.814764551 4124234.042712252 -1.5700490744355353 9
302425.8149058829 4124233.842712306 -1.5701155434366183 9
302425.815042751 4124233.642712347 -1.5700937106976602 9
302425.8151886056 4124233.442712382 -1.5700648465053735 9
302425.8153233866 4124233.2427124125 -1.5702101373741644 9
302425.81541102537 4124233.04271244 -1.5705362679712647 9
302425.81541739043 4124232.842712464 -1.5709882694743695 9
302425.81534488656 4124232.642712486 -1.5713002250601926 9
302425.81522751035 4124232.442712506 -1.5714369925610485 9
302425.815100299 4124232.2427125247 -1.5713987530282085 9
302425.81498914986 4124232.042712544 -1.5713170109078745 9
302425.8148873777 4124231.842712568 -1.5713049832262032 9
302425.81478103966 4124231.6427126024 -1.5713626699927707 9
302425.8146562403 4124231.4427126516 -1.5714872969150457 9
302425.8145044646 4124231.2427127184 -1.5716207002937264 9
302425.81432745646 4124231.042712799 -1.571739621813147 9
302425.81412811205 4124230.84271289 -1.5718440614700762 9
302425.8139092543 4124230.6427129894 -1.571937323303455 9
302425.8136693237 4124230.4427131065 -1.5720620610286258 9
302425.81339999114 4124230.242713272 -1.5722313416483504 9
302425.8130923484 4124230.0427135197 -1.5724451652177684 9
302425.8127377651 4124229.8427138804 -1.5726924392884547 9
302425.81234010786 4124229.642714338 -1.5728581157562986 9
302425.8119205198 4124229.442714806 -1.5729117482364843 9
302425.81150140945 4124229.242715197 -1.572853336785796 9
302425.81110275 4124229.0427154303 -1.5727551788871303 9
302425.8106898722 4124228.8427156643 -1.5730419546934238 9
302425.810174218 4124228.642716288 -1.573782949526862 9
302425.8094649443 4124228.4427177026 -1.5749781653076487 9
302425.8085013138 4124228.2427201774 -1.5761373874878608 9
302425.80737524974 4124228.0427233116 -1.5765991190138362 9
302425.80622694665 4124227.8427264947 -1.576359776386863 9
302425.80518743175 4124227.6427291553 -1.5756451654842136 9
302425.8042557055 4124227.44273132 -1.5753500503817819 9
302425.8033318423 4124227.24273346 -1.575566534955008 9
302425.8023155246 4124227.0427360493 -1.5762302058389206 9
302425.80116072734 4124226.8427393534 -1.5768968928549942 9
302425.79988074873 4124226.6427434087 -1.5774820412332036 9
302425.7984921249 4124226.4427482337 -1.577978358257 9
302425.7970174941 4124226.2427537064 -1.5783360763649115 9
302425.795486119 4124226.042759547 -1.578545811697911 9
302425.7939219347 4124225.8427655282 -1.5787460335481815 9
302425.7922684541 4124225.6427722555 -1.5794796957522552 9
302425.7904093963 4124225.4427809515 -1.5808018988694483 9
302425.78826717404 4124225.242792447 -1.5819833508451142 9
302425.7860378842 4124225.0428047883 -1.5816436708263955 9
302425.7840319086 4124224.8428148585 -1.5797500937104452 9
302425.7825112767 4124224.642820291 -1.5770588594527633 9
302425.78152261756 4124224.442822054 -1.5744311218578035 9
302425.781053068 4124224.242822034 -1.5718677399543801 9
302425.7810756282 4124224.042821953 -1.5696377563774242 9
302425.7814547017 4124223.842822268 -1.568319336279461 9
302425.78200435435 4124223.642822847 -1.5679319629042494 9
302425.78254139656 4124223.4428235544 -1.5683604418205865 9
302425.7830048722 4124223.2428242974 -1.56850429431636 9
302425.78349546844 4124223.0428250353 -1.5680892373381172 9
302425.78412496747 4124222.84282573 -1.5671152753347932 9
302425.78500408574 4124222.6428265567 -1.565601926642447 9
302425.78623612184 4124222.4428291745 -1.5635869041169896 9
302425.7879212211 4124222.242835872 -1.561071127061231 9
302425.7901594713 4124222.0428489386 -1.558061340354653 9
302425.7929935385 4124221.8428697367 -1.5553211057655345 9
302425.7962967012 4124221.6428968855 -1.5533699547450652 9
302425.799911157 4124221.4429285014 -1.5522078729677908 9
302425.80368053995 4124221.242962724 -1.5517668717350608 9
302425.80754568434 4124221.0429992606 -1.5510782907131795 9
302425.8116047721 4124220.8430403504 -1.5498269200205326 9
302425.8159703331 4124220.643088464 -1.5480127554673109 9
302425.8207465837 4124220.4431459135 -1.5458329251620413 9
302425.82592815487 4124220.243212896 -1.544008569904771 9
302425.83143230627 4124220.043288116 -1.5426060746963808 9
302425.8371747935 4124219.8433702514 -1.5416142231890297 9
302425.843115367 4124219.6434588176 -1.5404925334144373 9
302425.84932295326 4124219.443555417 -1.5389428883219978 9
302425.8558831248 4124219.2436619657 -1.5369653175471711 9
302425.8629236598 4124219.0437830617 -1.533910300148447 9
302425.8707536596 4124218.8439348047 -1.5290643842119325 9
302425.87973090407 4124218.6441363827 -1.522429016227527 9
302425.8901335829 4124218.4444051003 -1.5151426896196876 9
302425.90196039213 4124218.2447516355 -1.508166516979385 9
302425.91514715645 4124218.04518503 -1.5015691442270245 9
302425.9295396704 4124217.845703433 -1.4962274881285909 9
302425.9448459823 4124217.6462883293 -1.4924070523491906 9
302425.96087276004 4124217.4469290813 -1.4882981154038657 9
302425.97799267515 4124217.2476627217 -1.4814223856701292 9
302425.99674203113 4124217.048541133 -1.4721662828551394 9
302426.01744314947 4124216.849611289 -1.4618980873368623 9
302426.04026840645 4124216.6509160134 -1.4509544980565325 9
302426.06518464367 4124216.4524714346 -1.4410666455179477 9
302426.09192204865 4124216.254262595 -1.4325568350944733 9
302426.1202821103 4124216.0562812057 -1.4244875727166784 9
302426.15023375093 4124215.858535645 -1.4164683000586344 9
302426.1817569394 4124215.6610345314 -1.4086147431622507 9
302426.2148064274 4124215.463781456 -1.4010051398739123 9
302426.24938797264 4124215.2667900426 -1.3927565414979561 9
302426.2857558138 4124215.0701228655 -1.3828490623925513 9
302426.32418677054 4124214.87384807 -1.3721216335201607 9
302426.36465963774 4124214.677982258 -1.3620489704540648 9
302426.4070284754 4124214.482519091 -1.3528191566383958 9
302426.4510811446 4124214.2874292484 -1.3448155198397542 9
302426.49656970234 4124214.092670418 -1.3381153191811472 9
302426.5432204114 4124213.8981863325 -1.3328807741763373 9
302426.59077751194 4124213.7039210126 -1.3284217696601155 9
302426.63930725097 4124213.509897851 -1.3227608667533275 9
302426.6890126952 4124213.3161734226 -1.316807131199313 9
302426.73966372054 4124213.1226925044 -1.3130937365317992 9
302426.7908285193 4124212.929347329 -1.311261793343674 9
302426.8422668067 4124212.736075414 -1.3102266812002805 9
302426.8937993235 4124212.542828067 -1.3105585179017338 9
302426.9450300709 4124212.349500996 -1.3133685127595167 9
302426.9955980794 4124212.155999678 -1.3166194121736685 9
302427.04575980623 4124211.9623918943 -1.317558403994279 9
302427.0958848024 4124211.768774955 -1.3173495229695318 9
302427.14606905705 4124211.5751735787 -1.3169826323673537 9
302427.19622552214 4124211.3815648975 -1.3179907432129452 9
302427.24598072824 4124211.187852334 -1.3210789476676468 9
302427.29499254195 4124210.9939501397 -1.3255534856912234 9
302427.3430335288 4124210.799805822 -1.3308272208302503 9
302427.3901571696 4124210.6054361793 -1.3347867205265436 9
302427.4366426317 4124210.410913158 -1.337667777565387 9
302427.48254276917 4124210.2162512857 -1.3408591577708797 9
302427.52771965653 4124210.021419451 -1.345480894510919 9
302427.5717335435 4124209.8263225253 -1.352752149080993 9
302427.6141726681 4124209.630876008 -1.3613057206152783 9
302427.6548758862 4124209.435059032 -1.3705266125641582 9
302427.69368381076 4124209.2388585485 -1.3806765726348453 9
302427.7304962624 4124209.042277139 -1.3898289033690527 9
302427.7660903601 4124208.845467913 -1.3928596296473152 9
302427.8012886017 4124208.6485878243 -1.3958601804508048 9
302427.83534709085 4124208.4515111693 -1.4040057468215426 9
302427.86781281885 4124208.254162777 -1.410999226283118 9
302427.89912240533 4124208.056626205 -1.416430779803745 9
302427.9291646638 4124207.8588961996 -1.4239573230101932 9
302427.9578034269 4124207.6609575027 -1.4293824833806181 9
302427.98587175354 4124207.462935762 -1.4301020626295033 9
302428.0139410099 4124207.2649155296 -1.429813202345527 9
302428.0420242905 4124207.066897329 -1.4305468432575548 9
302428.0696318484 4124206.8688111934 -1.4346446928368795 9
302428.09611779894 4124206.670571637 -1.4417926507175634 9
302428.1209717278 4124206.4721232527 -1.4501507425710272 9
302428.1445718972 4124206.2735188417 -1.45411164254648 9
302428.1674623886 4124206.0748320254 -1.4588884863630098 9
302428.18894503673 4124205.875990432 -1.4677834087121715 9
302428.2086054679 4124205.676957091 -1.4768178969965104 9
302428.2263173559 4124205.4777399153 -1.4882677540315685 9
302428.2412785729 4124205.278300981 -1.5037430472836277 9
302428.2532619599 4124205.078657264 -1.5175143874660701 9
302428.26274165814 4124204.878881063 -1.5288649344482066 9
302428.2701662163 4124204.6790178856 -1.5383025975392477 9
302428.2757652825 4124204.479095876 -1.547210818546355 9
302428.27968301665 4124204.279133867 -1.554940565476805 9
302428.2821525355 4124204.0791477244 -1.5622439631930378 9
302428.2829719893 4124203.8791501094 -1.5711199585017501 9
302428.28233130754 4124203.679150424 -1.575945502192228 9
302428.28121204436 4124203.4791533924 -1.5762942717825343 9
302428.2802849788 4124203.279155699 -1.5749806395323587 9
302428.2792001696 4124203.079158663 -1.5780313349636805 9
302428.27774387825 4124202.879163903 -1.5767412565715102 9
302428.2770020157 4124202.6791654485 -1.5735314938179725 9
302428.27615987824 4124202.47916729 -1.5767710970014714 9
302428.2748230068 4124202.2791716 -1.5776036627599834 9
302428.27353773767 4124202.0791757368 -1.5767297792942014 9
302428.2724667707 4124201.879178644 -1.575685161936537 9
302428.2715302261 4124201.6791807953 -1.5753830984753157 9
302428.27062028024 4124201.479182865 -1.5753126324384525 9
302428.2697224991 4124201.27918489 -1.5752537972860143 9
302428.26884565584 4124201.079186809 -1.5750823029296253 9
302428.2680181195 4124200.8791885176 -1.574760722236842 9
302428.2672580226 4124200.679189956 -1.574481579153292 9
302428.26652409596 4124200.479191295 -1.5745001870583482 9
302428.26575654995 4124200.2791927787 -1.5748177762088897 9
302428.26491142303 4124200.079194583 -1.5751794035960898 9
302428.26402255025 4124199.879196562 -1.5752539290625602 9
302428.2631476195 4124199.6791984662 -1.575039980127222 9
302428.2623438254 4124199.479200051 -1.574563889011764 9
302428.2616244477 4124199.2792012687 -1.5742827390543703 9
302428.2609251894 4124199.0792024205 -1.5743626931120738 9
302428.2601738305 4124198.8792038467 -1.5748037515107782 9
302428.2592981641 4124198.6792058833 -1.5756036863769314 9
302428.2582506477 4124198.4792087544 -1.5764284066952041 9
302428.2570596564 4124198.27921233 -1.5770384527859462 9
302428.2557681245 4124198.0792164137 -1.5774338250189648 9
302428.2544189862 4124197.879220808 -1.577614524008546 9
302428.25305497163 4124197.6792253167 -1.5775912064918334 9
302428.25170129025 4124197.479229824 -1.5775455334331037 9
302428.250352439 4124197.2792343567 -1.5775429086484303 9
302428.2489998082 4124197.079238957 -1.5775833321704285 9
302428.2476347884 4124196.879243663 -1.5776668040088877 9
302428.24624877074 4124196.6792485174 -1.577793153838707 9
302428.24483557773 4124196.479253548 -1.5779289601582813 9
302428.243396778 4124196.279258743 -1.5780492251612408 9
302428.24193548 4124196.079264081 -1.5781539488521772 9
302428.2404547917 4124195.8792695426 -1.5782431312370242 9
302428.23895782133 4124195.6792751076 -1.5783167723222995 9
302428.2374468242 4124195.479280762 -1.5783941498050789 9
302428.23591403326 4124195.279286581 -1.5785385552159952 9
302428.23434516485 4124195.0792926974 -1.5787549365065716 9
302428.23272582435 4124194.879299242 -1.5790432937416035 9
302428.2310416173 4124194.679306348 -1.5794036269679588 9
302428.22927814996 4124194.479314149 -1.579835726521719 9
302428.22742460086 4124194.2793227504 -1.5802900498564552 9
302428.2254817721 4124194.0793321747 -1.5807285597840524 9
302428.22345282667 4124193.879342426 -1.581151256374289 9
302428.2213409274 4124193.6793535086 -1.5815581397150604 9
302428.21914923715 4124193.4793654284 -1.581949209909209 9
302428.2168808358 4124193.2793781897 -1.5823275437627384 9
302428.21453565656 4124193.079391838 -1.582721078366189 9
302428.21210958617 4124192.8794064694 -1.5831365135730116 9
302428.20959824556 4124192.679422182 -1.583573849532649 9
302428.2069972554 4124192.4794390756 -1.5840330863762189 9
302428.2043022365 4124192.2794572487 -1.584514224210217 9
302428.20151051483 4124192.0794767733 -1.5849824602719669 9
302428.19863502216 4124191.879497479 -1.5853482952377609 9
302428.1956970609 4124191.679519064 -1.5856072079430887 9
302428.19271801336 4124191.4795412244 -1.5857591984393544 9
302428.1897192618 4124191.279563658 -1.5858042667942414 9
302428.18672218855 4124191.079586061 -1.5857424130395852 9
302428.1837430526 4124190.8796082065 -1.5856550137148488 9
302428.1807738971 4124190.679630217 -1.5856428709867876 9
302428.1777996171 4124190.479652321 -1.5857062663555421 9
302428.1748051068 4124190.2796747475 -1.5858451998440444 9
302428.1717752603 4124190.0796977226 -1.5860596714700796 9
302428.16869497165 4124189.8797214753 -1.586349674511745 9
302428.1655524497 4124189.679746186 -1.5866660829847417 9
302428.1623487005 4124189.4797718506 -1.5869620211309683 9
302428.1590878179 4124189.279798418 -1.5872374889768417 9
302428.1557738957 4124189.0798258404 -1.5874924865584517 9
302428.15241102746 4124188.879854068 -1.5877270139180981 9
302428.1490033073 4124188.679883052 -1.587941071101085 9
302428.1455540737 4124188.479912755 -1.5881463678782326 9
302428.1420633336 4124188.279943187 -1.5883562138403726 9
302428.1385301748 4124188.0799743743 -1.5885706224317993 9
302428.134953685 4124187.8800063427 -1.5887895936628944 9
302428.131332952 4124187.6800391157 -1.5890131275427062 9
302428.1276670637 4124187.4800727204 -1.589241224078814 9
302428.1239553212 4124187.2801071773 -1.589467646395275 9
302428.120201636 4124187.080142417 -1.589656946782181 9
302428.11641436775 4124186.8801782834 -1.5898035344380552 9
302428.11260205775 4124186.680214618 -1.589907409365708 9
302428.1087732468 4124186.4802512606 -1.5899685715726712 9
302428.10493647616 4124186.2802880513 -1.5899870210655134 9
302428.10110028676 4124186.080324832 -1.589962757846492 9
302428.0972726781 4124185.8803614522 -1.5899076060464379 9
302428.0934557997 4124185.680397872 -1.5898573768029942 9
302428.08964822814 4124185.480434118 -1.5898145215665371 9
302428.08584848884 4124185.280470217 -1.589779040338028 9
302428.0820551073 4124185.0805061967 -1.5897509331181303 9
302428.07826660894 4124184.8805420846 -1.5897301999072662 9
302428.0744815192 4124184.6805779072 -1.589716840705664 9
302428.0706983762 4124184.4806136927 -1.5897104898754488 9
302428.0669159816 4124184.2806494627 -1.5897091499669338 9
302428.0631333841 4124184.080685236 -1.5897125187877323 9
302428.05934964214 4124183.8807210303 -1.5897205963378185 9
302428.0555638142 4124183.680756864 -1.5897333826172024 9
302428.0517749587 4124183.4807927557 -1.5897508776259255 9
302428.047982134 4124183.2808287228 -1.5897730813640523 9
302428.0441843986 4124183.080864782 -1.5897999938316574 9
302428.04038101743 4124182.8809009506 -1.589827661564086 9
302428.0365728635 4124182.6809372096 -1.5898474741394972 9
302428.0327615631 4124182.480973528 -1.589859131468282 9
302428.028948747 4124182.281009876 -1.5898626335504262 9
302428.02513604605 4124182.0810462213 -1.5898579803859472 9
302428.0213250909 4124181.8810825334 -1.5898451719748847 9
302428.0175175124 4124181.6811187803 -1.5898242083173126 9
302428.0137149411 4124181.481154931 -1.5897950894133626 9
302428.0099189661 4124181.2811909555 -1.5897592964859055 9
302428.0061297596 4124181.081226851 -1.5897290700861033 9
302428.0023457684 4124180.8812626465 -1.5897071344373184 9
302427.9985653346 4124180.681298375 -1.5896934895392987 9
302427.9947868004 4124180.4813340683 -1.5896881353919416 9
302427.99100850796 4124180.2813697583 -1.5896910719953223 9
302427.98722879944 4124180.081405478 -1.5897022993497039 9
302427.98344601697 4124179.881441258 -1.5897218174555319 9
302427.9796585027 4124179.6814771313 -1.5897496263134112 9
302427.9758646894 4124179.481513128 -1.5897827432858713 9
302427.972065598 4124179.281549229 -1.5897997145326506 9
302427.9682651514 4124179.0815853565 -1.5897962976251536 9
302427.96446742653 4124178.8816214325 -1.5897724925632937 9
302427.96067650017 4124178.681657377 -1.5897282993481898 9
302427.95689644926 4124178.4816931104 -1.5896637179824626 9
302427.9531313505 4124178.281728555 -1.5895787484707862 9
302427.949385281 4124178.0817636293 -1.589473390820693 9
302427.9456623175 4124177.8817982553 -1.5893476450436337 9
302427.94196653686 4124177.6818323536 -1.5892015111562912 9
302427.93830096774 4124177.4818658656 -1.5890564551410873 9
302427.9346589661 4124177.2818989214 -1.588968142918578 9
302427.93102866434 4124177.081931753 -1.5889394342359078 9
302427.9273981441 4124176.8819645946 -1.588970329083671 9
302427.92375548696 4124176.6819976796 -1.589060827482277 9
302427.9200887745 4124176.482031241 -1.589210929478661 9
302427.91638608824 4124176.282065514 -1.5894206351366356 9
302427.91263550974 4124176.0821007304 -1.5896899445208956 9
302427.90882512066 4124175.8821371244 -1.5900188576746666 9
302427.9049430024 4124175.6821749285 -1.5904073745910032 9
302427.9009776965 4124175.4822143693 -1.5908427738580602 9
302427.8969264804 4124175.282255507 -1.5912603544042014 9
302427.8927944514 4124175.082298256 -1.5916510630727843 9
302427.88858698314 4124174.882342525 -1.5920148998809638 9
302427.88430944923 4124174.682388223 -1.5923518648748518 9
302427.8799672234 4124174.4824352595 -1.5926619581216366 9
302427.87556567905 4124174.2824835433 -1.5929451797022813 9
302427.8711101899 4124174.082532984 -1.5932015297048077 9
302427.8666061295 4124173.88258349 -1.593431008218161 9
302427.8620588715 4124173.6826349697 -1.5936336153266564 9
302427.8574737895 4124173.482687334 -1.593809351105008 9
302427.85285549157 4124173.2827405035 -1.5939703607062474 9
302427.84820497996 4124173.0827944623 -1.594131622008698 9
302427.8435221966 4124172.8828492113 -1.5942931751376352 9
302427.83880708297 4124172.6829047515 -1.5944550200845686 9
302427.8340595809 4124172.482961084 -1.5946171568409164 9
302427.8292796321 4124172.283018212 -1.5947795853980031 9
302427.8244671781 4124172.0830761343 -1.5949423057470604 9
302427.8196221606 4124171.883134853 -1.5951053178792265 9
302427.8147445212 4124171.68319437 -1.5952686217855456 9
302427.80983420165 4124171.483254686 -1.5954322174569673 9
302427.8048911436 4124171.2833158025 -1.5955961048843468 9
302427.79991530074 4124171.0833777213 -1.5957600810190895 9
302427.79490669345 4124170.8834404466 -1.5959238468990378 9
302427.7898653644 4124170.683503985 -1.5960873998549638 9
302427.7847913562 4124170.4835683405 -1.5962507398942074 9
302427.7796847117 4124170.283633519 -1.5964138670241337 9
302427.77454547357 4124170.0836995267 -1.596576781252135 9
302427.7693736846 4124169.8837663676 -1.596739482585629 9
302427.76416938746 4124169.6838340485 -1.5969019710320589 9
302427.7589326248 4124169.483902575 -1.5970642465988945 9
302427.7536634396 4124169.2839719513 -1.59722630929363 9
302427.74836187443 4124169.084042184 -1.597388159123785 9
302427.7430279643 4124168.8841132787 -1.5975499686821601 9
302427.7376616564 4124168.684185242 -1.5977122851550667 9
302427.7322628422 4124168.484258083 -1.5978751489847287 9
302427.7268314126 4124168.28433181 -1.5980385601762446 9
302427.72136725823 4124168.0844064318 -1.5982025187346294 9
302427.71587026987 4124167.884481957 -1.5983670246648143 9
302427.7103403382 4124167.6845583944 -1.5985320779716448 9
302427.7047773539 4124167.4846357517 -1.5986976786598794 9
302427.6991812077 4124167.284714038 -1.598863826734188 9
302427.6935517904 4124167.084793262 -1.5990305221991494 9
302427.68788899266 4124166.884873432 -1.599197765059252 9
302427.6821927068 4124166.6849545576 -1.5993654781940871 9
302427.67646293633 4124166.4850366414 -1.5995325512416159 9
302427.6706998653 4124166.2851196835 -1.5996986207044 9
302427.6649036947 4124166.085203681 -1.5998636865826046 9
302427.659074625 4124165.885288633 -1.6000277488766113 9
302427.6532128571 4124165.685374537 -1.6001908075870142 9
302427.64731859165 4124165.48546139 -1.6003528627146144 9
302427.6413920294 4124165.285549191 -1.6005139142604148 9
302427.6354333712 4124165.0856379378 -1.6006739622256154 9
302427.62944281765 4124164.8857276277 -1.600833006611609 9
302427.6234205695 4124164.685818259 -1.6009910474199753 9
302427.6173668277 4124164.4859098303 -1.6011480846524773 9
302427.6112816483 4124164.2860023445 -1.6013064445602216 9
302427.60516437877 4124164.0860958314 -1.6014691441833062 9
302427.59901414975 4124163.8861903287 -1.6016361959060672 9
302427.5928300913 4124163.686285875 -1.6018075997473942 9
302427.5866113339 4124163.4863825077 -1.6019833557261354 9
302427.58035700774 4124163.286480265 -1.6021634638609974 9
302427.5740662435 4124163.0865791845 -1.6023479241704481 9
302427.5677381711 4124162.886679305 -1.6025367366726124 9
302427.56137192104 4124162.686780663 -1.6027299013851688 9
302427.55496662366 4124162.486883299 -1.602927418325241 9
302427.54852140945 4124162.286987249 -1.6031292875092893 9
302427.54203590157 4124162.0870925332 -1.6033256788984478 9
302427.5355139736 4124161.887199022 -1.6034928045835564 9
302427.5289616692 4124161.6873065056 -1.6036296065095033 9
302427.5223850495 4124161.487414777 -1.6037360846523276 9
302427.5157901757 4124161.2875236263 -1.603812239002374 9
302427.5091831091 4124161.087632846 -1.6038580695613565 9
302427.5025699106 4124160.8877422265 -1.6038735763402576 9
302427.49595664156 4124160.6878515584 -1.6038587593580642 9
302427.4893493631 4124160.4879606343 -1.6038136186413392 9
302427.4827541363 4124160.2880692445 -1.603738154224631 9
302427.4761770224 4124160.088177181 -1.6036323661517173 9
302427.4696243098 4124159.88828423 -1.603491067511949 9
302427.46310502186 4124159.6883901283 -1.6032968332415534 9
302427.4566299918 4124159.4884945755 -1.6030482510310267 9
302427.45021008543 4124159.2885972736 -1.6027453207088376 9
302427.44385616836 4124159.088697924 -1.6023880420700893 9
302427.4375791061 4124158.8887962257 -1.6019764149033626 9
302427.43138976436 4124158.688891881 -1.6015104390223753 9
302427.42529900867 4124158.4889845904 -1.6009901143024563 9
302427.41931770486 4124158.289074055 -1.6004154407218398 9
302427.4134567184 4124158.089159975 -1.5997864184077724 9
302427.407726915 4124157.8892420516 -1.5991030476874366 9
302427.40213868616 4124157.6893200045 -1.598376372389862 9
302427.3966964409 4124157.489393791 -1.5976451877338003 9
302427.3914004913 4124157.2894635317 -1.5969128587766912 9
302427.3862510698 4124157.0895293485 -1.59617938488503 9
302427.38124840887 4124156.8895913656 -1.5954447654282538 9
302427.3763927409 4124156.6896497062 -1.5947089997787736 9
302427.3716842983 4124156.489704494 -1.5939720873120005 9
302427.3671233135 4124156.2897558506 -1.593234027406381 9
302427.36271001905 4124156.0898039006 -1.5924948194434239 9
302427.3584446471 4124155.889848767 -1.5917544628077305 9
302427.3543274303 4124155.689890573 -1.5910129568870273 9
302427.350358245 4124155.489929444 -1.5902767260176267 9
302427.34653458407 4124155.2899655225 -1.5895576850915063 9
302427.34285296145 4124155.0899989572 -1.5888560995160523 9
302427.33930988837 4124154.890029897 -1.5881719690951428 9
302427.33590187575 4124154.690058491 -1.5875052935770582 9
302427.33262543473 4124154.4900848884 -1.5868560726607315 9
302427.3294770763 4124154.2901092377 -1.586224306001848 9
302427.3264533117 4124154.090131687 -1.5856099932187755 9
302427.32355065184 4124153.890152387 -1.5850131338983406 9
302427.3207656079 4124153.6901714853 -1.5844337276014433 9
302427.31809469074 4124153.490189132 -1.5838717972675496 9
302427.31553281995 4124153.290205474 -1.583350387935266 9
302427.3130691453 4124153.090220656 -1.5828897672490883 9
302427.3106915099 4124152.89023482 -1.5824899354972226 9
302427.30838775676 4124152.690248111 -1.5821508928249413 9
302427.306145729 4124152.4902606714 -1.5818726392789058 9
302427.30395326955 4124152.2902726457 -1.581655174844755 9
302427.3017982214 4124152.0902841752 -1.5814984994779506 9
302427.2996684278 4124151.8902954045 -1.5814026131278858 9
302427.2975517316 4124151.690306477 -1.581367515755254 9
302427.2954359758 4124151.4903175347 -1.5813932073426782 9
302427.29330907174 4124151.290328722 -1.5814767352087777 9
302427.29116266157 4124151.090340137 -1.5815823500940918 9
302427.2889939724 4124150.8903518133 -1.5816995401798937 9
302427.2868006895 4124150.690363779 -1.5818283054725575 9
302427.28458049777 4124150.490376064 -1.5819686459774684 9
302427.2823310825 4124150.290388695 -1.5821205616985048 9
302427.2800501288 4124150.090401701 -1.5822840526374744 9
302427.2777353218 4124149.890415112 -1.5824591187935035 9
302427.2753843466 4124149.6904289545 -1.58264576016238 9
302427.27299488836 4124149.4904432576 -1.5828439767358498 9
302427.2705646323 4124149.2904580506 -1.583053768500866 9
302427.26809154975 4124149.0904733576 -1.5832693719688267 9
302427.265576144 4124148.8904891787 -1.5834764737416485 9
302427.2630202384 4124148.6905054986 -1.5836744009695758 9
302427.2604256678 4124148.4905223036 -1.583863153665009 9
302427.2577942672 4124148.2905395785 -1.584042731842003 9
302427.2551278713 4124148.090557308 -1.5842131355157911 9
302427.252428315 4124147.890575479 -1.5843743647023325 9
302427.2496974332 4124147.690594075 -1.58452641941788 9
302427.2469370609 4124147.490613082 -1.5846692996785758 9
302427.2441490327 4124147.2906324863 -1.584803005500064 9
302427.2413351856 4124147.0906522726 -1.5849273176384044 9
302427.2384985537 4124146.890672404 -1.5850269316210968 9
302427.2356454065 4124146.6906927866 -1.5850924913103785 9
302427.2327825538 4124146.4907133174 -1.5851239966924573 9
302427.2299168058 4124146.2907338915 -1.5851214477613338 9
302427.22705497255 4124146.0907544056 -1.5850848445177042 9
302427.22420386417 4124145.8907747557 -1.58501418696905 9
302427.2213702907 4124145.6907948386 -1.5849094751309114 9
302427.2185610621 4124145.4908145494 -1.5847707090293452 9
302427.21578298864 4124145.2908337847 -1.5845978887045677 9
302427.21304288023 4124145.0908524403 -1.5843910142157827 9
302427.21034629404 4124144.890870432 -1.5841787055791392 9
302427.20768368675 4124144.6908879057 -1.5840572128990837 9
302427.2050355134 4124144.4909051596 -1.584034349702707 9
302427.2023820503 4124144.2909224965 -1.5841101159652144 9
302427.1997035739 4124144.090940217 -1.584284511775838 9
302427.1969803605 4124143.8909586226 -1.5845575373157241 9
302427.19419268647 4124143.6909780153 -1.58492919280704 9
302427.1913208281 4124143.490998697 -1.5853994784332959 9
302427.1883450618 4124143.2910209685 -1.5859683942308813 9
302427.1852456639 4124143.091045132 -1.5866359399518188 9
302427.18200293294 4124142.8910714877 -1.5874003282066156 9
302427.1786027994 4124142.6911002914 -1.5881945953475425 9
302427.17504424544 4124142.491131688 -1.5889847419009364 9
302427.1713280973 4124142.291165808 -1.5897707686079183 9
302427.1674551814 4124142.091202782 -1.5905526762223516 9
302427.1634263239 4124141.8912427397 -1.5913304655104406 9
302427.1592423511 4124141.691285812 -1.5921041372503282 9
302427.1549040891 4124141.491332129 -1.5928736922317044 9
302427.1504123642 4124141.2913818206 -1.593639131255406 9
302427.1457680028 4124141.091435018 -1.5944004551330266 9
302427.14097183105 4124140.89149185 -1.5951576646865278 9
302427.1360248359 4124140.69155244 -1.5959073285606575 9
302427.1309296452 4124140.491616827 -1.5966396135409122 9
302427.12568984565 4124140.291685002 -1.5973539090872508 9
302427.12030903617 4124140.0917569543 -1.5980502153646234 9
302427.1147908157 4124139.8918326763 -1.5987285325990959 9
302427.1091387832 4124139.6919121556 -1.5993888610710874 9
302427.10335653747 4124139.491995384 -1.6000312011087878 9
302427.0974476775 4124139.2920823507 -1.6006555530817432 9
302427.09141580237 4124139.092173047 -1.6012619173946212 9
302427.08526451065 4124138.892267463 -1.60185029448115 9
302427.0789975231 4124138.692365583 -1.6024162012620982 9
302427.0726230988 4124138.4924671985 -1.602919464630188 9
302427.06615528924 4124138.2925718534 -1.603350548738176 9
302427.0596085225 4124138.0926790764 -1.6037094533673106 9
302427.0529972268 4124137.892788395 -1.6039961784406898 9
302427.0463358304 4124137.692899336 -1.6042107239671635 9
302427.0396387614 4124137.493011429 -1.6043530899965224 9
302427.0329204478 4124137.293124201 -1.6044232765859614 9
302427.0261953181 4124137.0932371793 -1.6044212837778318 9
302427.01947780023 4124136.893349894 -1.6043471115886694 9
302427.0127821619 4124136.6934618754 -1.6042062268882231 9
302427.006117705 4124136.493572826 -1.6040406457840517 9
302426.9994879354 4124136.29368264 -1.60385917024193 9
302426.99289603025 4124136.093791223 -1.6036618002385323 9
302426.9863451672 4124135.8938984815 -1.6034485357521393 9
302426.9798385238 4124135.6940043205 -1.6032193767641347 9
302426.97337927745 4124135.4941086476 -1.602974323260621 9
302426.9669706058 4124135.2942113667 -1.6027133752341562 9
302426.9606156862 4124135.094312385 -1.6024365326856125 9
302426.9543176963 4124134.894411608 -1.6021437956261517 9
302426.94807874603 4124134.6945089763 -1.6018517038331241 9
302426.94189625385 4124134.494604577 -1.6015789553087854 9
302426.93576634984 4124134.2946985397 -1.601325567370805 9
302426.9296851639 4124134.0947909933 -1.6010915400064698 9
302426.9236488263 4124133.894882068 -1.6008768731955856 9
302426.9176534668 4124133.694971891 -1.6006815669131063 9
302426.91169521573 4124133.495060594 -1.6005056211315483 9
302426.90577020287 4124133.2951483037 -1.6003490358231882 9
302426.8998745584 4124133.0952351503 -1.6002118109620398 9
302426.89400374715 4124132.8953212793 -1.600104054888769 9
302426.88815047033 4124132.695406909 -1.6000363971027214 9
302426.8823067114 4124132.495492274 -1.6000088392809237 9
302426.8764644538 4124132.295577609 -1.6000213814314657 9
302426.870615681 4124132.095663149 -1.6000740235632889 9
302426.8647523765 4124131.8957491303 -1.6001667656855822 9
302426.85886652366 4124131.695835788 -1.6002996078052416 9
302426.852950106 4124131.495923356 -1.6004725499223975 9
302426.84699522704 4124131.296012068 -1.6006806317460907 9
302426.840999859 4124131.0961019816 -1.6008688399417244 9
302426.83497037727 4124130.8961929064 -1.601021918172701 9
302426.82891380484 4124130.696284636 -1.6011398664467626 9
302426.8228371645 4124130.49637696 -1.6012226847755473 9
302426.8167474793 4124130.296469671 -1.6012703731702227 9
302426.8106517721 4124130.096562561 -1.6012829316384203 9
302426.80455706565 4124129.896655421 -1.6012603601824689 9
302426.7984703351 4124129.696748043 -1.6012048931647378 9
302426.79239542264 4124129.4968403135 -1.6011475769983836 9
302426.7863311585 4124129.2969322675 -1.6010983625826947 9
302426.7802759231 4124129.0970239523 -1.601057249919505 9
302426.7742280967 4124128.8971154164 -1.6010242390101592 9
302426.7681860598 4124128.697206707 -1.6009993298555936 9
302426.7621481926 4124128.497297873 -1.6009825224563996 9
302426.7561128756 4124128.297388961 -1.6009738168128753 9
302426.75007851876 4124128.097480019 -1.6009723427890212 9
302426.74404417817 4124127.8975710752 -1.6009731199915727 9
302426.73800953623 4124127.6976621393 -1.600975357176032 9
302426.7319743011 4124127.4977532197 -1.6009790543423843 9
302426.72593818087 4124127.297844327 -1.600984211490628 9
302426.7199008838 4124127.097935469 -1.6009908286207744 9
302426.7138621179 4124126.8980266545 -1.6009989057328473 9
302426.7078215916 4124126.6981178946 -1.6010084238588633 9
302426.7017792249 4124126.4982091896 -1.601016508750114 9
302426.6957355916 4124126.2983005242 -1.601021096552236 9
302426.6896913907 4124126.098391876 -1.6010221872652075 9
302426.68364732136 4124125.8984832237 -1.6010197808890132 9
302426.67760408256 4124125.6985745467 -1.6010138774236444 9
302426.6715623735 4124125.498665823 -1.6010044768690992 9
302426.66552289325 4124125.2987570325 -1.6009915792253846 9
302426.6594862789 4124125.0988481557 -1.6009766039065843 9
302426.65345241735 4124124.898939195 -1.6009643387520094 9
302426.6474206978 4124124.69903017 -1.6009551742455939 9
302426.6413905004 4124124.4991210992 -1.600949110387329 9
302426.63536120526 4124124.299212001 -1.600946147177207 9
302426.62933219265 4124124.0993028935 -1.6009462846152227 9
302426.6233028426 4124123.899393797 -1.6009495227013746 9
302426.6172725364 4124123.6994847287 -1.6009557697609167 9
302426.6112409675 4124123.4995756987 -1.6009612655017382 9
302426.60520857194 4124123.299666694 -1.6009640408050674 9
302426.59917589347 4124123.099757698 -1.600964095670903 9
302426.59314347594 4124122.8998486935 -1.6009614300992432 9
302426.5871118632 4124122.699939665 -1.600956044090086 9
302426.5810815991 4124122.5000305963 -1.6009479376434306 9
302426.57505322754 4124122.30012147 -1.6009371107592771 9
302426.569027238 4124122.1002122723 -1.6009246674886197 9
302426.5630036273 4124121.9003030024 -1.600913427142533 9
302426.5569821294 4124121.7003936693 -1.6009035301231362 9
302426.5509624757 4124121.5004842803 -1.6008949764304279 9
302426.54494439776 4124121.300574844 -1.6008877660644054 9
302426.5389276269 4124121.1006653677 -1.6008818990250664 9
302426.53291189467 4124120.900755861 -1.6008773753124086 9
302426.5268969374 4124120.7008463303 -1.6008740440601297 9
302426.52088261186 4124120.500936781 -1.6008709431350832 9
302426.51486890024 4124120.3010272137 -1.600867902302748 9
302426.50885579054 4124120.1011176277 -1.6008649215631245 9
302426.50284327066 4124119.901208024 -1.6008620009162131 9
302426.4968313286 4124119.701298403 -1.600859140362014 9
302426.4908199525 4124119.5013887654 -1.6008563399005278 9
302426.4848091295 4124119.3014791105 -1.6008536406219427 9
302426.47879874543 4124119.101569443 -1.6008522027863954 9
302426.4727884698 4124118.9016597713 -1.6008525556731867 9
302426.46677794465 4124118.7017501085 -1.6008546992823172 9
302426.460766812 4124118.5018404624 -1.600858633613787 9
302426.4547547137 4124118.3019308466 -1.6008643586675975 9
302426.44874129206 4124118.10202127 -1.6008718744437498 9
302426.4427261966 4124117.902111744 -1.6008808488245898 9
302426.43670949386 4124117.7022022665 -1.6008872958113396 9
302426.43069187144 4124117.502292816 -1.6008900500292962 9
302426.4246740675 4124117.3023833716 -1.60088911147846 9
302426.4186568203 4124117.1024739104 -1.6008844801588327 9
302426.41264086805 4124116.90256441 -1.6008761560704177 9
302426.40662694897 4124116.702654849 -1.6008641392132212 9
302426.40061572095 4124116.502745206 -1.60085047290945 9
302426.3946065908 4124116.3028355003 -1.6008438681191555 9
302426.3885979766 4124116.102925779 -1.6008453118764259 9
302426.3825882692 4124115.9030160904 -1.6008548041812714 9
302426.37657585973 4124115.703106483 -1.6008723450337274 9
302426.3705591392 4124115.503197006 -1.6008979344338357 9
302426.36453649896 4124115.303287708 -1.6009315186012167 9
302426.3585070016 4124115.103378616 -1.6009639331472436 9
302426.35247181164 4124114.903469696 -1.600988470004084 9
302426.34643250395 4124114.7035608995 -1.601005129171757 9
302426.3403906534 4124114.50365218 -1.6010139106503043 9
302426.3343478347 4124114.3037434896 -1.6010148144397587 9
302426.32830562274 4124114.1038347813 -1.6010078405401291 9
302426.32226547843 4124113.9039260102 -1.6009956294076233 9
302426.3162274417 4124113.7040171754 -1.6009873533602672 9
302426.310190588 4124113.504108305 -1.600983794835726 9
302426.30415397405 4124113.304199428 -1.600984953834006 9
302426.2981166569 4124113.1042905715 -1.600990830355112 9
302426.29207769345 4124112.9043817655 -1.6010014243990465 9
302426.2860361407 4124112.704473037 -1.601016713743715 9
302426.27999130083 4124112.5045644077 -1.6010333788314177 9
302426.27394322964 4124112.304655877 -1.6010490418116972 9
302426.2678921274 4124112.1047474374 -1.6010637026845589 9
302426.2618381945 4124111.9048390836 -1.601077361450009 9
302426.2557816313 4124111.70493081 -1.6010900181080547 9
302426.2497226381 4124111.5050226087 -1.6011016726587035 9
302426.2436614103 4124111.305114476 -1.6011124658562197 9
302426.23759803956 4124111.1052064085 -1.6011231983178 9
302426.2315325167 4124110.905298406 -1.6011339964197315 9
302426.22546482866 4124110.7053904687 -1.6011448601620142 9
302426.2193949624 4124110.5054825987 -1.6011557895446487 9
302426.2133229046 4124110.3055747948 -1.6011667845676345 9
302426.2072486429 4124110.105667057 -1.6011777887659262 9
302426.2011723522 4124109.905759382 -1.6011865582907008 9
302426.1950946478 4124109.7058517495 -1.6011919305956008 9
302426.1890162091 4124109.505944139 -1.6011939056806272 9
302426.1829377151 4124109.3060365305 -1.601192483545781 9
302426.17685984494 4124109.1061289036 -1.6011876641910607 9
302426.1707832778 4124108.9062212366 -1.6011794547191716 9
302426.1647084888 4124108.7063135155 -1.601170743986414 9
302426.15863525495 4124108.5064057475 -1.601163895484836 9
302426.1525632041 4124108.3064979427 -1.6011589092144376 9
302426.1464919639 4124108.1065901136 -1.601155785175219 9
302426.14042116207 4124107.906682272 -1.6011545233671793 9
302426.13435042393 4124107.7067744276 -1.6011552164516822 9
302426.128279274 4124107.5068665957 -1.601158781930737 9
302426.12220710074 4124107.3069587955 -1.6011654546185226 9
302426.11613328307 4124107.1070510447 -1.6011752345150434 9
302426.1100571996 4124106.907143363 -1.6011881216203034 9
302426.1039782317 4124106.707235769 -1.6012040156713465 9
302426.097895884 4124106.507328278 -1.6012217449768391 9
302426.09180984215 4124106.3074208996 -1.601240972937894 9
302426.0857198068 4124106.107513642 -1.6012616995544953 9
302426.07962547767 4124105.9076065156 -1.6012839941760206 9
302426.07352602883 4124105.7076995443 -1.6013147921390267 9
302426.0674191129 4124105.5077928025 -1.6013586988697501 9
302426.06130210945 4124105.307886368 -1.6014157143684369 9
302426.0551728437 4124105.107980311 -1.6014762921278785 9
302426.0490337327 4124104.9080745545 -1.601512817157054 9
302426.0428898985 4124104.708168943 -1.6015235449003926 9
302426.03674574813 4124104.5082633416 -1.6015212071388152 9
302426.03060143144 4124104.3083577454 -1.6015254086655608 9
302426.02445565426 4124104.1084521944 -1.6015347737170524 9
302426.01830829075 4124103.9085466918 -1.6015403300543072 9
302426.01216027606 4124103.7086412096 -1.6015429294268164 9
302426.00601031946 4124103.5087357867 -1.601562623675264 9
302425.99985451193 4124103.308830544 -1.6015948849865913 9
302425.99369735026 4124103.108925343 -1.601566355462651 9
302425.9875531301 4124102.909019744 -1.6014756470444613 9
302425.9814233161 4124102.7091137026 -1.6014376870274392 9
302425.9752934692 4124102.5092076627 -1.6014712423530004 9
302425.96915613674 4124102.309301852 -1.6014996836874387 9
302425.96301592287 4124102.1093961294 -1.6015006229843103 9
302425.9568764712 4124101.9094903837 -1.6014974894015155 9
302425.9507368689 4124101.7095846427 -1.601502090551083 9
302425.94459637895 4124101.509678929 -1.6015030093642724 9
302425.9384569671 4124101.309773182 -1.6014913054645017 9
302425.9323210747 4124101.1098673274 -1.6014684041394298 9
302425.9261906455 4124100.9099613046 -1.6014366811451202 9
302425.92006811243 4124100.7100550397 -1.6013828333508544 9
302425.913961585 4124100.5101482864 -1.601275443700165 9
302425.90788117686 4124100.3102407334 -1.6011427951704444 9
302425.9018084797 4124100.110332945 -1.601232499707077 9
302425.8956900618 4124099.910426555 -1.6016002154796132 9
302425.88948446215 4124099.7105228333 -1.6019855852067444 9
302425.8832501029 4124099.5106200003 -1.6018759805027467 9
302425.8770884954 4124099.3107149648 -1.60125773429979 9
302425.8710824377 4124099.1108052074 -1.6004435975888214 9
302425.865214471 4124098.9108912856 -1.5998793462041194 9
302425.8594339917 4124098.710974774 -1.599568339516416 9
302425.85369210335 4124098.511057184 -1.599475597709265 9
302425.84795538714 4124098.311139489 -1.599513086386767 9
302425.8421985841 4124098.111222373 -1.5996765504991266 9
302425.83639682195 4124097.9113065097 -1.5999483348854386 9
302425.83055759984 4124097.7113916804 -1.5999830461384341 9
302425.8247484837 4124097.511476011 -1.599647158259469 9
302425.81904356496 4124097.3115574466 -1.598940670522412 9
302425.8135122437 4124097.111634065 -1.5979793964733688 9
302425.8081558617 4124096.9117058455 -1.59722620738531 9
302425.8029244422 4124096.7117742016 -1.5967293028666503 9
302425.7977667488 4124096.511840582 -1.5964886820833943 9
302425.79263449373 4124096.3119063536 -1.5964361609622582 9
302425.7875159721 4124096.1119718486 -1.5963360329555103 9
302425.78242422506 4124095.9120366992 -1.5961683382936815 9
302425.77737276076 4124095.7121005272 -1.595933077057967 9
302425.7723752435 4124095.512162954 -1.5956267246217841 9
302425.76744716364 4124095.3122236268 -1.595237790691066 9
302425.76260519226 4124095.112282208 -1.5947653868302296 9
302425.75786601997 4124094.9123383616 -1.594209512751945 9
302425.7532439769 4124094.7123918016 -1.5936247829631007 9
302425.7487240612 4124094.5124428933 -1.5932002527649225 9
302425.74427140964 4124094.312492444 -1.5929519642938377 9
302425.73985078343 4124094.112541269 -1.5928799174211568 9
302425.7354278387 4124093.9125901605 -1.592957024490073 9
302425.7309892293 4124093.7126394226 -1.5930180140503285 9
302425.72654283664 4124093.512688867 -1.5930348780854853 9
302425.7220974833 4124093.3127382807 -1.5930076165910405 9
302425.7176619957 4124093.112787453 -1.5929357377056181 9
302425.7132486589 4124092.9128361074 -1.592773943965123 9
302425.70887961733 4124092.7128837933 -1.592492680781698 9
302425.70457875985 4124092.512930026 -1.5920919480221751 9
302425.70036997553 4124092.312974321 -1.591571745605428 9
302425.6962745242 4124092.113016249 -1.591001441610313 9
302425.6922689904 4124091.91305631 -1.5907008184168074 9
302425.688292615 4124091.7130957805 -1.5907097965246166 9
302425.6842834915 4124091.5131359575 -1.5910283760444 9
302425.68017971324 4124091.3131781425 -1.5916565574571782 9
302425.6759280306 4124091.1132234535 -1.592434208829161 9
302425.67153693957 4124090.913271717 -1.5930433659779037 9
302425.66704175837 4124090.713322197 -1.5934753465069793 9
302425.66247791453 4124090.513374158 -1.5937301508392325 9
302425.65788083576 4124090.313426862 -1.5938077793227765 9
302425.6532817194 4124090.113479661 -1.5937832078544236 9
302425.64868477534 4124089.913532465 -1.5937882795787819 9
302425.64408360794 4124089.7135854075 -1.5938254614788883 9
302425.63947179663 4124089.5136386217 -1.5938947535626267 9
302425.6348429206 4124089.3136922405 -1.5939961558222957 9
302425.6301911295 4124089.1137463846 -1.5941180058446474 9
302425.62551581743 4124088.9138010624 -1.5942301611968501 9
302425.620819203 4124088.7138562226 -1.5943310836779767 9
302425.6161035322 4124088.5139118126 -1.5944207732895002 9
302425.611371051 4124088.313967779 -1.594499230033971 9
302425.6066237218 4124088.1140240785 -1.5945757370489446 9
302425.6018555086 4124087.914080867 -1.5947164056883707 9
302425.5970514603 4124087.714138528 -1.5949341937581905 9
302425.5921961582 4124087.514197457 -1.595229101341383 9
302425.5872741833 4124087.314258049 -1.5956011285106597 9
302425.5822701352 4124087.1143206987 -1.5960481995604137 9
302425.5771799324 4124086.9143855134 -1.5964256483589707 9
302425.5720300614 4124086.714451827 -1.5966450699484145 9
302425.5668521176 4124086.514518844 -1.5967064644161864 9
302425.5616776964 4124086.314585768 -1.596609831807113 9
302425.55653839314 4124086.1146518043 -1.596355172077412 9
302425.5514614395 4124085.914716265 -1.5960215339215176 9
302425.54644459515 4124085.7147792093 -1.5957568946371015 9
302425.54147342464 4124085.5148409996 -1.595564649759527 9
302425.53653345373 4124085.3149020015 -1.595444799274969 9
302425.5316102081 4124085.114962579 -1.5953973431605717 9
302425.526689576 4124084.9150230903 -1.5954097135912197 9
302425.52176914935 4124084.7150836005 -1.595381864005104 9
302425.5168604702 4124084.515143832 -1.5952922046874238 9
302425.51197589707 4124084.315203487 -1.5951407356219671 9
302425.50712778815 4124084.115262268 -1.5949274567957366 9
302425.502328502 4124083.9153198753 -1.5946523682163087 9
302425.49758792523 4124083.715376075 -1.5943526778734387 9
302425.4929059603 4124083.5154308793 -1.5940660839801413 9
302425.48827998905 4124083.3154843673 -1.5937925869136165 9
302425.4837073931 4124083.115536617 -1.5935321866422385 9
302425.47918555426 4124082.9155877046 -1.5932848831300366 9
302425.4747119178 4124082.715637708 -1.5930486545397742 9
302425.4702856061 4124082.5156866624 -1.5928098745433144 9
302425.46590754803 4124082.3157345615 -1.592566003133198 9
302425.46157876187 4124082.1157813966 -1.5923170402884002 9
302425.457300266 4124081.915827158 -1.5920629859895608 9
302425.4530730787 4124081.7158718384 -1.5918038402191785 9
302425.4488978774 4124081.515915435 -1.5915463820109954 9
302425.444772417 4124081.3159579993 -1.591306923358325 9
302425.4406929669 4124081.115999611 -1.5910861808928343 9
302425.43665578455 4124080.9160403507 -1.5908841546209607 9
302425.43265712785 4124080.7160802986 -1.590700844541346 9
302425.4286932542 4124080.516119534 -1.5905362506469576 9
302425.4247626008 4124080.3161580977 -1.5903575685934919 9
302425.4208724081 4124080.1161958734 -1.5901315675048238 9
302425.4170321385 4124079.916232703 -1.589858246959413 9
302425.41325125477 4124079.71626843 -1.5895376068807783 9
302425.4095392196 4124079.5163028976 -1.58916964720986 9
302425.40590546036 4124079.3163359496 -1.588757060294266 9
302425.402351492 4124079.116367567 -1.5883928642005751 9
302425.39886092645 4124078.9163980456 -1.5881229314253085 9
302425.39541491383 4124078.7164277234 -1.5879472619405564 9
302425.3919946046 4124078.5164569374 -1.5878658556901166 9
302425.38858114916 4124078.3164860266 -1.5878787126363243 9
302425.3851562198 4124078.116515319 -1.587970178120684 9
302425.38171348587 4124077.91654493 -1.5880463562129652 9
302425.3782586115 4124077.716574764 -1.5880916029189458 9
302425.374797782 4124077.5166047113 -1.588105918232868 9
302425.37133718276 4124077.3166346666 -1.5880893021492941 9
302425.3678829991 4124077.1166645233 -1.5880417546626964 9
302425.36443923495 4124076.9166942104 -1.5880005775965413 9
302425.3609972466 4124076.7167238677 -1.588024663525714 9
302425.35754384345 4124076.5167537103 -1.5881147416345467 9
302425.3540658286 4124076.3167839544 -1.5882708118859574 9
302425.35055000556 4124076.1168148154 -1.588492874203559 9
302425.346983405 4124075.916846505 -1.5887689509699097 9
302425.34337302094 4124075.716878911 -1.588891256647702 9
302425.3397611046 4124075.516911352 -1.5887842793261895 9
302425.33619350643 4124075.3169430876 -1.588448018711648 9
302425.3327160773 4124075.1169733764 -1.587882474125866 9
302425.3293746679 4124074.917001479 -1.5870876450364668 9
302425.3262096348 4124074.717026744 -1.5861746651114963 9
302425.3232121627 4124074.5170493275 -1.5854229788269845 9
302425.32034753385 4124074.31706981 -1.5848460676124523 9
302425.31758079806 4124074.117088775 -1.58444393078081 9
302425.3148770055 4124073.917106807 -1.5842165676035538 9
302425.3122014274 4124073.7171244873 -1.5841531286419879 9
302425.3095356615 4124073.51714213 -1.584088439281708 9
302425.3068885437 4124073.317159611 -1.583966642101481 9
302425.3042714944 4124073.1171767623 -1.5837877370709725 9
302425.30169593386 4124072.9171934156 -1.5835517242057142 9
302425.2991732826 4124072.7172094034 -1.58325860358461 9
302425.2967125419 4124072.517224595 -1.5829474792002305 9
302425.2943106955 4124072.3172390335 -1.5826698374493164 9
302425.2919610015 4124072.11725282 -1.582425914098153 9
302425.28965671704 4124071.9172660536 -1.5822157090869395 9
302425.2873910991 4124071.717278833 -1.5820392223563111 9
302425.2851577946 4124071.5172912544 -1.581887091132903 9
302425.28295575065 4124071.317303343 -1.5817240630323837 9
302425.2807877384 4124071.1173150763 -1.5815467562575685 9
302425.2786566133 4124070.9173264303 -1.5813551707978335 9
302425.27656523127 4124070.7173373806 -1.5811493066455669 9
302425.2745164374 4124070.5173479035 -1.5809298998428614 9
302425.2725111674 4124070.3173579904 -1.5807189000596094 9
302425.27054623107 4124070.11736767 -1.580526542184187 9
302425.26861790026 4124069.917376972 -1.5803528262415896 9
302425.2667224466 4124069.7173859286 -1.5801977522466477 9
302425.2648561419 4124069.517394572 -1.5800613202058384 9
302425.26301723183 4124069.3174029193 -1.5799043520670162 9
302425.26122081565 4124069.1174108763 -1.579632938409619 9
302425.25949053373 4124068.917418289 -1.5792429880082894 9
302425.2578500929 4124068.717425004 -1.5787345006024793 9
302425.25632320007 4124068.517430869 -1.5781074760606106 9
302425.25493150915 4124068.3174357438 -1.5774211794769362 9
302425.25365353975 4124068.1174397967 -1.5770046554232777 9
302425.25242683245 4124067.917443487 -1.576908545902069 9
302425.251187306 4124067.717447284 -1.5771328507899893 9
302425.24987087934 4124067.5174516584 -1.5776775705401744 9
302425.24841579184 4124067.317457065 -1.5784742365719568 9
302425.24681160273 4124067.117463578 -1.5791256043670838 9
302425.24509807245 4124066.9174709073 -1.5795676777056904 9
302425.24331705883 4124066.7174787447 -1.5798004569869388 9
302425.2415104195 4124066.517486783 -1.5798239425666845 9
302425.2397184352 4124066.317494726 -1.5796790343658684 9
302425.23795564147 4124066.117502464 -1.579547662512885 9
302425.2362155935 4124065.917510039 -1.5794515710406718 9
302425.23449123534 4124065.7175174966 -1.5793907599875738 9
302425.23277551105 4124065.5175248836 -1.5793652293734282 9
302425.2310612015 4124065.3175322483 -1.5793790737699316 9
302425.2293386246 4124065.1175396717 -1.5794492623325591 9
302425.22759619076 4124064.917547259 -1.5795776489696718 9
302425.22582226107 4124064.7175551187 -1.5797642336809954 9
302425.2240051962 4124064.517563357 -1.5800090164559286 9
302425.22213565157 4124064.3175720596 -1.580258233050032 9
302425.2202336929 4124064.1175810536 -1.5803202606873876 9
302425.21833974577 4124063.917589987 -1.5801781148734952 9
302425.2164946434 4124063.7175985035 -1.5798317954779428 9
302425.214739219 4124063.5176062463 -1.5792813023950996 9
302425.21311135654 4124063.317612889 -1.578588811975299 9
302425.211619689 4124063.1176184136 -1.5779275627460732 9
302425.2102561215 4124062.917622973 -1.5773077761189416 9
302425.2090123624 4124062.7176267253 -1.576729451616918 9
302425.2078801202 4124062.5176298255 -1.5761925887118755 9
302425.206850278 4124062.3176324265 -1.5757129995665735 9
302425.20590727223 4124062.117634636 -1.5753252565767462 9
302425.2050325081 4124061.9176365426 -1.5750305763467196 9
302425.20420737326 4124061.717638234 -1.574828958904714 9
302425.2034132554 4124061.5176397995 -1.5747204042326088 9
302425.202635351 4124061.3176413104 -1.574633914245624 9
302425.20188658417 4124061.1176427244 -1.57442539002388 9
302425.2011921434 4124060.9176439447 -1.5740906502202672 9
302425.2005772715 4124060.7176448773 -1.5736296949815591 9
302425.2000672116 4124060.5176454266 -1.5730425247500501 9
302425.1996868924 4124060.317645517 -1.5723359845390883 9
302425.1994578672 4124060.1176452814 -1.5715306914042675 9
302425.19939963653 4124059.917644977 -1.5706280415341736 9
302425.1995316719 4124059.717644866 -1.5696280326532528 9
302425.19987344474 4124059.5176452096 -1.5685306627957112 9
302425.20044229913 4124059.3176462515 -1.567387407696817 9
302425.2012261297 4124059.1176480246 -1.5663953310899967 9
302425.20219132194 4124058.9176504035 -1.5655737828622023 9
302425.20330377045 4124058.71765326 -1.564922763116709 9
302425.2045293701 4124058.517656467 -1.5644422710774193 9
302425.20583943673 4124058.317659951 -1.564014926427482 9
302425.2072626918 4124058.1176642366 -1.5632919980143056 9
302425.20886239357 4124057.917670208 -1.5622503878266143 9
302425.2107022728 4124057.717678754 -1.560890090355514 9
302425.2128460607 4124057.5176907647 -1.5592111024801216 9
302425.2153390478 4124057.317706894 -1.5575234493868941 9
302425.21812440676 4124057.117726508 -1.5562913648736352 9
302425.22111016035 4124056.91774853 -1.5555193637044122 9
302425.2242042988 4124056.71777188 -1.5552074409355556 9
302425.2273153797 4124056.5177954882 -1.5553242750614042 9
302425.230407843 4124056.317819041 -1.555277871519213 9
302425.233548395 4124056.117843613 -1.554843288855006 9
302425.2368146617 4124055.917870426 -1.5540205258980124 9
302425.2402842693 4124055.7179007023 -1.5528095838014973 9
302425.2440258845 4124055.517935597 -1.5513605363809608 9
302425.24805904506 4124055.3179758983 -1.5498955325278616 9
302425.25238653633 4124055.1180222696 -1.5484166082791513 9
302425.2570111293 4124054.9180753743 -1.546923756729346 9
302425.26193392504 4124054.718135817 -1.545461826981706 9
302425.26712645235 4124054.51820319 -1.5442452882356994 9
302425.27253487834 4124054.318276216 -1.5433021014453916 9
302425.2781045481 4124054.118353587 -1.5426322656814624 9
302425.2837809922 4124053.918434002 -1.5422249685746066 9
302425.2895306447 4124053.718516653 -1.5418543172796324 9
302425.29535974603 4124053.5186016727 -1.5414301282460514 9
302425.3012790012 4124053.318689299 -1.5409524020896355 9
302425.30729911546 4124053.1187797696 -1.5404210832950322 9
302425.31343839876 4124052.918873649 -1.5397247339424325 9
302425.3197435541 4124052.7189727174 -1.538761552626537 9
302425.3262679098 4124052.519079038 -1.5375315352699455 9
302425.3330647936 4124052.3191946745 -1.5360346789010673 9
302425.34018019674 4124052.119321446 -1.5343992119880052 9
302425.3476150577 4124051.9194596657 -1.5328411918025135 9
302425.35535322526 4124051.7196090734 -1.5313640863013627 9
302425.3633785158 4124051.5197694097 -1.5299678933934167 9
302425.37167892186 4124051.3199406294 -1.5285665370603987 9
302425.3802814834 4124051.120124687 -1.5269338553361405 9
302425.3892345496 4124050.92032463 -1.5250579070812889 9
302425.3985866848 4124050.7205435173 -1.522938678827858 9
302425.4083831984 4124050.52078423 -1.520672530979925 9
302425.41859706875 4124050.321045741 -1.5188209301449425 9
302425.42913032306 4124050.1213231855 -1.5174747220574656 9
302425.43988200964 4124049.9216115377 -1.5166339010134526 9
302425.4507518921 4124049.7219058126 -1.5162574422729431 9
302425.46171681717 4124049.522205332 -1.515516701081969 9
302425.4728984985 4124049.322517508 -1.5140862032260125 9
302425.4844346381 4124049.1228506477 -1.5119659357199555 9
302425.4964629376 4124048.923213059 -1.5091560453531228 9
302425.50909956533 4124048.723612196 -1.5059724695086996 9
302425.5223799704 4124048.524052316 -1.5027052599191182 9
302425.5363206924 4124048.3245369312 -1.4993543694167988 9
302425.55093827075 4124048.125069551 -1.4959197558677286 9
302425.5662495866 4124047.9256538223 -1.4923952517270056 9
302425.5822736133 4124047.726294236 -1.488770493305209 9
302425.5990301164 4124047.5269956016 -1.485045237249513 9
302425.6165388628 4124047.327762729 -1.4812194103865657 9
302425.6348095528 4124047.128599334 -1.4774939366363484 9
302425.6537658905 4124046.929499787 -1.4743508723048449 9
302425.67328797694 4124046.7304537185 -1.4718112530974603 9
302425.6932555723 4124046.531450724 -1.4698750505696998 9
302425.71355967206 4124046.332481526 -1.4682898687570345 9
302425.73421977746 4124046.1335497415 -1.466248123391299 9
302425.7553373094 4124045.9346672115 -1.4636891978238313 9
302425.77701501054 4124045.7358459085 -1.4606130779986046 9
302425.7993503747 4124045.5370972785 -1.4571505334109338 9
302425.82236393244 4124045.3384250673 -1.4538292442138232 9
302425.8460177651 4124045.1398271658 -1.4507048355619814 9
302425.87027249613 4124044.9413013225 -1.4477772533276716 9
302425.89509018447 4124044.742845407 -1.4450115335368923 9
302425.92045284814 4124044.544459005 -1.4422735077171898 9
302425.9463571246 4124044.3461429565 -1.4395499249359405 9
302425.9727999869 4124044.147898133 -1.4368407743954155 9
302425.9997779187 4124043.949725345 -1.434156802532776 9
302426.02728211397 4124043.7516247677 -1.4315306142024231 9
302426.0553005324 4124043.5535961897 -1.4289644261813714 9
302426.0838210877 4124043.3556393925 -1.4264582154231156 9
302426.1128289331 4124043.157753683 -1.424064842969638 9
302426.1422884368 4124042.959934785 -1.4218955567537346 9
302426.17215449875 4124042.762176793 -1.4199539030205273 9
302426.20238197024 4124042.5644737906 -1.4182398706037962 9
302426.23293124913 4124042.366820583 -1.4166658051878978 9
302426.2637879824 4124042.1692152526 -1.4151281018334427 9
302426.29494499863 4124041.9716568147 -1.4136265870292026 9
302426.3263951383 4124041.7741442844 -1.4121593268607664 9
302426.3581514657 4124041.576680248 -1.4104489617732485 9
302426.39028889505 4124041.379278202 -1.408298234842515 9
302426.4228941231 4124041.1819537235 -1.4057071164620045 9
302426.4560524504 4124040.984722148 -1.4027372226331154 9
302426.4897719233 4124040.78758556 -1.4001411483236936 9
302426.5239444559 4124040.5905261203 -1.3981414164986437 9
302426.558452383 4124040.3935243455 -1.3967380099557642 9
302426.593186725 4124040.196562264 -1.3957165933034867 9
302426.6281600833 4124039.9996430594 -1.394248233828186 9
302426.6634745428 4124039.8027854837 -1.3922503669632975 9
302426.69923426484 4124039.6060086507 -1.3897229928882568 9
302426.735525192 4124039.409328588 -1.3869540759796681 9
302426.7723517057 4124039.212747505 -1.3842768695381569 9
302426.80969537253 4124039.016263747 -1.3816917776917186 9
302426.8475376849 4124038.819875641 -1.3792026370493906 9
302426.8858541178 4124038.6235798984 -1.3768734279574373 9
302426.9246097373 4124038.427370447 -1.37472681122719 9
302426.96376857435 4124038.2312409347 -1.3727627828731628 9
302427.0032981968 4124038.035185726 -1.3709030765349088 9
302427.04320376995 4124037.839206786 -1.3689143481910615 9
302427.0835131411 4124037.6433106684 -1.3667810396970979 9
302427.1242544518 4124037.447503986 -1.3645052491462377 9
302427.1654456097 4124037.251791305 -1.3622189159136917 9
302427.2070775062 4124037.0561717926 -1.3600004717397254 9
302427.2491366255 4124036.860643736 -1.3578499005917315 9
302427.2916091228 4124036.66520531 -1.3557749139975424 9
302427.33447737916 4124036.469853411 -1.3538002865386192 9
302427.3777213655 4124036.2745841173 -1.3519278849088212 9
302427.42132111115 4124036.079393517 -1.3501494539469543 9
302427.4652831329 4124035.884283936 -1.3481391483460734 9
302427.50967624923 4124035.6892723683 -1.3457285039753946 9
302427.5545782284 4124035.4943779153 -1.3429174975269276 9
302427.60005756945 4124035.2996175312 -1.3399073803930492 9
302427.6460900813 4124035.1049866816 -1.3372634413378828 9
302427.6925982261 4124034.910468468 -1.3350195147437875 9
302427.73950410984 4124034.7160459035 -1.3331606326617234 9
302427.78675339033 4124034.5217070817 -1.3314383581576992 9
302427.8343325762 4124034.3274489054 -1.3297644440023633 9
302427.88223225216 4124034.1332691563 -1.3281388973530193 9
302427.9304574176 4124033.9391694306 -1.3263244568419934 9
302427.9790816017 4124033.745169453 -1.3240250859859382 9
302428.0281986779 4124033.5512943286 -1.32123987242318 9
302428.07789638464 4124033.35756759 -1.318130053225506 9
302428.1281666713 4124033.1639882084 -1.315384301295244 9
302428.1789256787 4124032.970535718 -1.313080814973452 9
302428.2300877282 4124032.7771891863 -1.31120148346144 9
302428.28161058895 4124032.5839389227 -1.3092347708222143 9
302428.33354429546 4124032.3907991117 -1.3069471547869307 9
302428.3859506728 4124032.197786989 -1.3043386385492526 9
302428.43889180815 4124032.0049201553 -1.3014031649111477 9
302428.4924313728 4124031.812218423 -1.2981306517366487 9
302428.5466336299 4124031.61970243 -1.2945208874338934 9
302428.6015569771 4124031.4273911393 -1.2907198069487174 9
302428.65718074975 4124031.235280938 -1.2872725432483358 9
302428.7134275927 4124031.0433520237 -1.284230746923413 9
302428.7702184106 4124030.851584034 -1.2816124695943745 9
302428.8274590979 4124030.6599505125 -1.279552828869883 9
302428.8850383385 4124030.468418011 -1.2780794390428258 9
302428.9428446656 4124030.2769529424 -1.2771417578024458 9
302429.0008657748 4124030.0855524316 -1.2756026486684475 9
302429.05928357213 4124029.8942737496 -1.2729920347990997 9
302429.11830248137 4124029.703181141 -1.2693149585888863 9
302429.1780553466 4124029.51231667 -1.2656033005092842 9
302429.23844605323 4124029.3216514518 -1.2626325776446747 9
302429.29933280393 4124029.131142446 -1.2604027491279368 9
302429.36061719386 4124028.94076066 -1.2581774352583794 9
302429.4224156399 4124028.7505466496 -1.2549912955223224 9
302429.48491091665 4124028.560562449 -1.2508399714785892 9
302429.5482432159 4124028.3708559475 -1.246495559464445 9
302429.61230176804 4124028.181391646 -1.2431994020440156 9
302429.67688421905 4124027.9921036144 -1.2409680207739904 9
302429.7418254136 4124027.8029384986 -1.2391233464281308 9
302429.80718032696 4124027.613917359 -1.2365741140019781 9
302429.87308434 4124027.4250884354 -1.233305647610828 9
302429.9396423059 4124027.236489237 -1.2298838876516462 9
302430.0067722047 4124027.048091582 -1.2272549773540387 9
302430.07432158635 4124026.859842534 -1.2254336389333114 9
302430.1421753966 4124026.671702676 -1.2237396004833294 9
302430.2104344429 4124026.483710638 -1.2211084607689178 9
302430.2792765673 4124026.2959328974 -1.2175274950546244 9
302430.3488389739 4124026.1084209546 -1.2137417328799613 9
302430.4190203133 4124025.921138366 -1.2109410510480538 9
302430.48963265476 4124025.73401677 -1.2091408666816787 9
302430.56050896645 4124025.546995468 -1.2079347125716617 9
302430.63162510004 4124025.360066154 -1.2065564212195468 9
302430.7030163738 4124025.173242327 -1.2049880312219086 9
302430.77471054054 4124024.9865345843 -1.2034103854719853 9
302430.8466521671 4124024.7999216802 -1.2023670488612976 9
302430.91873531474 4124024.6133630294 -1.2018947471957402 9
302430.99085487094 4124024.426818368 -1.2019283334228323 9
302431.06297356647 4124024.2402735343 -1.2018009337726598 9
302431.13514727185 4124024.0537502025 -1.2013377073299396 9
302431.2074386125 4124023.8672726485 -1.2005386530914144 9
302431.2798975199 4124023.6808602083 -1.199644060304148 9
302431.35249387845 4124023.4945011 -1.199071019283359 9
302431.42516645294 4124023.30817144 -1.1988269886503315 9
302431.49785397825 4124023.1218473343 -1.1989063277975596 9
302431.5705339171 4124022.935520098 -1.1987619933658236 9
302431.6432951358 4124022.749224797 -1.198033046255072 9
302431.71624640934 4124022.563004315 -1.1967194808540724 9
302431.78949636105 4124022.3769014776 -1.1948350469186124 9
302431.86310999974 4124022.190942018 -1.1929435051551633 9
302431.93704866717 4124022.005111046 -1.191340010905817 9
302432.0112586373 4124021.819387768 -1.190024557689394 9
302432.08568621206 4124021.6337513993 -1.1889935503323978 9
302432.16029732546 4124021.448188934 -1.1879750670798792 9
302432.2351118465 4124021.262708728 -1.1867994434801543 9
302432.31015882536 4124021.077322776 -1.185466677603212 9
302432.3854673125 4124020.89204307 -1.1839767693875112 9
302432.46106187307 4124020.706879824 -1.1824022331647563 9
302432.5369490316 4124020.52183609 -1.180816127862662 9
302432.6131307766 4124020.3369131186 -1.1792184521690119 9
302432.6896090968 4124020.152112162 -1.1776092047264999 9
302432.76638984785 4124019.9674361628 -1.17590615470323 9
302432.8435104058 4124019.78290185 -1.1739213707656473 9
302432.92102351214 4124019.5985326758 -1.171647478947938 9
302432.9989820118 4124019.4143521353 -1.169084460262496 9
302433.0774340612 4124019.230381711 -1.1663572537943638 9
302433.15636103955 4124019.0466142073 -1.163956894088767 9
302433.23569459515 4124018.863021072 -1.1619333606192042 9
302433.31536519 4124018.6795732416 -1.1602866391924074 9
302433.39530599886 4124018.496242829 -1.1589289845108985 9
302433.475511015 4124018.3130282867 -1.1573453896351524 9
302433.55603418674 4124018.129954033 -1.1554518785519263 9
302433.6369320027 4124017.947045585 -1.1532484450731937 9
302433.7182597271 4124017.764327928 -1.1507806452943175 9
302433.80003455956 4124017.5818094527 -1.1484000827453646 9
302433.88222915056 4124017.39947913 -1.1461806704535782 9
302433.9648136194 4124017.217324828 -1.144122388992743 9
302434.0477583639 4124017.0353345247 -1.1422148546503237 9
302434.1310427031 4124016.8534997967 -1.1403760989036207 9
302434.21465654916 4124016.6718164883 -1.1385885316414377 9
302434.2985904301 4124016.4902806925 -1.136852153297374 9
302434.38283576805 4124016.3088889304 -1.1351365166712122 9
302434.46740571054 4124016.127648152 -1.1332501371255204 9
302434.5523358025 4124015.9465760565 -1.1311595741138878 9
302434.6376626169 4124015.7656908357 -1.1288648159638424 9
302434.7234215904 4124015.5850101556 -1.1263997237238965 9
302434.8096276992 4124015.4045421914 -1.1239285964764045 9
302434.8962781939 4124015.224286896 -1.1214732083657748 9
302434.983369738 4124015.044243951 -1.1190335462952694 9
302435.0709005767 4124014.8644138463 -1.1165724141638336 9
302435.1588843551 4124014.684804974 -1.1139880500896822 9
302435.247343399 4124014.505430177 -1.111274619708259 9
302435.33630013175 4124014.3263023486 -1.1084320950798787 9
302435.42576658644 4124014.147429058 -1.105660718357859 9
302435.5156940114 4124013.9687867304 -1.103279935359554 9
302435.6060116164 4124013.7903404995 -1.1012938769360627 9
302435.69664861023 4124013.6120554977 -1.0996975912016675 9
302435.78757175914 4124013.433916131 -1.0979294507248063 9
302435.8788587759 4124013.255963738 -1.0956066621470222 9
302435.9706077603 4124013.078250121 -1.0927291994435924 9
302436.0629160198 4124012.900826678 -1.089335610919529 9
302436.1558372653 4124012.7237227736 -1.085894327343676 9
302436.2493598304 4124012.546934719 -1.0825433797416686 9
302436.34346667374 4124012.3704561135 -1.0792827262958433 9
302436.43814408116 4124012.1942823892 -1.076024678506065 9
302436.53341937077 4124012.01843165 -1.072467931082416 9
302436.6293474947 4124011.842937266 -1.0685871160326197 9
302436.72598392074 4124011.6678328896 -1.064382176363315 9
302436.8233624046 4124011.4931400996 -1.0602266220774206 9
302436.92142924597 4124011.3188318326 -1.0564974476407376 9
302437.02010872733 4124011.1448687785 -1.053194594635478 9
302437.11932555516 4124010.971211841 -1.050299603269885 9
302437.2190222652 4124010.7978309137 -1.0476313834069488 9
302437.31916537107 4124010.6247079773 -1.0451437690830858 9
302437.4197230737 4124010.4518258623 -1.042836752692576 9
302437.5206639 4124010.279167494 -1.0407042280483654 9
302437.62195871 4124010.1067164713 -1.0387340665603457 9
302437.7235793787 4124009.9344566846 -1.0369259389721006 9
302437.8254979246 4124009.762372112 -1.0352672411110995 9
302437.92771826807 4124009.590466157 -1.033318374083545 9
302438.0303167153 4124009.418786304 -1.030861761778173 9
302438.1333795569 4124009.247386117 -1.0278973654918038 9
302438.2369883829 4124009.0763162943 -1.0245914016431728 9
302438.3411150171 4124008.905560601 -1.0219542832729265 9
302438.44562058884 4124008.735035305 -1.020156591069723 9
302438.5503613412 4124008.564653694 -1.0191982969359963 9
302438.655204557 4124008.394335686 -1.0188307564525367 9
302438.76010545326 4124008.2240540097 -1.0184991850082958 9
302438.8650612867 4124008.05380664 -1.018183073165332 9
302438.97006957605 4124007.8835917106 -1.0178824224019256 9
302439.0751236577 4124007.7134048315 -1.0176762301154259 9
302439.180196049 4124007.543229056 -1.017668755736307 9
302439.2852528011 4124007.3730435385 -1.017860484620168 9
302439.3902599631 4124007.202827431 -1.0182514169118457 9
302439.4951927221 4124007.032565503 -1.0186704990099704 9
302439.600069954 4124006.862269389 -1.0189028335729036 9
302439.704923577 4124006.6919587404 -1.018947739805603 9
302439.80978551134 4124006.5216532117 -1.0188052176990892 9
302439.9146836278 4124006.3513699635 -1.0185559040980106 9
302440.0196228315 4124006.1811120263 -1.0183239132930906 9
302440.12459994195 4124006.0108774523 -1.0181106192533123 9
302440.22961177 4124005.8406642894 -1.0179160219573877 9
302440.33465478075 4124005.670470372 -1.0177500440167433 9
302440.43972055026 4124005.5002905075 -1.0176514527254406 9
302440.5447970291 4124005.3301172587 -1.017624162772705 9
302440.6498720823 4124005.159943136 -1.017668174162372 9
302440.7549335805 4124004.9897606536 -1.0177826621787618 9
302440.8599738462 4124004.8195650703 -1.017899786922791 9
302440.9649976269 4124004.649359309 -1.0179763957975172 9
302441.07001182175 4124004.4791476214 -1.0180124887997022 9
302441.17502332974 4124004.3089342574 -1.0180080659344242 9
302441.28003923205 4124004.13872358 -1.01795675676174 9
302441.38507069595 4124003.968522495 -1.0178211825786383 9
302441.4901329148 4124003.7983404086 -1.0175952521302591 9
302441.5952412529 4124003.628186836 -1.0172789653313046 9
302441.7004110742 4124003.4580712914 -1.0168723221190625 9
302441.80565609544 4124003.288002269 -1.016416704460519 9
302441.91097315477 4124003.1179778236 -1.0160311337192574 9
302442.01634919253 4124002.9479898904 -1.0157230521698302 9
302442.12177102355 4124002.778030324 -1.0154924597274957 9
302442.22722546244 4124002.60809098 -1.0153393563009323 9
302442.3327004754 4124002.4381644246 -1.0152382513474285 9
302442.43819263903 4124002.2682485413 -1.0151359219414575 9
302442.5437024279 4124002.0983436177 -1.0150307021259588 9
302442.6492303358 4124001.9284499544 -1.0149225919111846 9
302442.7547768567 4124001.758567852 -1.0148115913082423 9
302442.86034275475 4124001.58869778 -1.0146916276558788 9
302442.9659308711 4124001.41884151 -1.014549651350494 9
302443.07154500944 4124001.2490014173 -1.0143852225638363 9
302443.177188979 4124001.0791798797 -1.0141983412853546 9
302443.2828665889 4124000.909379275 -1.0139890075077274 9
302443.3885814962 4124000.739601887 -1.0137616409605068 9
302443.4943351465 4124000.5698486264 -1.0135339618425956 9
302443.6001273134 4124000.4001193647 -1.0133078232300672 9
302443.7059577297 4124000.2304139496 -1.0130832251079414 9
302443.811826128 4124000.060732226 -1.0128601674608202 9
302443.91773223085 4123999.891074035 -1.0126391620492106 9
302444.0236752089 4123999.721438871 -1.012426469270609 9
302444.12965340255 4123999.5518257055 -1.012223942296232 9
302444.23566508346 4123999.382233468 -1.0120315811193679 9
302444.34170852316 4123999.212661087 -1.0118493857309518 9
302444.44778199337 4123999.0431074933 -1.0116773698557038 9
302444.5538836594 4123998.8735715454 -1.011517223487693 9
302444.660011369 4123998.7040519 -1.0113701159611557 9
302444.76616291044 4123998.5345471767 -1.0112360472776667 9
302444.87233607244 4123998.3650559923 -1.01111501743663 9
302444.9785286433 4123998.195576965 -1.011007026435961 9
302445.0847379382 4123998.026108416 -1.0109235207189453 9
302445.1909568998 4123997.8566459254 -1.01089419392373 9
302445.2971761097 4123997.6871835943 -1.0109205726133355 9
302445.4033861261 4123997.5177155077 -1.011002656792414 9
302445.50957750756 4123997.3482357524 -1.0111404464676867 9
302445.61574090394 4123997.1787384697 -1.0113287509310387 9
302445.72187338676 4123997.0092218253 -1.0114916091504607 9
302445.82798254956 4123996.839690576 -1.0116039143071525 9
302445.93407696136 4123996.6701500863 -1.0116656664072512 9
302446.040165191 4123996.5006057243 -1.011676865457171 9
302446.1462558072 4123996.3310628557 -1.011637511458871 9
302446.2523566223 4123996.161526373 -1.0115655204242286 9
302446.3584688081 4123995.991997011 -1.0115050486883939 9
302446.4645900952 4123995.822473348 -1.0114581388697454 9
302446.57071818446 4123995.6529539437 -1.0114247909690721 9
302446.67685077735 4123995.4834373593 -1.0114050049867234 9
302446.78298557585 4123995.313922155 -1.0113986761519094 9
302446.8891206549 4123995.144407127 -1.0114003519268202 9
302446.9952550323 4123994.974891659 -1.011406955584483 9
302447.10138787277 4123994.8053752286 -1.0114184871248966 9
302447.20751834067 4123994.6358573125 -1.0114349465480774 9
302447.3136456008 4123994.466337388 -1.011456333854051 9
302447.41976885236 4123994.2968149544 -1.011481314363472 9
302447.5258882588 4123994.127290114 -1.0115005394467853 9
302447.63200504705 4123993.9577636346 -1.0115122039404711 9
302447.73812049866 4123993.788236318 -1.0115163078445353 9
302447.8442358954 4123993.6187089677 -1.0115128511589797 9
302447.950352519 4123993.449182385 -1.0115018338837942 9
302448.0564715547 4123993.2796573127 -1.0114856549324565 9
302448.1625932301 4123993.1101338924 -1.0114710112404488 9
302448.2687172242 4123992.940611924 -1.0114582993763508 9
302448.3748432095 4123992.771091202 -1.0114475193401715 9
302448.48097085877 4123992.6015715213 -1.011438671131915 9
302448.58709984424 4123992.432052677 -1.0114317547515814 9
302448.69323003053 4123992.262534584 -1.0114228128619491 9
302448.7993624625 4123992.0930178966 -1.011405161764128 9
302448.90549863374 4123991.9235035516 -1.0113786932021982 9
302449.011640039 4123991.7539924835 -1.011343407176062 9
302449.11778817273 4123991.5844856286 -1.011299303685663 9
302449.2239445294 4123991.4149839245 -1.0112463827310685 9
302449.3301100551 4123991.245487962 -1.0111950410398378 9
302449.4362830186 4123991.075996658 -1.0111586707191669 9
302449.54246087343 4123990.906508418 -1.0111373238466075 9
302449.64864107297 4123990.737021647 -1.0111310004219842 9
302449.7548210706 4123990.5675347503 -1.011139700445388 9
302449.86099831964 4123990.3980461345 -1.0111634239172187 9
302449.96717117034 4123990.228554765 -1.011185493433431 9
302450.0733421201 4123990.059062206 -1.0111858081039442 9
302450.17951486434 4123989.8895707703 -1.011164325098286 9
302450.2856930984 4123989.72008277 -1.011121044417598 9
302450.3918805177 4123989.550600519 -1.0110559660644391 9
302450.4980808174 4123989.38112633 -1.0109690900434047 9
302450.6042954323 4123989.2116611004 -1.0109023152256715 9
302450.7105154392 4123989.0421992457 -1.0109055689176345 9
302450.81672895007 4123988.8727333266 -1.0109789450327504 9
302450.9229240766 4123988.7032559025 -1.0111224435896191 9
302451.02908893087 4123988.533759533 -1.0113360646130982 9
302451.1352116245 4123988.364236778 -1.0116198081131356 9
302451.2412836754 4123988.194682328 -1.0119001632416567 9
302451.34732022823 4123988.0251056594 -1.012035473301789 9
302451.4533464405 4123987.8555225115 -1.0120221904642548 9
302451.55938750575 4123987.685948647 -1.0118603147436374 9
302451.66546861775 4123987.5163998296 -1.0115498461435137 9
302451.7716149702 4123987.3468918228 -1.0110907847636836 9
302451.8778509486 4123987.177439889 -1.0105061356190943 9
302451.98418972694 4123987.0080523654 -1.0098841608993283 9
302452.09063627635 4123986.8387325173 -1.0092335527112533 9
302452.1971953802 4123986.6694834973 -1.0085543104209824 9
302452.30387182214 4123986.500308456 -1.0078464334437012 9
302452.4106703856 4123986.331210544 -1.0071099212603714 9
302452.5175956503 4123986.162192783 -1.0063534736509339 9
302452.6246449927 4123985.9932536026 -1.0056516864105438 9
302452.7318068241 4123985.8243857212 -1.0050216623817119 9
302452.8390689945 4123985.655581497 -1.0044634014741984 9
302452.9464193541 4123985.48683329 -1.0039769034279409 9
302453.0538457529 4123985.3181334594 -1.003562167899305 9
302453.16133604635 4123985.149474368 -1.003218461991504 9
302453.2688815047 4123984.980850529 -1.0028941766434911 9
302453.3764826404 4123984.812262274 -1.0025576880022433 9
302453.48414151423 4123984.643710911 -1.0022089961702778 9
302453.59186018695 4123984.4751977483 -1.0018481012698566 9
302453.69964071957 4123984.3067240925 -1.0014750034445452 9
302453.80748517264 4123984.1382912514 -1.0010897028608219 9
302453.91539669107 4123983.9699012474 -1.0006704133153663 9
302454.0233843978 4123983.8015600415 -1.00018465404316 9
302454.1314594669 4123983.6332749464 -0.999632115019427 9
302454.23963307403 4123983.4650532776 -0.9990127955713504 9
302454.34791639494 4123983.2969023483 -0.9983266950791774 9
302454.4563206052 4123983.128829473 -0.9975738130590817 9
302454.5648551688 4123982.9608408553 -0.9968035657194906 9
302454.6735058172 4123982.7929272885 -0.9962053909903174 9
302454.7822409299 4123982.625068301 -0.9957979248107639 9
302454.89102849003 4123982.4572431636 -0.9955811670032293 9
302454.99983648077 4123982.2894311473 -0.9955551172242225 9
302455.1086328851 4123982.1216115225 -0.995719775200864 9
302455.21738646686 4123981.9537640666 -0.9960407603922761 9
302455.32609528606 4123981.785887572 -0.9962088953962916 9
302455.4347948642 4123981.618005141 -0.9961505867318831 9
302455.5435231675 4123981.450141467 -0.99586583403675 9
302455.6523181622 4123981.2823212408 -0.9953546364795984 9
302455.76121781446 4123981.1145691522 -0.9946169931981756 9
302455.8702598392 4123980.94690973 -0.9936706934349094 9
302455.97945237096 4123980.779348238 -0.9928993962127605 9
302456.0887465264 4123980.6118528103 -0.9924585948958756 9
302456.1980869312 4123980.4443873526 -0.9923482886598604 9
302456.307418211 4123980.2769157714 -0.9925684766515941 9
302456.4166849915 4123980.1094019744 -0.9931191583506809 9
302456.5258319379 4123979.941809892 -0.9939962811423751 9
302456.63481535926 4123979.774111183 -0.9950313815517295 9
302456.74361934914 4123979.606295932 -0.9961358460094604 9
302456.8522320567 4123979.4383569155 -0.9973096782188895 9
302456.9606416314 4123979.2702869116 -0.9985528815887357 9
302457.0688362226 4123979.1020786962 -0.9998654590636579 9
302457.1768040147 4123978.9337250674 -1.0012436548542618 9
302457.2845451952 4123978.7652264363 -1.0025138115414434 9
302457.39208940824 4123978.596601887 -1.0035814137105805 9
302457.4994707353 4123978.427873322 -1.0044464615336166 9
302457.60672325746 4123978.259062639 -1.0051089565281188 9
302457.713881056 4123978.090191738 -1.005568900492539 9
302457.8209770768 4123977.9212817955 -1.005871066230216 9
302457.92801102664 4123977.752332778 -1.0063443756646802 9
302458.03494485084 4123977.583320562 -1.0070550985652964 9
302458.1417384503 4123977.4142197156 -1.008003233905361 9
302458.248351726 4123977.245004811 -1.0091887781499675 9
302458.35474457813 4123977.075650418 -1.0106118374150062 9
302458.46087574936 4123976.9061308512 -1.012287415820167 9
302458.56670048315 4123976.73641965 -1.0142260542314085 9
302458.6721733647 4123976.5664902083 -1.0164277808891862 9
302458.7772489792 4123976.39631592 -1.0188926214731295 9
302458.88188191166 4123976.2258701804 -1.0216205945297907 9
302458.9860433176 4123976.055136381 -1.024321097889692 9
302459.08977084595 4123975.8841380384 -1.0267022722006267 9
302459.1931188218 4123975.7129087294 -1.0287641126167761 9
302459.2961415704 4123975.541482033 -1.030506627868239 9
302459.3988933727 4123975.369891501 -1.0319362884117322 9
302459.5013922622 4123975.1981493435 -1.033600083079896 9
302459.60355452535 4123975.026207861 -1.03584835971579 9
302459.705278729 4123974.854008921 -1.0386811680685935 9
302459.8064634396 4123974.6814943915 -1.0420985414164246 9
302459.9070121769 4123974.508609039 -1.0459405105588486 9
302460.0069242857 4123974.335353721 -1.0493802703936455 9
302460.1062858464 4123974.1617800654 -1.0523000582663211 9
302460.20518606866 4123973.9879415315 -1.0546999259583185 9
302460.30371402326 4123973.813891498 -1.0565929186522507 9
302460.40192325274 4123973.6396626453 -1.0584682868540842 9
302460.4997848351 4123973.4652396115 -1.060574898860648 9
302460.59725817747 4123973.2906002346 -1.062912756049321 9
302460.6943026873 4123973.1157223536 -1.0654817876669609 9
302460.79088535235 4123972.940588292 -1.0681529937651704 9
302460.88700151735 4123972.765197144 -1.0708082704141095 9
302460.98265315633 4123972.5895519266 -1.0734476478360302 9
302461.07784224337 4123972.413655655 -1.0760711567788088 9
302461.1725729279 4123972.2375124036 -1.0786406873026497 9
302461.266859458 4123972.061131153 -1.0811100546124834 9
302461.3607190101 4123971.884522306 -1.0834791646654651 9
302461.45416876086 4123971.707696267 -1.0857480308507745 9
302461.5472261454 4123971.530663531 -1.0879117423506195 9
302461.6399103595 4123971.3534352137 -1.0899610023376936 9
302461.73224133276 4123971.1760226865 -1.0918955997243616 9
302461.82423899724 4123970.9984373255 -1.0937155455139285 9
302461.91592268413 4123970.8206901136 -1.0954347114261922 9
302462.00730686425 4123970.6427888665 -1.0970845206523614 9
302462.09840365406 4123970.4647398684 -1.0986661722234616 9
302462.1892251549 4123970.286549392 -1.1001796605353478 9
302462.27977231593 4123970.1082182275 -1.101883533320307 9
302462.36993899295 4123969.929694507 -1.104475511145043 9
302462.4595593387 4123969.750897009 -1.1079944026462263 9
302462.5484668589 4123969.571744193 -1.1124402130637805 9
302462.63650242856 4123969.3921587896 -1.117642947676488 9
302462.72357101925 4123969.2121006832 -1.1231877200062752 9
302462.8096105885 4123969.031548877 -1.1290560190011143 9
302462.8945593659 4123968.850482533 -1.1352481257289002 9
302462.97836979025 4123968.66888726 -1.141493201298765 9
302463.06108028605 4123968.4867876754 -1.1473421233663457 9
302463.1427614551 4123968.3042229963 -1.1527882897776223 9
302463.22348395345 4123968.121232465 -1.1578323613851293 9
302463.30331079796 4123967.9378510164 -1.162596731482662 9
302463.38227957545 4123967.7540992475 -1.167177925513284 9
302463.4604225887 4123967.5699947807 -1.1715759858355042 9
302463.5377716276 4123967.385555024 -1.1758176048513218 9
302463.61432247446 4123967.2007825873 -1.1802933540581497 9
302463.6900118485 4123967.0156558016 -1.185132558161751 9
302463.7647709883 4123966.830150748 -1.190335269792265 9
302463.83852998924 4123966.6442433875 -1.1959277970776807 9
302463.91120375396 4123966.4579081275 -1.2020073565252192 9
302463.98269639834 4123966.271118267 -1.2085834300852036 9
302464.0529118082 4123966.0838470836 -1.2156562383630578 9
302464.12180089636 4123965.8960847417 -1.2224876154529765 9
302464.1894947153 4123965.707886096 -1.2283802454818227 9
302464.2561674445 4123965.519321488 -1.233334374164323 9
302464.32199244824 4123965.3304607603 -1.2373780420640144 9
302464.38712485536 4123965.1413626047 -1.2406735677780836 9
302464.45170184376 4123964.9520747345 -1.243247270595058 9
302464.51585983264 4123964.7626443994 -1.245099136352304 9
302464.57971788995 4123964.5731128366 -1.246510637302308 9
302464.64332107495 4123964.383495643 -1.2477879961962146 9
302464.70669471857 4123964.193801577 -1.2489313482189313 9
302464.76986241504 4123964.0040388224 -1.2499936130791163 9
302464.8328111279 4123963.81420337 -1.2512696339270322 9
302464.895492938 4123963.624279602 -1.252804958027967 9
302464.95785853785 4123963.434251439 -1.2545999582204654 9
302465.01985366264 4123963.2441015807 -1.2567244094978596 9
302465.0814083629 4123963.053808867 -1.2592300811705426 9
302465.14244959416 4123962.8633513767 -1.2621170040322598 9
302465.202913144 4123962.672709981 -1.2651860931091254 9
302465.2628266565 4123962.4818946114 -1.2678561534071513 9
302465.3222722778 4123962.2909324397 -1.2700898856115592 9
302465.38133231935 4123962.0998506825 -1.2719110685910155 9
302465.44006278337 4123961.9086678405 -1.2735780349055217 9
302465.4984823814 4123961.71739006 -1.2751614649799872 9
302465.55660699034 4123961.5260225474 -1.2766619030095148 9
302465.6144421284 4123961.3345673718 -1.2782305140626202 9
302465.67195903556 4123961.143016219 -1.2799857947984847 9
302465.7291218715 4123960.9513586266 -1.2819277410557828 9
302465.785888528 4123960.75958253 -1.2841732784904827 9
302465.8421747126 4123960.5676650526 -1.2869405182760187 9
302465.89787873154 4123960.37557886 -1.2902344664234258 9
302465.95290923817 4123960.183299524 -1.2937913067640934 9
302466.00732209696 4123959.990843946 -1.2965801570229691 9
302466.0612823322 4123959.798259675 -1.2984969214708924 9
302466.1149558759 4123959.6055945177 -1.2996234672276648 9
302466.1683962424 4123959.4128649426 -1.3011216769725134 9
302466.22147528233 4123959.220036774 -1.303368805251179 9
302466.274048319 4123959.02707123 -1.3063648725444816 9
302466.32602135814 4123958.8339432357 -1.3093233394815624 9
302466.37750234414 4123958.640682332 -1.31146174381099 9
302466.42864950985 4123958.4473316614 -1.3127801076149064 9
302466.4796122638 4123958.2539320234 -1.3135226907315973 9
302466.5303850299 4123958.060483061 -1.314848943286344 9
302466.5808299779 4123957.866949295 -1.3169087656805407 9
302466.630805035 4123957.673294123 -1.319702158465539 9
302466.6801841799 4123957.47948541 -1.322954417766023 9
302466.72892567655 4123957.2855144944 -1.3262791519070596 9
302466.7770153576 4123957.091380392 -1.3296737060001873 9
302466.8244390718 4123956.897082123 -1.3331381379497549 9
302466.8711822452 4123956.702618736 -1.3366782411381897 9
302466.9172288389 4123956.5079893796 -1.3402988637609117 9
302466.96256249613 4123956.3131932234 -1.3440000718779836 9
302467.0071668602 4123956.118229438 -1.347781925668503 9
302467.05103448016 4123955.9230990545 -1.3514941983225235 9
302467.09420490614 4123955.7278129305 -1.354924226621931 9
302467.1367331367 4123955.5323851514 -1.3580704880385035 9
302467.1786741799 4123955.336829805 -1.3609330205467538 9
302467.2200793832 4123955.141160179 -1.363598255624492 9
302467.26095496333 4123954.945379689 -1.3663630997857563 9
302467.3012767458 4123954.7494851016 -1.369252500175416 9
302467.3410199893 4123954.553473061 -1.3722664834907123 9
302467.38015998225 4123954.357340217 -1.3754032184391645 9
302467.41867576586 4123954.161083938 -1.378620810090329 9
302467.4565537487 4123953.9647030057 -1.3819018888385757 9
302467.49378119654 4123953.7681963653 -1.3852464508634612 9
302467.53034537536 4123953.5715629617 -1.388654486562591 9
302467.5662222498 4123953.374800179 -1.3923428767383885 9
302467.6013010502 4123953.1778934062 -1.396777301762943 9
302467.6354308385 4123952.9808224756 -1.401973677737721 9
302467.6684604579 4123952.783567193 -1.4079322087937218 9
302467.700239927 4123952.5861075693 -1.4145970448364813 9
302467.7306968763 4123952.388437431 -1.421186171737695 9
302467.75988350017 4123952.190572773 -1.4274481317325416 9
302467.78786322277 4123951.9925315874 -1.433383247684762 9
302467.8146994683 4123951.7943318696 -1.4389919027024793 9
302467.8404529951 4123951.595990618 -1.4443209184450247 9
302467.86516994186 4123951.397519387 -1.4494391883448707 9
302467.8888914621 4123951.1989278714 -1.4543474199092639 9
302467.91165870504 4123951.0002257675 -1.4590457221100555 9
302467.93351443176 4123950.8014228265 -1.4634911135741238 9
302467.95452983613 4123950.6025298396 -1.4674781747084091 9
302467.97480044054 4123950.403558485 -1.4709801952021144 9
302467.9944225522 4123950.2045204705 -1.4739971964782848 9
302468.01349078945 4123950.0054273484 -1.4766024472870956 9
302468.0320079667 4123949.8062824067 -1.4796780469146964 9
302468.04983981623 4123949.6070765834 -1.4834826087365303 9
302468.0668408673 4123949.407799809 -1.4880162044618703 9
302468.08286580327 4123949.208442031 -1.4932661261522744 9
302468.0978100229 4123949.008998023 -1.4987433441507503 9
302468.1116640493 4123948.8094738293 -1.5041973523717742 9
302468.1244319681 4123948.609877102 -1.5096284279230248 9
302468.13611789094 4123948.4102154933 -1.5150331671088033 9
302468.14675514126 4123948.210497071 -1.5200257350900772 9
302468.1564621864 4123948.0107311215 -1.524347278766128 9
302468.165372922 4123947.81092715 -1.527997832407979 9
302468.1736212376 4123947.6110946606 -1.5309787343174037 9
302468.18132150033 4123947.411241598 -1.5335604733160642 9
302468.18852511025 4123947.21137087 -1.535948369030036 9
302468.19527079683 4123947.0114843724 -1.5381424103842432 9
302468.2015972892 4123946.811584 -1.5401428048645662 9
302468.20752881427 4123946.611671291 -1.5421596886242208 9
302468.213036982 4123946.411746485 -1.5443780949108217 9
302468.21808147297 4123946.2118095267 -1.5467980369936312 9
302468.2226219672 4123946.0118603627 -1.549419580200236 9
302468.2266167686 4123945.81189918 -1.5522620001076872 9
302468.23001955514 4123945.611926983 -1.5553407286940988 9
302468.2327830347 4123945.4119449467 -1.5586557985805376 9
302468.2348599271 4123945.2119542477 -1.5622061700623184 9
302468.2362065955 4123945.011956669 -1.565947876630409 9
302468.23678809823 4123944.8119554403 -1.5698578554444953 9
302468.2365707638 4123944.6119540012 -1.573936194944092 9
302468.2355218216 4123944.411955779 -1.5781453200312556 9
302468.2336537677 4123944.2119635297 -1.582058776255377 9
302468.2310446228 4123944.011979039 -1.5855565999917185 9
302468.22777753475 4123943.8120040135 -1.5886388533026654 9
302468.22393453773 4123943.6120400643 -1.591333076523008 9
302468.2195814568 4123943.4120873474 -1.5937494057171313 9
302468.2147718651 4123943.21214492 -1.5958993357470483 9
302468.2095590338 4123943.012211815 -1.5977828584175413 9
302468.2039705941 4123942.812288053 -1.5998092728409143 9
302468.1979114555 4123942.6123784073 -1.6024935209480917 9
302468.1912498528 4123942.4124890664 -1.605837307897838 9
302468.1838549958 4123942.212626188 -1.6097903417940755 9
302468.1756766829 4123942.012793188 -1.6135223422553409 9
302468.16680402524 4123941.812988746 -1.6167396381668355 9
302468.1573399743 4123941.6132110707 -1.6194423008176173 9
302468.1473893255 4123941.413458012 -1.621593079910678 9
302468.13707307266 4123941.2137242677 -1.6230998644794326 9
302468.12652061536 4123941.0140029 -1.6239583638261137 9
302468.1158608812 4123940.8142869887 -1.6242025571678615 9
302468.10515018733 4123940.6145736417 -1.6246363837704376 9
302468.09429997735 4123940.4148680125 -1.6255998480604374 9
302468.08320449945 4123940.2151762075 -1.6270929550388753 9
302468.0717714268 4123940.0155035723 -1.6288462203275573 9
302468.06002587796 4123939.8158487943 -1.6301974887571382 9
302468.04805369617 4123939.61620712 -1.6311163311765746 9
302468.0359407537 4123939.4165737918 -1.6316293451581882 9
302468.02372547635 4123939.2169468524 -1.632240193138469 9
302468.01135939074 4123939.0173294656 -1.6331404467028026 9
302467.99878473504 4123938.817725343 -1.6343301071295666 9
302467.9859528893 4123938.618137619 -1.6356341526592983 9
302467.9728861352 4123938.418564944 -1.6366727659863125 9
302467.9596398881 4123938.219003873 -1.6374328287122815 9
302467.9462695307 4123938.019450964 -1.6379283284026906 9
302467.93279986613 4123937.8199048005 -1.6384998082735889 9
302467.91919404425 4123937.6203680527 -1.6392931521560552 9
302467.9054078048 4123937.4208438825 -1.6403083612904363 9
302467.89139998564 4123937.221335233 -1.6414738434480123 9
302467.877167612 4123937.021842373 -1.6425436198871926 9
302467.8627334199 4123936.822363767 -1.64349705329784 9
302467.8481206175 4123936.622897845 -1.6443356633998587 9
302467.8333286951 4123936.42344493 -1.6453880886078553 9
302467.8182807123 4123936.2240114263 -1.6469036092186702 9
302467.8028843622 4123936.024604962 -1.6488822351133199 9
302467.78704999725 4123935.8252329635 -1.6512382233245724 9
302467.77075992397 4123935.6258973386 -1.6533815813665553 9
302467.7540749655 4123935.4265939714 -1.6552002245847424 9
302467.73705991963 4123935.2273184457 -1.6566941690706245 9
302467.7197791129 4123935.02806625 -1.6578719827885033 9
302467.70229349495 4123934.828832216 -1.658750727470575 9
302467.6846625424 4123934.629610888 -1.659330870229734 9
302467.66694570536 4123934.430396812 -1.6596160424156685 9
302467.6491617941 4123934.2311883583 -1.6601596650003436 9
302467.6312042556 4123934.031995708 -1.6613594889561605 9
302467.6129424393 4123933.83283131 -1.6632155258102146 9
302467.5942473026 4123933.6337074675 -1.665662751145971 9
302467.5750638304 4123933.434629735 -1.6680132245429427 9
302467.55544042314 4123933.235594241 -1.670082327265419 9
302467.5354331729 4123933.0365964123 -1.6718700733527765 9
302467.5150913675 4123932.8376323683 -1.6735219466507627 9
302467.49439533456 4123932.6387052443 -1.6754519225971534 9
302467.47328530037 4123932.439822257 -1.6776854089244253 9
302467.45170102245 4123932.2409906704 -1.6802187465869192 9
302467.4296076945 4123932.042214958 -1.6827171253843574 9
302467.4070428936 4123931.84349166 -1.6849625181604828 9
302467.3840569863 4123931.6448159125 -1.6869549330253886 9
302467.36069740524 4123931.446183213 -1.6887916815839343 9
302467.3369276982 4123931.247599374 -1.6911735769507632 9
302467.3126172601 4123931.049081784 -1.6942394004183698 9
302467.28763048945 4123930.8506484483 -1.6979891605889528 9
302467.26184483623 4123930.652316185 -1.7021994027095393 9
302467.2352129847 4123930.4540949916 -1.7065198005262885 9
302467.2077145204 4123930.2559924233 -1.710946284498627 9
302467.1793301611 4123930.058015851 -1.7154322050977184 9
302467.1500966037 4123929.860163382 -1.719441636546346 9
302467.12013204163 4123929.6624196335 -1.7228226330714036 9
302467.08956109633 4123929.464768159 -1.725575242706179 9
302467.0584900646 4123929.267195119 -1.7279987448251413 9
302467.02693415567 4123929.069699624 -1.7304873291941234 9
302466.9948803316 4123928.8722848017 -1.7330428159901723 9
302466.9623144569 4123928.6749539687 -1.7356982065717241 9
302466.9291976291 4123928.477714737 -1.7386496092083648 9
302466.89546633296 4123928.280578986 -1.741929395832573 9
302466.86105596594 4123928.083558785 -1.745541330158058 9
302466.82587733906 4123927.886672322 -1.7498147905222168 9
302466.78977193095 4123927.6899550403 -1.7549621781080456 9
302466.7525690862 4123927.493445399 -1.7609837826820982 9
302466.7141275297 4123927.2971759597 -1.7672639362962181 9
302466.6745795586 4123927.1011243407 -1.7721911892413895 9
302466.63420627743 4123926.905238276 -1.775681367270792 9
302466.5932874263 4123926.7094657007 -1.7778363738052247 9
302466.5520076783 4123926.5137712685 -1.779487045898244 9
302466.510436653 4123926.318139864 -1.780816520164239 9
302466.4686369863 4123926.122557604 -1.7818353418344088 9
302466.426611671 4123925.927023545 -1.78332791235897 9
302466.3842005297 4123925.731572148 -1.7857811543073299 9
302466.34121573385 4123925.5362438713 -1.7891950025158017 9
302466.29745710775 4123925.3410836468 -1.7937885996798393 9
302466.2526558481 4123925.1461612545 -1.7998920516118995 9
302466.2065194456 4123924.95155506 -1.8075092066800436 9
302466.15878805757 4123924.757335537 -1.8159317356967983 9
302466.10952552856 4123924.563494938 -1.823188825217138 9
302466.0589805661 4123924.369980841 -1.8291649743196985 9
302466.007397252 4123924.176741743 -1.8340386863843994 9
302465.95491162187 4123923.9837491093 -1.8385833801871627 9
302465.9015731058 4123923.79099281 -1.8428888626004019 9
302465.8474324488 4123923.5984620675 -1.8468385005300647 9
302465.79262475116 4123923.4061198523 -1.8497453676597355 9
302465.73736842844 4123923.213903205 -1.8514970906028425 9
302465.68187725096 4123923.0217505274 -1.8524098373642643 9
302465.62605705013 4123922.829692835 -1.8553314268415537 9
302465.5694195233 4123922.6378796804 -1.860940919947813 9
302465.5114532368 4123922.446467599 -1.8690895738865687 9
302465.45189696556 4123922.2555401935 -1.8770303465838307 9
302465.3909427984 4123922.0650489344 -1.88373296616725 9
302465.3288306288 4123921.8749313573 -1.889197467172192 9
302465.2658074222 4123921.685118683 -1.893306528919441 9
302465.20214198786 4123921.4955226346 -1.8959751501508597 9
302465.13810733834 4123921.3060511816 -1.897203243845794 9
302465.07395010197 4123921.116621168 -1.8974903946580877 9
302465.00974284095 4123920.9272079677 -1.8977481680052175 9
302464.9454875992 4123920.7378106695 -1.8979958538473336 9
302464.8811817092 4123920.5484300004 -1.8983626422323123 9
302464.8167412212 4123920.3590950333 -1.899475848085495 9
302464.7520117194 4123920.169859413 -1.9014187509043226 9
302464.68683667516 4123919.9807775198 -1.9041723295287463 9
302464.6211174386 4123919.791883888 -1.9070067673777085 9
302464.55489037215 4123919.6031667455 -1.909548566028217 9
302464.4882110534 4123919.4146077326 -1.9117977377920965 9
302464.4211196071 4123919.2261941475 -1.9140628571248384 9
302464.3535419367 4123919.037955106 -1.9169804582007002 9
302464.28535274585 4123918.849938471 -1.920569913166171 9
302464.21643159713 4123918.662190296 -1.9246352150126447 9
302464.14683838235 4123918.474689519 -1.927496247940155 9
302464.07685735624 4123918.2873315737 -1.928767978463217 9
302464.0067867986 4123918.1000066763 -1.9284543147284345 9
302463.936842689 4123917.9126353688 -1.9277867621611195 9
302463.86696509377 4123917.725239864 -1.927746554464504 9
302463.79703632335 4123917.5378636606 -1.9283336955456576 9
302463.7269423123 4123917.3505489547 -1.9294597298123157 9
302463.6566133233 4123917.1633220543 -1.9308229270005146 9
302463.5860093019 4123916.976198628 -1.9323982553539314 9
302463.51509070845 4123916.789194158 -1.9341879787209098 9
302463.44381296664 4123916.6023262283 -1.936253921692826 9
302463.3721209244 4123916.4156168313 -1.938623930712263 9
302463.29995809577 4123916.229088513 -1.9412980063468537 9
302463.2272667319 4123916.04276452 -1.9443063649326204 9
302463.1539764792 4123915.856675059 -1.947733797308397 9
302463.0800097405 4123915.670854343 -1.9515854551664724 9
302463.00528921623 4123915.4853364727 -1.9558337788295916 9
302462.92979779735 4123915.3001308916 -1.9597451381782491 9
302462.853643482 4123915.1151957856 -1.9629932904285365 9
302462.77694985835 4123914.930482958 -1.9655782939616337 9
302462.6998363518 4123914.745945826 -1.9676150834368729 9
302462.622355713 4123914.56156372 -1.969605896044073 9
302462.54450702475 4123914.3773368257 -1.9716094643651745 9
302462.4662878469 4123914.193265921 -1.9736257652273714 9
302462.3876875343 4123914.0093555716 -1.9758399496795367 9
302462.3086195084 4123913.825645395 -1.9787336312396604 9
302462.22895609145 4123913.642193982 -1.982331790380471 9
302462.1485692017 4123913.4590601064 -1.9866345013471398 9
302462.0673375474 4123913.2762996037 -1.9914570691453235 9
302461.98524104396 4123913.093924454 -1.9960428793178817 9
302461.9023373141 4123912.9119129665 -2.0003105977760853 9
302461.81868596753 4123912.7302425904 -2.004260342987695 9
302461.7343465316 4123912.5488908044 -2.007897556153706 9
302461.6493682688 4123912.3678388167 -2.0113415117692632 9
302461.5637803406 4123912.187075141 -2.014641476237191 9
302461.4776095762 4123912.0065891384 -2.017797468464364 9
302461.39088280464 4123911.826370171 -2.0208095171141065 9
302461.30362850416 4123911.646406738 -2.0236277338683446 9
302461.21590437996 4123911.4666721034 -2.0260132419247574 9
302461.12779321644 4123911.2871264527 -2.0279348632743157 9
302461.03937861166 4123911.1077295477 -2.0293926061450334 9
302460.95074416365 4123910.92844115 -2.0303864841325217 9
302460.8619703365 4123910.749222529 -2.0310127840028174 9
302460.7730779055 4123910.570063664 -2.031762355510619 9
302460.68403412413 4123910.390980279 -2.0327040601308894 9
302460.59480434994 4123910.2119890074 -2.033837888432035 9
302460.50535394053 4123910.033106486 -2.0351638253128104 9
302460.4156482331 4123909.8543493613 -2.0366847573375964 9
302460.32563657477 4123909.675743422 -2.038639171511975 9
302460.23522370774 4123909.497339964 -2.0411787236490873 9
302460.1443066567 4123909.3191946936 -2.044303504716618 9
302460.0527824463 4123909.1413633185 -2.048013600774995 9
302459.9605481016 4123908.963901546 -2.052309060866824 9
302459.867502094 4123908.7868643454 -2.0571261831789376 9
302459.7736054086 4123908.6102748136 -2.061824245570547 9
302459.67890405946 4123908.434112699 -2.066237422178281 9
302459.5834501448 4123908.258354644 -2.0703658217011345 9
302459.4872957628 4123908.082977294 -2.074209579210483 9
302459.39049301174 4123907.907957294 -2.0777688461067956 9
302459.2930942351 4123907.7332709664 -2.081034238653057 9
302459.19515570375 4123907.558889493 -2.0839641287672164 9
302459.0967368476 4123907.384779918 -2.0865536032603877 9
302458.99789718667 4123907.210909169 -2.088802642709108 9
302458.8986962405 4123907.037244173 -2.0907112458315464 9
302458.79919352895 4123906.863751857 -2.0922794216679095 9
302458.69943849405 4123906.6904048515 -2.0937024495033856 9
302458.5994242871 4123906.51720764 -2.0952756741901393 9
302458.4991245233 4123906.344175763 -2.0970021097428453 9
302458.39851279865 4123906.1713247686 -2.098881751072265 9
302458.297562709 4123905.998670209 -2.1009145879442794 9
302458.19624710514 4123905.8262281115 -2.10313403464829 9
302458.09450938244 4123905.654033445 -2.1058534770247506 9
302457.99225438945 4123905.4821459595 -2.109149991541571 9
302457.88938437 4123905.3106270796 -2.113023649839507 9
302457.7858015678 4123905.139538232 -2.1174744788611406 9
302457.681408271 4123904.968940822 -2.122498437072061 9
302457.5761192739 4123904.7988910032 -2.1279344936473574 9
302457.4698789769 4123904.6294324924 -2.133699066773127 9
302457.36263606447 4123904.4606072064 -2.1397924841197087 9
302457.25433922105 4123904.292457062 -2.1462150140249454 9
302457.1449373444 4123904.1250238447 -2.1529516461345093 9
302457.034405739 4123903.958332938 -2.159662528809786 9
302456.92277131794 4123903.7923776787 -2.1662078109480163 9
302456.8100669696 4123903.627147689 -2.1725878886904404 9
302456.6963255819 4123903.4626325946 -2.1788031921739903 9
302456.58158748667 4123903.2988162893 -2.184624542938678 9
302456.4659988523 4123903.135601212 -2.189150999921904 9
302456.3497845778 4123902.9728292054 -2.1922909132805275 9
302456.2331714352 4123902.810340672 -2.1940443301936305 9
302456.116385497 4123902.647976507 -2.194468046030117 9
302455.9995445513 4123902.4856542097 -2.195055957623263 9
302455.882541961 4123902.3234500377 -2.1964700652037066 9
302455.76524321706 4123902.161459966 -2.1987103517357753 9
302455.64751381084 4123901.99977997 -2.201776739978514 9
302455.52922398027 4123901.8385044113 -2.2055948733306745 9
302455.41026497335 4123901.677720515 -2.210080245249919 9
302455.2905338489 4123901.5175135313 -2.215233078215906 9
302455.16992766585 4123901.357968711 -2.2210536377862797 9
302455.04834961955 4123901.199166524 -2.227320371389158 9
302454.92582803674 4123901.04108996 -2.2328336830412483 9
302454.8025080814 4123900.8836309887 -2.2374139375392517 9
302454.67853939283 4123900.726678094 -2.2410612893066744 9
302454.5540716104 4123900.5701197595 -2.2437759495786254 9
302454.42923350754 4123900.4138598614 -2.245953856349402 9
302454.3040657459 4123900.257867267 -2.2480200674040804 9
302454.1785857321 4123900.102128 -2.249974695150834 9
302454.05281087273 4123899.9466280825 -2.2518177233438523 9
302453.9267586005 4123899.7913535167 -2.2535468481274203 9
302453.80045053695 4123899.636286795 -2.255100302568508 9
302453.67391705286 4123899.4814030873 -2.2564504473451357 9
302453.5471896161 4123899.326676645 -2.2575972794469283 9
302453.42029969423 4123899.1720817178 -2.2585407997396314 9
302453.2932783979 4123899.0175928585 -2.2593084615841317 9
302453.1661157649 4123898.8632192295 -2.2604820471395244 9
302453.0387231909 4123898.7090362576 -2.2622954332569547 9
302452.9110031914 4123898.5551268538 -2.264748668712074 9
302452.78285828175 4123898.4015739295 -2.2678417986676154 9
302452.6541910149 4123898.248460364 -2.2715683696715585 9
302452.52493912535 4123898.0958395847 -2.275327111554832 9
302452.39514079795 4123897.943680932 -2.2787248865779426 9
302452.26485202916 4123897.791938831 -2.2817617118609284 9
302452.13412881515 4123897.6405677116 -2.2844376301998435 9
302452.00302715244 4123897.4895219994 -2.286752698197263 9
302451.87159017276 4123897.338767379 -2.2889962984162535 9
302451.7397884123 4123897.1883330387 -2.291611294398884 9
302451.60756696697 4123897.038270425 -2.2946025341391474 9
302451.4748709057 4123896.8886310067 -2.2979700806557544 9
302451.3416452971 4123896.739466254 -2.3017139757592924 9
302451.2078402592 4123896.5908230282 -2.3056550938547047 9
302451.07349037996 4123896.4426711034 -2.3089790109177706 9
302450.938700161 4123896.294916451 -2.3115857284630765 9
302450.80357620865 4123896.14746312 -2.3134752740347446 9
302450.6682251292 4123896.000215161 -2.3146476959761313 9
302450.53275279445 4123895.8530773004 -2.3151577831789862 9
302450.3971939212 4123895.7060197894 -2.316027549069467 9
302450.2614536739 4123895.559132179 -2.317642885295154 9
302450.1254234711 4123895.4125166796 -2.320003840035564 9
302449.9889947317 4123895.266275501 -2.32311045183336 9
302449.8520588743 4123895.1205108524 -2.326962710212508 9
302449.71453203453 4123894.975302202 -2.3310567920823275 9
302449.57642919465 4123894.830638066 -2.334889082703278 9
302449.4377900437 4123894.6864842284 -2.3384596312920345 9
302449.2986542708 4123894.542806471 -2.3417685085436095 9
302449.1590615649 4123894.3995705787 -2.3448157992920198 9
302449.0190454032 4123894.2567484085 -2.3477771253378212 9
302448.87858380796 4123894.1143660448 -2.3510928358178127 9
302448.7376256482 4123893.972478079 -2.354784141887401 9
302448.59611953347 4123893.831139358 -2.3588511020154845 9
302448.4540140734 4123893.690404728 -2.3632937353080696 9
302448.31126003305 4123893.55032696 -2.3680328398656356 9
302448.16784513503 4123893.41092327 -2.3727005564657806 9
302448.02378816786 4123893.272180984 -2.3772506430273466 9
302447.8791088862 4123893.1340864976 -2.3816832402006836 9
302447.73382704455 4123892.996626209 -2.3859985000015635 9
302447.58796241385 4123892.859786436 -2.3901942053307756 9
302447.44153529074 4123892.7235509497 -2.3942514678779605 9
302447.2945665998 4123892.5879004784 -2.3981661811370008 9
302447.1470773025 4123892.452815573 -2.401938354863255 9
302446.99908836023 4123892.3182767835 -2.4055680143986673 9
302446.85062017886 4123892.1842653044 -2.409085965795832 9
302446.7016733112 4123892.050785341 -2.412758253465846 9
302446.5522234863 4123891.917869873 -2.4166463717408777 9
302446.40224486793 4123891.785553695 -2.420750429004337 9
302446.2517116197 4123891.653871601 -2.425070516393817 9
302446.10059925437 4123891.5228567794 -2.4295394866569464 9
302445.9489195855 4123891.3924992685 -2.433697041186913 9
302445.7967239211 4123891.2627421557 -2.4374560805325 9
302445.6440655585 4123891.1335261622 -2.4408166272024703 9
302445.49099779525 4123891.0047920104 -2.4437787377552356 9
302445.3375688739 4123890.8764865506 -2.446526703499274 9
302445.18376382336 4123890.7486332646 -2.449702193371791 9
302445.02952467126 4123890.6213077647 -2.45336027154406 9
302444.87479262194 4123890.494586658 -2.4575010465441034 9
302444.71950887976 4123890.3685465576 -2.462124585309702 9
302444.56363262347 4123890.243241485 -2.466733390242741 9
302444.40722953307 4123890.118591654 -2.4705222555585307 9
302444.25040436647 4123889.9944681763 -2.473480137931805 9
302444.09326194075 4123889.8707420877 -2.475607114137045 9
302443.9359067484 4123889.747284839 -2.476938870693095 9
302443.7783897366 4123889.624035655 -2.4784555461632456 9
302443.6206491815 4123889.501076386 -2.4805996393861522 9
302443.46260911424 4123889.378506909 -2.483371200734293 9
302443.304193566 4123889.256427106 -2.48677025923237 9
302443.14533514 4123889.134925617 -2.490465844808226 9
302442.9860761147 4123889.013947291 -2.4932803858664054 9
302442.82653459534 4123888.89333756 -2.4951097816123555 9
302442.6668301999 4123888.7729398743 -2.4959540792115757 9
302442.50708241586 4123888.6525978576 -2.495835234187009 9
302442.34735070646 4123888.5322348205 -2.496002050406624 9
302442.1875394582 4123888.4119799556 -2.4971778058584015 9
302442.02752834815 4123888.291995259 -2.4993625473202568 9
302441.86719705345 4123888.1724427277 -2.502556316271361 9
302441.70643634384 4123888.0534694414 -2.5063515336139495 9
302441.54525808705 4123887.9350596447 -2.509501128503955 9
302441.3837487037 4123887.8170973333 -2.5119182458217177 9
302441.2219957059 4123887.699465036 -2.5136029334617174 9
302441.0600860645 4123887.5820460296 -2.5146084696866002 9
302440.8980475982 4123887.4648054685 -2.5160211601794127 9
302440.73579651385 4123887.347862997 -2.518269831129953 9
302440.57323663944 4123887.2313553924 -2.521354555217633 9
302440.41027180303 4123887.1154194344 -2.525275374910548 9
302440.2468370116 4123887.000147671 -2.529199922478164 9
302440.0830015979 4123886.885442099 -2.532210823016706 9
302439.91887106095 4123886.7711534095 -2.534307555341108 9
302439.75455090014 4123886.6571322954 -2.53549018021361 9
302439.59013571986 4123886.543245328 -2.5362032137599826 9
302439.4255854662 4123886.4295553663 -2.5379775724131797 9
302439.2607692524 4123886.3162576687 -2.5409422872514855 9
302439.0955544899 4123886.2035499765 -2.5450974928119368 9
302438.929811004 4123886.091626436 -2.5502665259029813 9
302438.7635232809 4123885.98051047 -2.5545336215659455 9
302438.5968380556 4123885.869983918 -2.557375755200488 9
302438.4299143559 4123885.759810319 -2.558793038957546 9
302438.2629110787 4123885.649753408 -2.558811941583212 9
302438.095910699 4123885.5396928648 -2.559200039304109 9
302437.9287909796 4123885.4298189497 -2.561026934401961 9
302437.7613957659 4123885.320373379 -2.564292750242802 9
302437.59356890304 4123885.2115978706 -2.5689975702042394 9
302437.425202309 4123885.103659613 -2.57377231216758 9
302437.2563971771 4123884.996401343 -2.5770878317215717 9
302437.0873116344 4123884.8895775327 -2.578943067346142 9
302436.9181038091 4123884.7829426513 -2.579338145168013 9
302436.74889943766 4123884.6763024046 -2.5793264387342996 9
302436.57962808 4123884.56977281 -2.580655448044902 9
302436.4101458276 4123884.463586095 -2.5833517157204593 9
302436.2403086431 4123884.357974692 -2.587415321540973 9
302436.0699953882 4123884.2531340322 -2.5920234109782574 9
302435.89925786265 4123884.148980125 -2.5954396070485726 9
302435.7282268472 4123884.045301363 -2.5976080893089404 9
302435.55703352793 4123883.9418854867 -2.5985289626934085 9
302435.3857901126 4123883.838551658 -2.5989277098549253 9
302435.2144485374 4123883.7353844265 -2.6005238175996426 9
302435.0428802512 4123883.6326016122 -2.603390452831053 9
302434.87095609616 4123883.530422042 -2.6075276980983983 9
302434.6985705668 4123883.429024417 -2.612076039311972 9
302434.5257858925 4123883.3283028873 -2.6153391622399678 9
302434.3527368031 4123883.228028611 -2.6172715846713226 9
302434.17955831665 4123883.1279722555 -2.6178734059363764 9
302434.0063477074 4123883.0279701683 -2.618372942479856 9
302433.8330130808 4123882.9281878686 -2.620404535209821 9
302433.65940340253 4123882.828893781 -2.6239763866621066 9
302433.48536765017 4123882.7303563114 -2.629076877900613 9
302433.31082566764 4123882.6327176723 -2.633732294742417 9
302433.1359188366 4123882.5357255777 -2.636500711350393 9
302432.96083170973 4123882.439050866 -2.637382255529359 9
302432.78574661125 4123882.3423684197 -2.636588332341907 9
302432.61070661806 4123882.2456057267 -2.6369521631957715 9
302432.4355357492 4123882.1490876633 -2.6393624711777606 9
302432.26003879815 4123882.0531739825 -2.6438194341985155 9
302432.08403471194 4123881.9581983252 -2.649591994243949 9
302431.9075464721 4123881.8641178804 -2.6537750237711233 9
302431.7307502568 4123881.7706071874 -2.6560684634978413 9
302431.55382596824 4123881.6773339137 -2.656472500362161 9
302431.3769077344 4123881.5840515736 -2.6565076804109746 9
302431.19992305065 4123881.490901206 -2.6579524188630335 9
302431.02274113294 4123881.398133146 -2.66080946113057 9
302430.84523241816 4123881.3059954 -2.664957042649754 9
302430.66734530305 4123881.2145870565 -2.668738231487904 9
302430.4891516821 4123881.1237713085 -2.6716286884617895 9
302430.31073438993 4123881.033390447 -2.673628491111535 9
302430.1321637109 4123880.943311669 -2.6752852275063517 9
302429.9534056419 4123880.8536090907 -2.677875318074677 9
302429.7743745109 4123880.7644593497 -2.681451115227092 9
302429.594984813 4123880.676038716 -2.685938472952673 9
302429.41521751985 4123880.588387131 -2.6896775827144923 9
302429.2351835223 4123880.5012781094 -2.6919841466077634 9
302429.05500875146 4123880.414454319 -2.6928582350437855 9
302428.8747999755 4123880.327698488 -2.6931838275295035 9
302428.69449914596 4123880.241137886 -2.695095576962771 9
302428.5139641822 4123880.155075448 -2.6986881307906856 9
302428.3330534657 4123880.0698130983 -2.7038252679680506 9
302428.15171782556 4123879.9854556117 -2.7082667642943004 9
302427.9700676183 4123879.901767575 -2.7112219205740407 9
302427.7882290129 4123879.818479853 -2.7126908523508746 9
302427.60629398416 4123879.735399125 -2.714076101243755 9
302427.4241635225 4123879.652755501 -2.7174987800366077 9
302427.241672342 4123879.5709260353 -2.7229808355315193 9
302427.0586628724 4123879.490270312 -2.729965246985483 9
302426.87514181755 4123879.410775992 -2.73534580618029 9
302426.69127238536 4123879.332076411 -2.7386425080318277 9
302426.5072238479 4123879.253791179 -2.7398950873578696 9
302426.32309803437 4123879.1756945876 -2.7411997792174643 9
302426.13882534957 4123879.0979540953 -2.7437468931106053 9
302425.95430936577 4123879.0207987023 -2.74753644787649 9
302425.7694695863 4123878.9444201654 -2.7518652915013364 9
302425.5843217033 4123878.86878538 -2.755571088589384 9
302425.3989173289 4123878.793777271 -2.7586365869971257 9
302425.2133063201 4123878.719282858 -2.7611830354747626 9
302425.0275079708 4123878.6452604765 -2.763763794840061 9
302424.8415161936 4123878.571727685 -2.766447180556446 9
302424.65532422974 4123878.4987035994 -2.769219842103717 9
302424.4689332525 4123878.426187784 -2.771865415946853 9
302424.28235804295 4123878.3541462733 -2.7743081176643494 9
302424.0956147208 4123878.282541801 -2.7765479775440216 9
302423.9087223437 4123878.211328719 -2.778439611692224 9
302423.721715106 4123878.140418189 -2.7797830273691604 9
302423.5346320626 4123878.0697075026 -2.7805769974681454 9
302423.34751208604 4123877.999094426 -2.7808380023110097 9
302423.1603890811 4123877.9284896217 -2.7806788447594397 9
302422.9732915494 4123877.8578177798 -2.7801208547840552 9
302422.7862477206 4123877.7870042943 -2.779164031671372 9
302422.5992764357 4123877.7159993555 -2.7782336274519484 9
302422.4123508922 4123877.644873687 -2.777874951105637 9
302422.2254304365 4123877.573734593 -2.77809004821965 9
302422.03847589577 4123877.502685463 -2.7787486620765796 9
302421.8514851768 4123877.4317317544 -2.779012522408367 9
302421.6644949788 4123877.3607764626 -2.778732016201953 9
302421.4775438276 4123877.2897177595 -2.777907145284203 9
302421.2906679807 4123877.2184602455 -2.7766464301497327 9
302421.10389289854 4123877.1469391193 -2.7750853981059382 9
302420.91724083433 4123877.0750986706 -2.7732244437999003 9
302420.7307333644 4123877.002884914 -2.7711357889642545 9
302420.5443632086 4123876.930317459 -2.769539436079281 9
302420.35808403324 4123876.8575155106 -2.7686205570681857 9
302420.1718467308 4123876.7846053517 -2.768379146678862 9
302419.98561021645 4123876.7116928063 -2.7683848616214686 9
302419.79939964355 4123876.6387148025 -2.7676411111643504 9
302419.6132728068 4123876.5655250354 -2.766107695761916 9
302419.4272875083 4123876.491977186 -2.7638199767434104 9
302419.24147684453 4123876.417988185 -2.761510285083836 9
302419.0558270305 4123876.343594987 -2.7594697222021374 9
302418.8703190449 4123876.2688479526 -2.7576982706515922 9
302418.6849357005 4123876.19379274 -2.7561009497657314 9
302418.4996734787 4123876.118439946 -2.754480101234199 9
302418.3145350337 4123876.042784335 -2.7528295860274206 9
302418.1295227974 4123875.966821199 -2.7511736071020354 9
302417.94462965784 4123875.890568591 -2.7497309959785197 9
302417.7598362632 4123875.814073761 -2.7485540566942417 9
302417.57512245973 4123875.7373858728 -2.7476427880267047 9
302417.3904762356 4123875.660534758 -2.746666071992184 9
302417.2059234053 4123875.58346045 -2.7452224527570848 9
302417.0215007595 4123875.5060769217 -2.7433110065219197 9
302416.83724207146 4123875.428305234 -2.741147346757217 9
302416.65312217217 4123875.350204898 -2.7398550170611733 9
302416.4690622453 4123875.271961433 -2.7395955112384076 9
302416.2849815793 4123875.1937648132 -2.7403494320474886 9
302416.1008484056 4123875.115690669 -2.740501780010527 9
302415.9167678988 4123875.0374947013 -2.7390222470579757 9
302415.73286900204 4123874.9588770797 -2.735910782792627 9
302415.54925763543 4123874.879591464 -2.7322473372667972 9
302415.3658743163 4123874.7997757928 -2.7301931018251007 9
302415.18258724705 4123874.719736014 -2.7298083463695564 9
302414.9992679679 4123874.639770357 -2.73079959539744 9
302414.815885313 4123874.5599520085 -2.7311691292396945 9
302414.63251357875 4123874.4801102206 -2.7305410877683394 9
302414.44923223526 4123874.4000622747 -2.728938856563259 9
302414.26608607743 4123874.3197049773 -2.727419663253722 9
302414.08303528774 4123874.2391291917 -2.7265548991762403 9
302413.9000273858 4123874.158454819 -2.7263445574649467 9
302413.71702798805 4123874.077760837 -2.7260425261786496 9
302413.5341007126 4123873.996904604 -2.72456030131573 9
302413.3513421989 4123873.915668802 -2.721888579278568 9
302413.1688452986 4123873.8338451223 -2.7182516556969647 9
302412.98665705987 4123873.75133417 -2.71440146390671 9
302412.80479426216 4123873.668108522 -2.7103986540059646 9
302412.62327247264 4123873.584143438 -2.706304854098826 9
302412.4420772952 4123873.4994764733 -2.7027549358638217 9
302412.26115309604 4123873.414230926 -2.6999159109545974 9
302412.08044125425 4123873.3285362986 -2.6977838617101226 9
302411.899890683 4123873.242504416 -2.696115951663042 9
302411.7194701885 4123873.1562004215 -2.6947678341758885 9
302411.53915182146 4123873.069681847 -2.6937395211569206 9
302411.35891785205 4123872.98298551 -2.6926172544545186 9
302411.1788176494 4123872.896012226 -2.6906500063482075 9
302410.99892764824 4123872.808607953 -2.6878221057030247 9
302410.8193211281 4123872.72062505 -2.6843565594501237 9
302410.6399939648 4123872.6320728865 -2.681638922641702 9
302410.46086286736 4123872.543121424 -2.679908191896384 9
302410.2818409608 4123872.4539478924 -2.6791643352870667 9
302410.102869404 4123872.3646732704 -2.6784630757954395 9
302409.9240020347 4123872.2751924377 -2.676854004684742 9
302409.74532099796 4123872.185343475 -2.674337088307901 9
302409.5669065614 4123872.09496817 -2.671067515931531 9
302409.3887667492 4123872.004051009 -2.6684692391020195 9
302409.2108161631 4123871.912761013 -2.6668864621572914 9
302409.0329632039 4123871.821279448 -2.6663191510914364 9
302408.85512039805 4123871.7297793035 -2.66657830524683 9
302408.6772381497 4123871.6383575606 -2.6671763669085133 9
302408.4992872323 4123871.5470703286 -2.6680885458721244 9
302408.3212386158 4123871.45597332 -2.669314355769177 9
302408.1430880477 4123871.365074293 -2.6700654633200944 9
302407.964923156 4123871.2742031734 -2.669628036647905 9
302407.7868528623 4123871.1831486737 -2.668002063559721 9
302407.6089856652 4123871.0917003276 -2.665245952707157 9
302407.43137143785 4123870.9997613304 -2.662780481398025 9
302407.253941916 4123870.9074639236 -2.6612139056258126 9
302407.07661464595 4123870.8149678563 -2.6605462071122514 9
302406.8993094034 4123870.7224286073 -2.6606106961709424 9
302406.72201757546 4123870.6298644166 -2.6600861770030004 9
302406.5448156945 4123870.5371303502 -2.658688536233647 9
302406.36778525397 4123870.4440719658 -2.6564177545684915 9
302406.1910014988 4123870.350546668 -2.653599719580187 9
302406.01445201086 4123870.256578044 -2.651497463829781 9
302405.83805975446 4123870.1623121817 -2.6502371145896393 9
302405.6617461887 4123870.0678980215 -2.6498186492866584 9
302405.4854465886 4123869.9734584806 -2.649729714105177 9
302405.3091800716 4123869.8789585587 -2.649118351862072 9
302405.13299721526 4123869.7843039986 -2.6479715461503344 9
302404.95694860903 4123869.6894005216 -2.6462981529703162 9
302404.78106748214 4123869.5941863977 -2.6445548628816726 9
302404.6053432626 4123869.4986820244 -2.642998682349032 9
302404.42975857784 4123869.4029205474 -2.6416296046384677 9
302404.254296605 4123869.306934108 -2.640409871916332 9
302404.07895620674 4123869.210726098 -2.639068099865854 9
302403.9037538304 4123869.114267685 -2.637550644821833 9
302403.7287068549 4123869.017528327 -2.6358575016623895 9
302403.5538301078 4123868.920482045 -2.6341027542034032 9
302403.379110874 4123868.8231521174 -2.6326317260002448 9
302403.2045196247 4123868.7255918905 -2.6314680333653437 9
302403.0300265908 4123868.6278551403 -2.6306116732848785 9
302402.8556089697 4123868.529983316 -2.6298110597100206 9
302402.6812887128 4123868.4319386715 -2.6286204049880264 9
302402.50710546836 4123868.333652143 -2.627031136536998 9
302402.33309892856 4123868.2350545893 -2.625043244694027 9
302402.15929679497 4123868.136097813 -2.6230607133064114 9
302401.98566112184 4123868.0368482703 -2.6216804981943578 9
302401.81213161175 4123867.9374114578 -2.62090803951218 9
302401.6386479484 4123867.837892903 -2.6207433291625817 9
302401.4651713227 4123867.73836097 -2.620502468036723 9
302401.2917654048 4123867.638706933 -2.6193298481058576 9
302401.11852435477 4123867.5387693807 -2.617222826783399 9
302400.9455423379 4123867.4383868915 -2.6141813782467227 9
302400.77289017086 4123867.3374382206 -2.610941636733235 9
302400.60052912595 4123867.235990626 -2.6084071194301126 9
302400.4283883763 4123867.1341665983 -2.6065801178311108 9
302400.2563970911 4123867.0320886374 -2.605460594694332 9
302400.0845002487 4123866.9298523976 -2.604530905895444 9
302399.9127276184 4123866.8274095627 -2.603044402832771 9
302399.74113727565 4123866.724663752 -2.600995067791169 9
302399.5697873156 4123866.6215185514 -2.5983829030309757 9
302399.3987293891 4123866.5178886196 -2.5954334825846095 9
302399.22797470907 4123866.4137580814 -2.592536164298756 9
302399.05751883815 4123866.309137949 -2.5896977412039295 9
302398.88735730556 4123866.204039289 -2.586918174384941 9
302398.7174862823 4123866.0984720644 -2.5841725683147305 9
302398.5479071162 4123865.9924372886 -2.581404731858951 9
302398.37862365524 4123865.885931659 -2.578612505311577 9
302398.2096397638 4123865.7789518414 -2.5757958694415204 9
302398.04095919675 4123865.6714946567 -2.57295837974578 9
302397.8725848542 4123865.5635581054 -2.57010783826899 9
302397.7045192341 4123865.4551407476 -2.5672445099473826 9
302397.53676483186 4123865.346241143 -2.5643683852582257 9
302397.36932923715 4123865.236850536 -2.561333640445192 9
302397.20224620745 4123865.12692257 -2.5579403682642816 9
302397.03555787966 4123865.016398852 -2.5541872898345255 9
302396.86930639425 4123864.905220982 -2.5500745015544752 9
302396.70351667795 4123864.7933559814 -2.5460534982109566 9
302396.53814859723 4123864.6808669525 -2.542543333869413 9
302396.37314665026 4123864.5678396937 -2.539543964691859 9
302396.2084553861 4123864.4543599244 -2.537047523956995 9
302396.0440338899 4123864.3404911933 -2.5347350513279383 9
302395.8798757775 4123864.226244371 -2.532439695929595 9
302395.7159796805 4123864.1116226804 -2.530161457405719 9
302395.5523441958 4123863.9966293927 -2.527903355857096 9
302395.38896527956 4123863.8812715905 -2.525712543784793 9
302395.2258344341 4123863.7655627844 -2.523605187555295 9
302395.0629427323 4123863.649517102 -2.521581277348808 9
302394.9002814335 4123863.5331484163 -2.519626185484766 9
302394.7378534857 4123863.416454362 -2.5175432476370334 9
302394.57568025426 4123863.299406997 -2.5152706403902334 9
302394.41378472454 4123863.1819761284 -2.512808353776805 9
302394.2521898817 4123863.064131585 -2.5101570342542225 9
302394.0909186905 4123862.945844008 -2.5073226165876807 9
302393.92999409034 4123862.827085088 -2.504306508039559 9
302393.76943901874 4123862.707826587 -2.5011086879123705 9
302393.6092765031 4123862.5880401935 -2.497725246222781 9
302393.4495325801 4123862.467695218 -2.4941241693167573 9
302393.2902369352 4123862.3467580825 -2.490298294359829 9
302393.13141947286 4123862.2251950367 -2.486247536061765 9
302392.9731094019 4123862.102973215 -2.4820158067384006 9
302392.8153061565 4123861.9800976324 -2.4780420815424793 9
302392.65796884376 4123861.8566246065 -2.47443936350387 9
302392.50105370337 4123861.732614107 -2.4712076020403284 9
302392.3445173868 4123861.608125568 -2.46831640748198 9
302392.1883414288 4123861.483186372 -2.4653696387241397 9
302392.03254602454 4123861.3577741 -2.462245021231348 9
302391.87715470564 4123861.2318620333 -2.4589425409061514 9
302391.7221909846 4123861.1054234873 -2.4554643415839457 9
302391.5676763665 4123860.9784352807 -2.4518530208063343 9
302391.413628608 4123860.850880776 -2.4481251076515163 9
302391.2600650556 4123860.722744051 -2.444280526580477 9
302391.1070030415 4123860.5940092006 -2.440321714131435 9
302390.9544506001 4123860.464671151 -2.436431852322275 9
302390.80239040114 4123860.33475438 -2.4327242573599763 9
302390.65080082923 4123860.2042883583 -2.4291988800666706 9
302390.49966026883 4123860.073302556 -2.4258556797028468 9
302390.34894616954 4123859.941827049 -2.4227099973682202 9
302390.19863265427 4123859.8098940733 -2.4197750414326453 9
302390.04869310645 4123859.6775363423 -2.4170507937699073 9
302389.8991009095 4123859.544786569 -2.4145372263116953 9
302389.7498255169 4123859.41168158 -2.412333785541422 9
302389.60081212065 4123859.278283578 -2.4106090984173494 9
302389.4519966639 4123859.1446644384 -2.40936593852667 9
302389.3033150714 4123859.0108960597 -2.4086043020483427 9
302389.15470654756 4123858.8770466587 -2.408210947364321 9
302389.00615041767 4123858.7431394635 -2.407799587390349 9
302388.8576528719 4123858.609167574 -2.4073381669089597 9
302388.70922059484 4123858.4751235363 -2.406826686218027 9
302388.56085953803 4123858.341000707 -2.4063004573023137 9
302388.4125555888 4123858.2068146453 -2.4060049021674077 9
302388.26427260356 4123858.0726052905 -2.405987077482495 9
302388.11597331136 4123857.9384138277 -2.4062469828931925 9
302387.96762068634 4123857.8042811723 -2.4067621234234355 9
302387.8192094846 4123857.6702131764 -2.407011295043149 9
302387.6707973929 4123857.536146265 -2.4067761323896883 9
302387.5224494996 4123857.402008696 -2.406056633705219 9
302387.3742308927 4123857.267728729 -2.4048527963125546 9
302387.2261873102 4123857.133255927 -2.403620250279498 9
302387.0782738571 4123856.9986396343 -2.402917058529532 9
302386.9304191256 4123856.863958387 -2.4027446195702544 9
302386.78255170427 4123856.729290723 -2.4031029310893586 9
302386.6346122031 4123856.594702001 -2.403638234744331 9
302386.4866436559 4123856.4601452798 -2.4035043680833836 9
302386.33874091425 4123856.325516804 -2.4026646370522484 9
302386.1909992311 4123856.190712378 -2.40111903504432 9
302386.0435097942 4123856.0556322685 -2.399029440542383 9
302385.89629196626 4123855.920255576 -2.397168392569552 9
302385.7493035908 4123855.7846289217 -2.3956363757744596 9
302385.60250052385 4123855.64880111 -2.3944333802432642 9
302385.4558398529 4123855.512819602 -2.39350083398386 9
302385.30931195465 4123855.3766955673 -2.3924362703243034 9
302385.1629435036 4123855.240400602 -2.391163307663797 9
302385.016763009 4123855.103904302 -2.389681946683203 9
302384.8707989037 4123854.967176366 -2.387996559208185 9
302384.7250771355 4123854.8301897463 -2.3861420053672546 9
302384.57962068584 4123854.692921288 -2.3841258138992414 9
302384.43445236207 4123854.555348062 -2.3819479757755126 9
302384.28959471674 4123854.417447425 -2.3796213159520154 9
302384.14506265876 4123854.279205277 -2.3772419942805842 9
302384.0008623069 4123854.1406173436 -2.3748297046573157 9
302383.85699929454 4123854.0016798903 -2.372384421645604 9
302383.71347732533 4123853.8623911194 -2.369985232142502 9
302383.5702592257 4123853.7227901733 -2.368074466509781 9
302383.4272688042 4123853.582955275 -2.3667207193868727 9
302383.2844283121 4123853.442966211 -2.365923987408912 9
302383.1416675783 4123853.3028950826 -2.3654258985890375 9
302382.9990187581 4123853.1627102876 -2.364259844502873 9
302382.8565874764 4123853.02230576 -2.3623339114659854 9
302382.7144809655 4123852.881573808 -2.35964808370508 9
302382.57279430854 4123852.740419072 -2.356542948577521 9
302382.431521166 4123852.5988491788 -2.3538162729842496 9
302382.2906047514 4123852.4569229786 -2.3515010475226874 9
302382.1499879118 4123852.3146996945 -2.349597233518503 9
302382.0096200786 4123852.1722316337 -2.347956002500314 9
302381.86948020646 4123852.029540108 -2.3464047924014158 9
302381.7295555219 4123851.8866377412 -2.3449433772219477 9
302381.58983330394 4123851.7435371107 -2.343566362159219 9
302381.4503118491 4123851.6002403386 -2.342096641298904 9
302381.3110139899 4123851.4567262786 -2.340448528849986 9
302381.1719658715 4123851.312970641 -2.338622014129756 9
302381.033191833 4123851.1689508567 -2.336695452032529 9
302380.8946700005 4123851.0246884506 -2.3351834160597993 9
302380.7563295295 4123850.880251668 -2.3341795213070564 9
302380.6180972175 4123850.7357110046 -2.333683763911333 9
302380.479910356 4123850.591126905 -2.3334100449732404 9
302380.3417940627 4123850.446475708 -2.33268648257793 9
302380.20381723036 4123850.3016918274 -2.331485105026384 9
302380.0660490637 4123850.156709382 -2.3298078202968435 9
302379.9285461002 4123850.011474881 -2.327891837334252 9
302379.79132692626 4123849.865971962 -2.32590162333946 9
302379.654403051 4123849.7201911905 -2.3238371634129686 9
302379.51778503536 4123849.574123998 -2.3217368311774034 9
302379.3814619764 4123849.427781562 -2.3198278116242435 9
302379.24540169834 4123849.28119462 -2.3181474505751014 9
302379.1095711156 4123849.134394748 -2.316695741414178 9
302378.9739420577 4123848.987408882 -2.3153651411258545 9
302378.83850969427 4123848.840241916 -2.3140216797854354 9
302378.70327611617 4123848.6928922096 -2.312664963965356 9
302378.5682438954 4123848.545357694 -2.3112728149222455 9
302378.433430941 4123848.3976226537 -2.3096702991248046 9
302378.2988733429 4123848.2496551992 -2.307819949417639 9
302378.1646082453 4123848.101422503 -2.305721758608874 9
302378.0306647278 4123847.952899085 -2.3035431477386576 9
302377.8970373598 4123847.8040909134 -2.301467027768851 9
302377.7637114815 4123847.6550123664 -2.2994934768565405 9
302377.6306728735 4123847.5056774174 -2.29760661174765 9
302377.4979149138 4123847.3560930765 -2.295732346615782 9
302377.3654373862 4123847.206260475 -2.2938612891241563 9
302377.23324025556 4123847.0561805815 -2.291995464906728 9
302377.1013186983 4123846.9058584687 -2.2902096709170765 9
302376.9696568518 4123846.7553086737 -2.288541645237754 9
302376.8382373029 4123846.604547063 -2.286991384897247 9
302376.70704893407 4123846.453584076 -2.2854100560719215 9
302376.5761218987 4123846.3023945643 -2.283527970944398 9
302376.4455029749 4123846.150939048 -2.281339540671886 9
302376.3152380296 4123845.9991788506 -2.2788845713420884 9
302376.1853487949 4123845.847096588 -2.2764213492541687 9
302376.05583162035 4123845.694697273 -2.2739963131758856 9
302375.92668164073 4123845.5419869865 -2.271610931626297 9
302375.79788543645 4123845.388978659 -2.2694091165736388 9
302375.669405012 4123845.2357048905 -2.2674856994790185 9
302375.5411979848 4123845.082201793 -2.2658406807204927 9
302375.41322952375 4123844.9284992577 -2.2642726072663284 9
302375.28553546657 4123844.77456896 -2.262251627455909 9
302375.1581902489 4123844.6203507795 -2.2597497218098983 9
302375.03126775654 4123844.4657850466 -2.2568175843608342 9
302374.9047950925 4123844.3108506356 -2.2540251275099745 9
302374.7787319115 4123844.1555819847 -2.2515318358449647 9
302374.6530326209 4123844.000017857 -2.2493376873119155 9
302374.52766609006 4123843.8441853756 -2.247148291831989 9
302374.40266923344 4123843.6880569006 -2.2446010529237888 9
302374.2780989601 4123843.5315887 -2.2416949864172397 9
302374.1540093368 4123843.3747393033 -2.238531079149092 9
302374.03039980936 4123843.2175106895 -2.2356278328872983 9
302373.9072206118 4123843.0599439866 -2.233058540773481 9
302373.78442021855 4123842.9020817215 -2.230823122377998 9
302373.6619528404 4123842.7439615997 -2.2288116270322593 9
302373.5397942596 4123842.5856031994 -2.2269227178118185 9
302373.4179253271 4123842.4270218397 -2.2251563963290573 9
302373.2963278096 4123842.268232142 -2.223472559545861 9
302373.17501349316 4123842.1092259437 -2.221547932106648 9
302373.0540302117 4123841.9499677187 -2.219312013047296 9
302372.933427933 4123841.790420319 -2.216764804321869 9
302372.81325738394 4123841.6305463607 -2.2138926475764573 9
302372.69357449893 4123841.47030682 -2.2106694726104803 9
302372.57443739724 4123841.3096619844 -2.2070945739577295 9
302372.4559040777 4123841.148572233 -2.203181626744839 9
302372.3379928271 4123840.987026734 -2.1995250687752876 9
302372.22062613384 4123840.8250840977 -2.1964417588733505 9
302372.1037123301 4123840.6628131974 -2.193931659174458 9
302371.9871612732 4123840.500281777 -2.1919304778562414 9
302371.87092932395 4123840.337523057 -2.1899501894477402 9
302371.7550267536 4123840.1745302435 -2.187889576758492 9
302371.63946684904 4123840.0112943053 -2.185748646540073 9
302371.52426651807 4123839.8478037883 -2.1834375532593575 9
302371.40947674715 4123839.6840244588 -2.1807185885503224 9
302371.29516722215 4123839.5199095844 -2.1775790218399704 9
302371.18140782084 4123839.3554123044 -2.174018847734739 9
302371.06826914445 4123839.190485902 -2.1700295702180097 9
302370.95582565235 4123839.0250844466 -2.1655988786474136 9
302370.8441530862 4123838.8591622645 -2.160726532746552 9
302370.73332718684 4123838.692673685 -2.155412971066653 9
302370.62340651965 4123838.525585002 -2.149957370616602 9
302370.51438939 4123838.3579044924 -2.1446120004892384 9
302370.40626089653 4123838.1896496373 -2.1393766419971882 9
302370.2990060424 4123838.020837968 -2.1342601099400342 9
302370.1925837175 4123837.8515018946 -2.129622105756909 9
302370.0868912623 4123837.681708889 -2.1256491440288254 9
302369.981817155 4123837.5115314736 -2.122341190502033 9
302369.8772500685 4123837.3410420427 -2.1196829932920567 9
302369.77310784446 4123837.170294031 -2.1172843703615105 9
302369.6693682862 4123836.999301905 -2.114974175667145 9
302369.5660165713 4123836.8280753326 -2.1127524144350485 9
302369.4630378854 4123836.656623981 -2.1106180017436547 9
302369.3604229878 4123836.484954311 -2.108488114532123 9
302369.2581779668 4123836.3130639703 -2.106310994207766 9
302369.1563115236 4123836.140949105 -2.104086624339367 9
302369.0548323588 4123835.968605861 -2.101814989647247 9
302368.9537455676 4123835.7960324395 -2.099569120586335 9
302368.853033658 4123835.6232399223 -2.097474861868054 9
302368.7526704107 4123835.4502443657 -2.0955344024524196 9
302368.65262958786 4123835.2770618387 -2.0937477351362617 9
302368.5528852137 4123835.103708256 -2.0921021164950457 9
302368.45342466264 4123834.930191784 -2.0904516948537077 9
302368.3542547431 4123834.7565093073 -2.0887551246829017 9
302368.2553837961 4123834.5826568194 -2.0870123988365945 9
302368.1568201628 4123834.4086303157 -2.085223510907459 9
302368.0585662687 4123834.2344290786 -2.083528565490446 9
302367.9605684377 4123834.060083578 -2.0823009842423184 9
302367.8627420261 4123833.885641495 -2.081561017846586 9
302367.76500206516 4123833.711150696 -2.0813086634724813 9
302367.66726358735 4123833.5366590433 -2.081543377751375 9
302367.5694652261 4123833.3622011193 -2.0818756114635364 9
302367.4716296993 4123833.1877641943 -2.081970250369502 9
302367.37379844266 4123833.013325005 -2.081827293977504 9
302367.2760128916 4123832.8388602897 -2.081446741997933 9
302367.1783144223 4123832.664346818 -2.0808338353426157 9
302367.080731021 4123832.4897688986 -2.0801690981653453 9
302366.9832604061 4123832.315127881 -2.079541459737532 9
302366.88589613896 4123832.14042745 -2.0789509197307305 9
302366.7886317809 4123831.9656712958 -2.0783974777453054 9
302366.69146092446 4123831.790863088 -2.077879147997369 9
302366.59438026417 4123831.6160047767 -2.077358349363033 9
302366.49739217386 4123831.4410951626 -2.076820791472298 9
302366.40049963415 4123831.266132708 -2.0762664737969967 9
302366.30370562564 4123831.0911158784 -2.075695395818214 9
302366.2070128158 4123830.9160433062 -2.0751220860298973 9
302366.1104090577 4123830.740921687 -2.0747034798216157 9
302366.0138612824 4123830.5657690996 -2.074482313149948 9
302365.91733484 4123830.390604484 -2.0744585860415743 9
302365.8207950805 4123830.2154467786 -2.074632297638713 9
302365.7242106904 4123830.0403131046 -2.0748949277785536 9
302365.627618735 4123829.8651833246 -2.0746567056304746 9
302365.53112031834 4123829.6900024083 -2.0738288933269238 9
302365.43481901084 4123829.514713978 -2.0724114800251354 9
302365.3388183832 4123829.33926166 -2.0704044553113654 9
302365.24320902 4123829.163596151 -2.0681143123406054 9
302365.14795799705 4123828.9877354233 -2.0663602131588994 9
302365.0529640618 4123828.811734664 -2.0651868182586304 9
302364.95812523935 4123828.6356494557 -2.064594116185874 9
302364.8633395548 4123828.4595353804 -2.0645820984802845 9
302364.7685302457 4123828.283434356 -2.0647056511262334 9
302364.67373210593 4123828.1073278403 -2.0644571935867786 9
302364.57901077357 4123827.931180574 -2.063836184531797 9
302364.48443188774 4123827.7549572974 -2.062842621629388 9
302364.39006085275 4123827.5786228776 -2.0614948901271832 9
302364.295922755 4123827.402163783 -2.060314591976974 9
302364.2019569791 4123827.225612405 -2.059540127780946 9
302364.1080919455 4123827.049007011 -2.059171494579288 9
302364.01425607485 4123826.8723858655 -2.05920868965604 9
302363.920380959 4123826.6957855476 -2.059545493982362 9
302363.8264686752 4123826.519205122 -2.0595629987117765 9
302363.73259044543 4123826.3426068556 -2.059161058496434 9
302363.63882039505 4123826.16595147 -2.058339671237161 9
302363.5452326495 4123825.989199687 -2.057098835937467 9
302363.45189638034 4123825.812314902 -2.055542897536366 9
302363.35884521843 4123825.635279699 -2.053880362340115 9
302363.2660972741 4123825.458085044 -2.0521170253669077 9
302363.1736705929 4123825.2807219336 -2.0502528879248962 9
302363.081583221 4123825.103181368 -2.048287779250925 9
302362.98986164114 4123824.9254504377 -2.0460878824980044 9
302362.8985625046 4123824.747502257 -2.0435375048059092 9
302362.8077492027 4123824.5693068174 -2.04063659130456 9
302362.71748512704 4123824.3908341113 -2.037385096007673 9
302362.6278331612 4123824.212054383 -2.0338147164947906 9
302362.5388043214 4123824.0329635087 -2.030541669050728 9
302362.45031365426 4123823.8536047973 -2.02780334140506 9
302362.36226581846 4123823.6740266928 -2.025599714030847 9
302362.2745654721 4123823.494277637 -2.0239307499301775 9
302362.1871195144 4123823.314404955 -2.0227149777265794 9
302362.09989712434 4123823.134424896 -2.0213794397565072 9
302362.0129363832 4123822.9543193257 -2.019813057875363 9
302361.9262789418 4123822.7740683304 -2.018015833037732 9
302361.8399664512 4123822.5936519974 -2.0159877731265716 9
302361.75403957104 4123822.4130509617 -2.0137556493407844 9
302361.6685259833 4123822.232253074 -2.0114167142218644 9
302361.58344425104 4123822.051251252 -2.0089798131524486 9
302361.4988127483 4123821.8700385187 -2.006444920392279 9
302361.4146498488 4123821.6886078967 -2.003812013127408 9
302361.3309725513 4123821.506953033 -2.0011113745339784 9
302361.24778578384 4123821.325073049 -1.9984176975676193 9
302361.1650882166 4123821.142969902 -1.995734429631034 9
302361.08287846664 4123820.9606455774 -1.9930615596560983 9
302361.00115515117 4123820.778102057 -1.9903990760659245 9
302360.9199203344 4123820.5953399288 -1.9876836015192525 9
302360.8391959106 4123820.4123517536 -1.9848159556281573 9
302360.75901085034 4123820.2291272273 -1.9817949070316274 9
302360.6793941329 4123820.0456560426 -1.9786204106765286 9
302360.6003747377 4123819.8619278925 -1.975292429395883 9
302360.52196623187 4123819.677938859 -1.9720754312431932 9
302360.4441097105 4123819.4937150725 -1.9692949565891098 9
302360.3667249864 4123819.3092914876 -1.966951859526149 9
302360.2897318696 4123819.1247030594 -1.9650461178593934 9
302360.2130501702 4123818.939984743 -1.9635774984021879 9
302360.1366181482 4123818.755163613 -1.9622535929033262 9
302360.0604421037 4123818.570237676 -1.9608115063202698 9
302359.98454401817 4123818.3851982444 -1.9592512360853653 9
302359.908945873 4123818.2000366263 -1.9575727817012916 9
302359.83366964915 4123818.0147441314 -1.9557763020253134 9
302359.7587315915 4123817.8293144526 -1.9539506144271155 9
302359.68412781594 4123817.6437496394 -1.952170670074176 9
302359.60985002475 4123817.458053574 -1.9504364664224234 9
302359.53588992025 4123817.272230139 -1.9487479999397572 9
302359.4622392115 4123817.086283214 -1.947104109156219 9
302359.388901077 4123816.900212351 -1.945339226195436 9
302359.31591376854 4123816.7140038684 -1.9433356096084857 9
302359.24332221935 4123816.5276415613 -1.9410932344828775 9
302359.1711713627 4123816.341109227 -1.9386120798432482 9
302359.09950609994 4123816.154390673 -1.9358963722696667 9
302359.02834549133 4123815.9674794353 -1.933305145912141 9
302358.9576360687 4123815.780396351 -1.931068322207207 9
302358.8873117345 4123815.5931670135 -1.9291859003482374 9
302358.81730639125 4123815.4058170137 -1.9276578681518093 9
302358.7475541432 4123815.218371869 -1.9264675152974533 9
302358.6780357198 4123815.0308398944 -1.9250294596548936 9
302358.60883781116 4123814.843190308 -1.9230534367240073 9
302358.54006174963 4123814.6553869275 -1.9205394221217786 9
302358.47180886735 4123814.467393569 -1.9174874086463227 9
302358.40418032795 4123814.279174118 -1.9139089831947544 9
302358.33725383476 4123814.090702107 -1.9100857649231875 9
302358.2710597784 4123813.9019705215 -1.906138337643286 9
302358.2056228611 4123813.712974686 -1.9020666029572841 9
302358.1409677853 4123813.523709926 -1.8978704726094857 9
302358.0771189395 4123813.3341716724 -1.8935629306168211 9
302358.014087036 4123813.1443600687 -1.8892762242418064 9
302357.9518641157 4123812.9542816854 -1.8850447042568703 9
302357.8904408764 4123812.763943558 -1.8808682816477886 9
302357.8298080156 4123812.5733527197 -1.8767468620181447 9
302357.7699554029 4123812.3825164204 -1.8727066355199693 9
302357.71085270465 4123812.1914471523 -1.8689133599953578 9
302357.65244872123 4123812.000162823 -1.865396057683244 9
302357.59469129203 4123811.808681589 -1.8621547015504727 9
302357.53752825636 4123811.617021609 -1.8591892451028842 9
302357.48090968136 4123811.4252003296 -1.8564438954585785 9
302357.4248154126 4123811.2332257107 -1.8537120277535009 9
302357.36924652837 4123811.041098949 -1.8509742413840227 9
302357.3142045635 4123810.848821095 -1.8482305183825374 9
302357.25969105307 4123810.656393201 -1.845480841060563 9
302357.20570614625 4123810.463816659 -1.8427518590352923 9
302357.15223984455 4123810.2710953886 -1.8400980268061229 9
302357.0992776384 4123810.078234427 -1.8375209497517613 9
302357.04680499766 4123809.885238818 -1.8350206220845904 9
302356.994807392 4123809.692113604 -1.832596952926727 9
302356.9432837944 4123809.498860531 -1.830045879742059 9
302356.8922839869 4123809.3054689355 -1.827179054503751 9
302356.84186969994 4123809.111925235 -1.8239964088128828 9
302356.79210266424 4123808.918215848 -1.8204978852638165 9
302356.74304358783 4123808.724327441 -1.8167359538099208 9
302356.69467446936 4123808.53026585 -1.813535916724624 9
302356.6468441142 4123808.336069349 -1.8111819766625452 9
302356.59938845376 4123808.141779348 -1.8096741102236558 9
302356.5521434198 4123807.9474372566 -1.809012282516637 9
302356.50494926324 4123807.753083379 -1.8090780382231666 9
302356.4577208794 4123807.558738926 -1.8093171328555604 9
302356.4104362206 4123807.364408978 -1.8096591249451726 9
302356.36307522 4123807.1700981073 -1.8101040138437403 9
302356.31561781117 4123806.975810888 -1.8106517977676653 9
302356.2680463972 4123806.781551322 -1.8112513511538635 9
302356.220365325 4123806.5873183184 -1.8117750632075273 9
302356.1725904333 4123806.393108124 -1.8122168717010287 9
302356.1247376617 4123806.198916961 -1.812576777611231 9
302356.07682294963 4123806.004741052 -1.8128547817248444 9
302356.0288654083 4123805.810575811 -1.8129990032349779 9
302355.9808990575 4123805.6164128534 -1.8129456213094448 9
302355.9329622928 4123805.4222426787 -1.812694468723841 9
302355.8850935106 4123805.2280557877 -1.8122455453972675 9
302355.83733109076 4123805.0338426847 -1.8116005755745925 9
302355.78970579454 4123804.839595805 -1.8108579611287394 9
302355.74222869176 4123804.6453125793 -1.8100747214953794 9
302355.69490771333 4123804.4509912347 -1.8092508557933207 9
302355.64775079 4123804.2566299974 -1.8083863632657917 9
302355.60076579946 4123804.0622271053 -1.8074840008501416 9
302355.5539564546 4123803.867781822 -1.8065875523626798 9
302355.5073193899 4123803.673295148 -1.8057121791612842 9
302355.4608505512 4123803.4787682546 -1.8048578800677588 9
302355.41454588476 4123803.2842023107 -1.8040246538375664 9
302355.3684017671 4123803.0895983805 -1.8031971370373645 9
302355.3224284921 4123802.8949541533 -1.802252902210119 9
302355.27665295335 4123802.700263283 -1.8011655070517947 9
302355.2311030167 4123802.5055191913 -1.7999349550053512 9
302355.185806548 4123802.310715296 -1.7985612520223297 9
302355.14079295425 4123802.115844723 -1.797001062005539 9
302355.09612087975 4123801.920894993 -1.795034168960492 9
302355.05187512154 4123801.725848615 -1.792629760417304 9
302355.0081413988 4123801.5306879217 -1.7897877972042464 9
302354.96500543033 4123801.3353952435 -1.7865082553700635 9
302354.92254623544 4123801.1399544156 -1.7829438146140937 9
302354.8807671383 4123800.9443662334 -1.7795773047253107 9
302354.83962364896 4123800.7486422076 -1.7764442328038008 9
302354.79907052504 4123800.5527940183 -1.7735445572669875 9
302354.75906252424 4123800.356833345 -1.7708782263564962 9
302354.7195623754 4123800.160770111 -1.768314840230953 9
302354.6805710942 4123799.9646058087 -1.7656896852772672 9
302354.6421011772 4123799.7683393983 -1.7630021937014606 9
302354.60416512296 4123799.5719698435 -1.7602523478004481 9
302354.5667751522 4123799.3754961533 -1.7574543174688904 9
302354.52992176125 4123799.178921198 -1.754833381607658 9
302354.4935585153 4123798.9822544036 -1.7524675723833207 9
302354.45763538894 4123798.785505835 -1.750356885346922 9
302354.4221023566 4123798.5886855572 -1.7485013072180082 9
302354.38691549265 4123798.3918025745 -1.7467540362276832 9
302354.3521112985 4123798.1948519154 -1.7445779026064838 9
302354.3177830728 4123797.997818737 -1.741923393104635 9
302354.2840253079 4123797.800687988 -1.7387904839693875 9
302354.250932486 4123797.6034446214 -1.7351809967299248 9
302354.2185775799 4123797.4060777337 -1.7313931422482398 9
302354.18696653406 4123797.208589334 -1.7276438574793087 9
302354.15609227354 4123797.0109839435 -1.7239330593545572 9
302354.1259477234 4123796.8132660794 -1.7202606622587138 9
302354.0965238987 4123796.6154404725 -1.7166751081398157 9
302354.0677824928 4123796.4175150883 -1.713380562150658 9
302354.03966224106 4123796.219500427 -1.7103997727928821 9
302354.01210126583 4123796.021407055 -1.707732714451607 9
302353.98503768025 4123795.8232455407 -1.7053805047985717 9
302353.9584019549 4123795.625026922 -1.7034425418809682 9
302353.9321030494 4123795.4267635667 -1.7019827311451305 9
302353.9060461658 4123795.2284680707 -1.7010010791308054 9
302353.88013650593 4123795.0301530347 -1.700497584562375 9
302353.85428906686 4123794.831829781 -1.7002556752132856 9
302353.8285257838 4123794.633495704 -1.6996126511181255 9
302353.8029344324 4123794.4351396267 -1.6985223437897774 9
302353.777603752 4123794.236750244 -1.696984752542835 9
302353.75262247876 4123794.0383162536 -1.6950005838577122 9
302353.72806805896 4123793.8398281736 -1.6927280517371495 9
302353.7039813686 4123793.6412824243 -1.6902878939887602 9
302353.6803958931 4123793.4426766187 -1.6876800792663829 9
302353.65734511794 4123793.244008369 -1.684904580908183 9
302353.63486192777 4123793.045275355 -1.68198596752646 9
302353.61295085895 4123792.846478381 -1.679189551526819 9
302353.59157643194 4123792.6476226663 -1.6765875205700889 9
302353.57070014556 4123792.448713761 -1.6741798543866018 9
302353.550283499 4123792.249757217 -1.6719665265179469 9
302353.5302874804 4123792.050758578 -1.6699604598883295 9
302353.510665061 4123791.851723302 -1.6682172352509723 9
302353.49136284506 4123791.6526567736 -1.6667432139393454 9
302353.47232726123 4123791.453564375 -1.6655383981373215 9
302353.45350473805 4123791.2544514905 -1.664602785963216 9
302353.43484664697 4123791.0553230383 -1.663828970561837 9
302353.4163565922 4123790.8561790213 -1.6628985179002962 9
302353.3980695511 4123790.6570164887 -1.6617904141851891 9
302353.3800209286 4123790.4578324533 -1.6605046572511568 9
302353.36224612966 4123790.258623924 -1.6590412467352749 9
302353.34477892896 4123790.059388079 -1.6574360463074078 9
302353.32763538026 4123789.860123907 -1.655798330618629 9
302353.3108206623 4123789.660831511 -1.6541356537002094 9
302353.29433979624 4123789.4615110084 -1.6524480113689468 9
302353.278197803 4123789.262162517 -1.6507353998814291 9
302353.2624005502 4123789.0627861046 -1.648975115843784 9
302353.24696880975 4123788.8633809686 -1.6470591299717277 9
302353.2319360942 4123788.6639455603 -1.644973423110489 9
302353.2173363259 4123788.464478308 -1.6427179821470288 9
302353.2032034273 4123788.264977638 -1.6402927987723017 9
302353.1895708969 4123788.0654420173 -1.6377132652756 9
302353.1764570896 4123787.8658712544 -1.6351124154740264 9
302353.1638614279 4123787.6662668437 -1.6325209234517346 9
302353.1517821407 4123787.4666303825 -1.6299387663107299 9
302353.1402174571 4123787.26696347 -1.627365920819775 9
302353.12916556885 4123787.0672677034 -1.624803973236798 9
302353.1186226123 4123786.8675446343 -1.6222725965104783 9
302353.10858163115 4123786.6677957475 -1.6197776095022545 9
302353.0990354137 4123786.4680225193 -1.6173190015841006 9
302353.08997674816 4123786.26822643 -1.614896760675336 9
302353.0813985406 4123786.0684089507 -1.6125051230227547 9
302353.0733022894 4123785.8685712926 -1.6100572897815124 9
302353.0657037717 4123785.668714227 -1.6075240391614407 9
302353.0586201122 4123785.4688384836 -1.6049053510625289 9
302353.05206843576 4123785.26894479 -1.6022012087111228 9
302353.0460655554 4123785.0690338877 -1.5994239621392665 9
302353.0406144533 4123784.8691069963 -1.596700709118137 9
302353.0356990787 4123784.6691659987 -1.5940648602736067 9
302353.03130199586 4123784.469212825 -1.5915163927151814 9
302353.0274057692 4123784.269249405 -1.589055280498108 9
302353.0239925028 4123784.0692776577 -1.5866975271654893 9
302353.0210292487 4123783.869299179 -1.5845720857055583 9
302353.0184650064 4123783.6693151733 -1.5827070355615875 9
302353.01624770876 4123783.469326821 -1.58110237518161 9
302353.0143252888 4123783.269335304 -1.5797580979030097 9
302353.0126470318 4123783.0693417806 -1.5786307888755446 9
302353.01119866327 4123782.869346822 -1.57742282568186 9
302353.01000558474 4123782.6693503573 -1.5760778466128067 9
302353.00909519894 4123782.469352284 -1.5745958553080157 9
302353.0084949085 4123782.2693524975 -1.572976858533716 9
302353.0082331662 4123782.0693509537 -1.5711922829231155 9
302353.00835764356 4123781.869348651 -1.5691013931853786 9
302353.0089328346 4123781.6693475046 -1.566685172156308 9
302353.0100238014 4123781.4693494616 -1.5639435815816047 9
302353.011695606 4123781.2693564678 -1.5608765929608506 9
302353.01400714717 4123781.069370382 -1.5576305831403354 9
302353.01693572843 4123780.8693919214 -1.5547432854831782 9
302353.020400867 4123780.669420992 -1.5522644990616772 9
302353.02432085713 4123780.4694574834 -1.5501942004442186 9
302353.02861399326 4123780.2695012847 -1.548532357696407 9
302353.0332029112 4123780.0695522763 -1.5471888633008921 9
302353.03805167717 4123779.8696102616 -1.5459221626864108 9
302353.04314733815 4123779.669674998 -1.5447190047249102 9
302353.04847718606 4123779.469746245 -1.5435793919108527 9
302353.054028513 4123779.269823761 -1.5425033258621736 9
302353.0597899106 4123779.069907326 -1.5414673412645152 9
302353.06575867854 4123778.869996866 -1.5404278951854902 9
302353.07193569344 4123778.670092372 -1.5393840181972347 9
302353.078321843 4123778.4701938303 -1.5383357132204962 9
302353.084918015 4123778.2703012293 -1.5372829832394244 9
302353.0917392451 4123778.070415286 -1.5360010367862604 9
302353.09886729886 4123777.870540151 -1.5342121424829678 9
302353.1064035969 4123777.6706809876 -1.531915510540122 9
302353.1144495624 4123777.4708429584 -1.5291111116933074 9
302353.1231065879 4123777.2710312256 -1.5258033932556143 9
302353.13243940804 4123777.071249492 -1.5224790471968725 9
302353.1424051714 4123776.8714971817 -1.5194671368346866 9
302353.1529413906 4123776.6717729373 -1.516767632458521 9
302353.163985578 4123776.4720754013 -1.5143804909765244 9
302353.17547547596 4123776.272403221 -1.5122941526240712 9
302353.18736670114 4123776.072755458 -1.5103262439662908 9
302353.19964522036 4123775.8731318717 -1.508413703365938 9
302353.2122999471 4123775.6735322913 -1.5065565307195614 9
302353.225319795 4123775.473956546 -1.504754724426358 9
302353.23869312427 4123775.2744044205 -1.5030282141946807 9
302353.2523888728 4123775.0748741706 -1.5015468140544983 9
302353.26635189506 4123774.8753621588 -1.5003492617499405 9
302353.28052554646 4123774.675864626 -1.49943555579287 9
302353.2948531825 4123774.476377817 -1.4988056928227513 9
302353.30928050115 4123774.276898139 -1.4983903487517545 9
302353.3238050635 4123774.0774256936 -1.497786939704905 9
302353.3384751964 4123773.8779641893 -1.496930542611233 9
302353.35334134987 4123773.678517488 -1.4958211558102663 9
302353.3684539739 4123773.4790894506 -1.4944587796856743 9
302353.38386209926 4123773.2796838502 -1.4928810804523323 9
302353.39959040354 4123773.080302928 -1.4912632041493987 9
302353.4156430815 4123772.880947638 -1.489627239605465 9
302353.43202369 4123772.6816188917 -1.487973180288457 9
302353.4487357863 4123772.482317604 -1.4863010199162705 9
302353.4657826757 4123772.283044667 -1.4846171950890108 9
302353.4831637152 4123772.0838006246 -1.4829493534333895 9
302353.50087512535 4123771.884585745 -1.4813006499358268 9
302353.5189130406 4123771.6854002927 -1.4796710786694875 9
302353.537273595 4123771.486244529 -1.4780606334386779 9
302353.55595173425 4123771.2871185853 -1.4765005699651008 9
302353.5749226209 4123771.088020435 -1.475132356394624 9
302353.5941450975 4123770.8889462696 -1.4739732639194643 9
302353.6135775186 4123770.689892228 -1.4730232923536926 9
302353.63317823864 4123770.4908544496 -1.4722824398203014 9
302353.65290762665 4123770.291829272 -1.471690608817577 9
302353.67277125426 4123770.0928175407 -1.4708947180171579 9
302353.69281927886 4123769.8938245457 -1.4698371492972562 9
302353.7131037491 4123769.694855763 -1.4685179005122686 9
302353.73367671337 4123769.495916671 -1.4669369724408075 9
302353.754589564 4123769.2970126956 -1.4651161363876286 9
302353.77587471396 4123769.0981477457 -1.4632136841460928 9
302353.7975431475 4123768.899324018 -1.461261210142737 9
302353.8196047006 4123768.7005436206 -1.4592586991934133 9
302353.8420692087 4123768.5018086582 -1.4572061369339806 9
302353.8649450777 4123768.3031210513 -1.4551420356037759 9
302353.8882156717 4123768.1044794563 -1.4532487974806365 9
302353.91184302536 4123767.905879751 -1.4515499333758337 9
302353.9357884919 4123767.707317723 -1.4500454424978828 9
302353.96001342445 4123767.508789162 -1.4487353204611702 9
302353.9844842318 4123767.310290496 -1.4475126987039804 9
302354.00921681605 4123767.1118244184 -1.4460836432748905 9
302354.03425509436 4123766.913397169 -1.4444312136813588 9
302354.05964330264 4123766.7150150286 -1.4425554000577794 9
302354.08542567684 4123766.5166842765 -1.4404561965469396 9
302354.111632455 4123766.3184093195 -1.4383600961079148 9
302354.1382258606 4123766.1201854562 -1.436557339379146 9
302354.16514748806 4123765.9220052264 -1.4350490094471196 9
302354.1923389275 4123765.723861166 -1.4338350999039318 9
302354.219741817 4123765.5257458203 -1.4329101493261294 9
302354.24732713733 4123765.327655824 -1.4318957780411627 9
302354.2751450403 4123765.1295988527 -1.4305610112419416 9
302354.3032588968 4123764.931584425 -1.4289058387528044 9
302354.3317320776 4123764.7336220564 -1.4269302537064108 9
302354.3606263334 4123764.535721032 -1.4246924516363464 9
302354.3899479109 4123764.3378825486 -1.4226785988786792 9
302354.4196350063 4123764.1400978933 -1.420997853617458 9
302354.44962165353 4123763.9423577464 -1.4196502078101771 9
302354.4798418866 4123763.7446527896 -1.4186356503584203 9
302354.51024089236 4123763.546975381 -1.4177435258670146 9
302354.54084546346 4123763.3493301654 -1.4165439563948279 9
302354.5717186515 4123763.151727242 -1.4150242770495114 9
302354.6029236719 4123762.954176737 -1.4131844876630129 9
302354.634523521 4123762.756688747 -1.4110357787395484 9
302354.6665637591 4123762.559271089 -1.4087581665463107 9
302354.69906012854 4123762.3619276793 -1.4064144475301876 9
302354.73202544963 4123762.1646620543 -1.4040045982258766 9
302354.7654725429 4123761.967477748 -1.4015285968958704 9
302354.7994114648 4123761.770377783 -1.3990406700895905 9
302354.8338302882 4123761.573361103 -1.3966616528062663 9
302354.86870659055 4123761.376424701 -1.3943959898258653 9
302354.90401788446 4123761.179565563 -1.39224367177221 9
302354.9397420786 4123760.982780744 -1.3901859023529939 9
302354.97588295914 4123760.7860720935 -1.3879620639580028 9
302355.0124856825 4123760.589449125 -1.385488688035508 9
302355.04959911515 4123760.3929220387 -1.3827657641925963 9
302355.08727212355 4123760.1965010352 -1.3797932946777711 9
302355.12555404165 4123760.0001967545 -1.3765623354790473 9
302355.1644966575 4123759.804022153 -1.3730602302736974 9
302355.20415256236 4123759.6079909443 -1.3692868083101326 9
302355.24457434786 4123759.412116842 -1.3652420049045373 9
302355.285811225 4123759.2164128674 -1.3610093876045315 9
302355.3278654534 4123759.020882436 -1.3569099538328497 9
302355.3707049224 4123758.8255219297 -1.3529752956032195 9
302355.4142967338 4123758.630327569 -1.349205335777124 9
302355.45860812813 4123758.4352955907 -1.3455945253993458 9
302355.5036123701 4123758.240422943 -1.3420876766262444 9
302355.5492909328 4123758.0457075415 -1.3386704557980407 9
302355.5956258783 4123757.851147369 -1.3353428335986166 9
302355.64259926253 4123757.6567404093 -1.3321054617674033 9
302355.6901900198 4123757.462483739 -1.328999128564451 9
302355.7383689441 4123757.26837207 -1.3260477256824932 9
302355.7871055188 4123757.0743997344 -1.3232512228226494 9
302355.83636922727 4123756.880561063 -1.3206095831213578 9
302355.8861258619 4123756.686849209 -1.3181900425259339 9
302355.9363188169 4123756.493250165 -1.3161044579039949 9
302355.98688308336 4123756.2997472365 -1.3143545497580662 9
302356.03775363707 4123756.106323727 -1.3129403183207893 9
302356.0888692345 4123755.9129639645 -1.3117460142052162 9
302356.14025252033 4123755.7196750785 -1.3100981040896165 9
302356.1920083608 4123755.5264865407 -1.3078877225187315 9
302356.2442450691 4123755.3334287615 -1.3051148388698994 9
302356.297070904 4123755.1405321355 -1.3017864663472043 9
302356.35055083124 4123754.9478153414 -1.2984847596658782 9
302356.4046287924 4123754.7552643036 -1.2955806775616423 9
302356.45922774414 4123754.562859265 -1.2930741844564666 9
302356.51427064283 4123754.3705804707 -1.2909652324988958 9
302356.5696825369 4123754.1784086158 -1.2892080585628616 9
302356.6254100424 4123753.986329037 -1.2876703180544051 9
302356.6814124885 4123753.794329809 -1.2863436524253193 9
302356.7376493683 4123753.602399041 -1.285228068352534 9
302356.7940804349 4123753.410524921 -1.2843076662611654 9
302356.8506950211 4123753.218704563 -1.2832482956327012 9
302356.90753891005 4123753.0269521205 -1.281916185954142 9
302356.9646642331 4123752.8352836585 -1.2803113295898072 9
302357.02212312166 4123752.6437152456 -1.2784337215601929 9
302357.07996076334 4123752.4522608705 -1.276422268912595 9
302357.1381680794 4123752.2609182773 -1.2745808245516066 9
302357.1967104657 4123752.069677573 -1.2729200879078324 9
302357.2555531697 4123751.878528816 -1.2714400508213843 9
302357.314661569 4123751.687462105 -1.2701327962151894 9
302357.37401569943 4123751.496471896 -1.2688331338808307 9
302357.43362350797 4123751.3055609316 -1.2674751240806292 9
302357.49349607184 4123751.114732889 -1.2660587675015134 9
302357.5536444679 4123750.9239914427 -1.2645840658305745 9
302357.61408073205 4123750.733340615 -1.2630280442487463 9
302357.6748281158 4123750.5427884827 -1.2613155544990713 9
302357.7359171417 4123750.3523457507 -1.2594407451800846 9
302357.79737845523 4123750.162023171 -1.2574036043799204 9
302357.8592426956 4123749.971831491 -1.2552053281315245 9
302357.9215248781 4123749.7817763155 -1.2530714931687765 9
302357.9841905156 4123749.5918469564 -1.2511696479118857 9
302358.0471953404 4123749.402029506 -1.2494997864098072 9
302358.1104950849 4123749.2123100553 -1.2480618986829013 9
302358.1740461157 4123749.02267489 -1.2468361898901499 9
302358.2378192147 4123748.8331146818 -1.245705176801264 9
302358.30179948197 4123748.6436244617 -1.2446494845609308 9
302358.3659726323 4123748.454199447 -1.24366911499918 9
302358.43032438034 4123748.264834853 -1.2427640691114996 9
302358.49484541634 4123748.0755276377 -1.2418425045400623 9
302358.5595567917 4123747.88628537 -1.2407507424643223 9
302358.6244910084 4123747.697119623 -1.2394863747747185 9
302358.6896805899 4123747.508041976 -1.2380493976141635 9
302358.7551580051 4123747.3190639913 -1.2364440435757516 9
302358.82094469806 4123747.130193428 -1.234805831750583 9
302358.8870377475 4123746.9414296476 -1.2331997103419767 9
302358.95343097154 4123746.7527708886 -1.2316256783770974 9
302359.02011818823 4123746.564215387 -1.2300837342794426 9
302359.0870943486 4123746.3757618032 -1.2285374365803685 9
302359.15438075684 4123746.1874186103 -1.2267660305348649 9
302359.2220252357 4123745.9992041565 -1.2247323510372277 9
302359.2900767742 4123745.811137225 -1.2224363792627948 9
302359.3585843608 4123745.6232366003 -1.2198781029431283 9
302359.4275878307 4123745.4355177 -1.2172346601039563 9
302359.49706471467 4123745.247973036 -1.2148404690632628 9
302359.5669665823 4123745.0605855766 -1.2127033999141918 9
302359.63724491745 4123744.8733382584 -1.210823438662769 9
302359.7078513402 4123744.686214069 -1.2091899859156507 9
302359.778764158 4123744.4992060177 -1.207473059411696 9
302359.85002017685 4123744.3123290837 -1.2055160698926601 9
302359.9216639586 4123744.1256011557 -1.2033190057213827 9
302359.99374006526 4123743.939040125 -1.2008818620540869 9
302360.0662904796 4123743.752662914 -1.198268414075467 9
302360.1393250576 4123743.566474397 -1.1956999466133889 9
302360.2128318606 4123743.3804712747 -1.1931952899758411 9
302360.2867985359 4123743.194650092 -1.190754425315804 9
302360.3612127385 4123743.009007397 -1.1883761811794589 9
302360.4360700878 4123742.823542974 -1.1859473945180308 9
302360.51138916786 4123742.638265931 -1.1833931738200518 9
302360.5871926767 4123742.4531870508 -1.1807134966083248 9
302360.66350331274 4123742.268317114 -1.1779083454288852 9
302360.7403417658 4123742.0836660713 -1.1750264108719082 9
302360.81770561525 4123741.8992342963 -1.1722244613757016 9
302360.89557763917 4123741.715016036 -1.1695143597618896 9
302360.97394037386 4123741.531005433 -1.1668960880755068 9
302361.0527765233 4123741.347196707 -1.1643608041182494 9
302361.1320806327 4123741.163589316 -1.1617784533518556 9
302361.2118667172 4123740.9801913304 -1.1591058383002841 9
302361.29215060355 4123740.7970116264 -1.1563429232296227 9
302361.37294811895 4123740.614059076 -1.153489675538588 9
302361.45426128485 4123740.4313360937 -1.150780776625855 9
302361.53603241686 4123740.2488171505 -1.1484761938668295 9
302361.61818769365 4123740.066469165 -1.1465761143612665 9
302361.7006532938 4123739.884259058 -1.1450805370591548 9
302361.7833732775 4123739.7021621466 -1.1435935882537203 9
302361.86644812336 4123739.520227205 -1.1411426176450437 9
302361.95005918085 4123739.338540988 -1.1376828132177736 9
302362.0343884781 4123739.157190568 -1.1332140646633981 9
302362.11961100815 4123738.976259727 -1.1279668805170715 9
302362.20574396756 4123738.7957584574 -1.1232951600372159 9
302362.2926489462 4123738.6156239854 -1.119419703725024 9
302362.380180938 4123738.4357904494 -1.1163403831894803 9
302362.4681953289 4123738.2561921743 -1.1140294011925986 9
302362.55660296406 4123738.0767893605 -1.1118053370185663 9
302362.64542698424 4123737.8975946074 -1.1093747578756645 9
302362.7347040961 4123737.7186268447 -1.1067376632179755 9
302362.8244710064 4123737.539905001 -1.1038940646928204 9
302362.91475511505 4123737.3614434367 -1.10101248399739 9
302363.00553687144 4123737.18323346 -1.098318892021443 9
302363.09678195335 4123737.005259128 -1.0958144453765388 9
302363.18845603307 4123736.8275044933 -1.0934991178343418 9
302363.28052705585 4123736.64995479 -1.091307516799294 9
302363.3729986855 4123736.472613796 -1.088958702205732 9
302363.46590298257 4123736.2955000335 -1.0864204838931202 9
302363.5592727917 4123736.1186324297 -1.0836928347397587 9
302363.6531407754 4123735.9420298142 -1.0807907222036086 9
302363.74750468845 4123735.765692002 -1.0781729052667783 9
302363.8422862236 4123735.5895773764 -1.0760555260590212 9
302363.9373970575 4123735.4136388637 -1.0744385836639985 9
302364.0327488668 4123735.2378293923 -1.0733220632314628 9
302364.1282726439 4123735.0621124944 -1.0723061331279389 9
302364.22403051594 4123734.8865236933 -1.0706380443074026 9
302364.3201391284 4123734.7111284435 -1.0683001781962465 9
302364.41671530524 4123734.5359922983 -1.0652924979367537 9
302364.5138741406 4123734.3611798487 -1.0616993286098388 9
302364.61163959693 4123734.1867050612 -1.0585122311644184 9
302364.70990120433 4123734.012507222 -1.056017208690361 9
302364.80853769084 4123733.838519617 -1.054214222496869 9
302364.90742778446 4123733.6646755314 -1.0531032279152819 9
302365.00647124223 4123733.4909198903 -1.0522980243333224 9
302365.10567056236 4123733.317254482 -1.0513004282045924 9
302365.2050595717 4123733.1436984334 -1.050108481488 9
302365.3046721048 4123732.970270876 -1.0487221899694243 9
302365.40454106336 4123732.7969904505 -1.0471681818973455 9
302365.5046850556 4123732.623868245 -1.0455582950304474 9
302365.6051115104 4123732.4509094465 -1.0439049572162673 9
302365.705827559 4123732.278119081 -1.0422081585610186 9
302365.8068401562 4123732.105502073 -1.0404777605777846 9
302365.90814389 4123731.93305593 -1.0388583303499401 9
302366.00971307576 4123731.760766007 -1.0373976750318483 9
302366.1115201493 4123731.5886165323 -1.0360957918973992 9
302366.21353754785 4123731.416591735 -1.0349523094309545 9
302366.3157436715 4123731.2446792643 -1.0338714879174433 9
302366.41813652724 4123731.0728780106 -1.0327788748807574 9
302366.52071814606 4123730.901189173 -1.0316744731068437 9
302366.62349055865 4123730.729613949 -1.0305582855563702 9
302366.7264631867 4123730.558158142 -1.0292790954088495 9
302366.82969016605 4123730.3868553983 -1.0275863115552297 9
302366.93324236217 4123730.215749785 -1.0254761364647333 9
302367.03719066986 4123730.044885385 -1.0229485534635874 9
302367.141595472 4123729.8742998457 -1.0202514947683843 9
302367.2464243496 4123729.70397398 -1.017999859987533 9
302367.3515965379 4123729.5338589917 -1.0162224641880064 9
302367.4570308559 4123729.3639058317 -1.0149192893180206 9
302367.5626525506 4123729.1940693706 -1.0139300447705497 9
302367.6684521328 4123729.024344312 -1.0127978045140384 9
302367.77445812 4123728.854748553 -1.011494449898178 9
302367.8806995024 4123728.6853002794 -1.010019983702672 9
302367.9872042881 4123728.5160171213 -1.0083981785661307 9
302368.093990746 4123728.3469111905 -1.0066952514945327 9
302368.2010715753 4123728.177991442 -1.004915099554427 9
302368.30845941004 4123728.0092667965 -1.0030577135028524 9
302368.41616461077 4123727.8407447003 -1.0011747588960351 9
302368.5241799696 4123727.6724212244 -0.999377951030485 9
302368.6324900941 4123727.5042871404 -0.9976711099933159 9
302368.74107954575 4123727.336333189 -0.9960542308305692 9
302368.849935473 4123727.168551789 -0.994472162367913 9
302368.95906194433 4123727.0009463266 -0.9928252118000988 9
302369.0684698309 4123726.8335245973 -0.9911113264576871 9
302369.17817002203 4123726.66629441 -0.9893305013954846 9
302369.28816882113 4123726.4992605373 -0.9875754090894892 9
302369.39844696526 4123726.3324108343 -0.985985887667268 9
302369.50897633634 4123726.165727295 -0.9845633451247028 9
302369.6197288076 4123725.999191909 -0.9833077757523879 9
302369.7306680401 4123725.8327810895 -0.9823813666190381 9
302369.84171563864 4123725.666442695 -0.982005600209185 9
302369.95277978043 4123725.5001154677 -0.9821817735341832 9
302370.063768637 4123725.333738146 -0.9829098875407839 9
302370.17460597504 4123725.167259866 -0.9838589885445285 9
302370.2853141019 4123725.000695471 -0.984453332365037 9
302370.3959537033 4123724.834085396 -0.9846825427775716 9
302370.5065855519 4123724.6674701325 -0.9845466205297962 9
302370.6172633013 4123724.5008854303 -0.984208069109417 9
302370.7279861898 4123724.334330793 -0.9840141914831617 9
302370.83872834354 4123724.167788999 -0.9839765326112615 9
302370.9494637537 4123724.001242737 -0.9840950925517161 9
302371.0601674271 4123723.8346753684 -0.9843401176186221 9
302371.170828689 4123723.6680798 -0.9845957460215738 9
302371.2814474558 4123723.5014559943 -0.9848503311017239 9
302371.39202389313 4123723.334804079 -0.9851038728850076 9
302371.5025581561 4123723.168124176 -0.985357114919282 9
302371.61304909026 4123723.0014155433 -0.9856273493296969 9
302371.7234929437 4123722.834675726 -0.9859218332298787 9
302371.8338856589 4123722.6679020673 -0.9862405666878682 9
302371.9442231779 4123722.5010919115 -0.9865835497626773 9
302372.0545023656 4123722.334243208 -0.9869270656716962 9
302372.16472965595 4123722.1673602136 -0.9872020546176272 9
302372.27491715003 4123722.0004509157 -0.9874041021183172 9
302372.3850770226 4123721.8335233503 -0.9875332081807796 9
302372.49522144854 4123721.666585555 -0.9875893728362739 9
302372.6053583596 4123721.4996427726 -0.9876564690747031 9
302372.7154733306 4123721.332685525 -0.987852958803923 9
302372.8255446002 4123721.165699506 -0.9881796904815509 9
302372.935550403 4123720.9986704057 -0.9886366642567618 9
302373.0454689734 4123720.8315839134 -0.9892238801307646 9
302373.1552833869 4123720.6644289037 -0.9898250532249444 9
302373.26501920907 4123720.497222204 -0.9901535072650016 9
302373.37472403405 4123720.3299951334 -0.9901959737354333 9
302373.4844456426 4123720.162779133 -0.9899524526341341 9
302373.59423181566 4123719.995605643 -0.9894229434225971 9
302373.70413029916 4123719.8285060828 -0.988611736681616 9
302373.81417191046 4123719.6615007417 -0.9877735440279825 9
302373.9243433182 4123719.494580882 -0.9870575729196374 9
302374.03462408413 4123719.327733096 -0.9864638231807726 9
302374.1449937701 4123719.1609439733 -0.9859922942754099 9
302374.25543193804 4123718.994200105 -0.9856429855734844 9
302374.36591814976 4123718.8274880825 -0.9854158965621533 9
302374.47643516393 4123718.660796589 -0.9852533014943958 9
302374.58697880554 4123718.494122862 -0.9850957910443813 9
302374.6975482383 4123718.3274663235 -0.984943362212301 9
302374.8081426257 4123718.1608263953 -0.9847960150526621 9
302374.9187611314 4123717.9942025007 -0.9846537496157309 9
302375.0294029189 4123717.827594062 -0.9845165659476462 9
302375.1400671869 4123717.6610005256 -0.9843828422935912 9
302375.25075455714 4123717.4944222984 -0.9842371242571512 9
302375.3614675302 4123717.3278610627 -0.9840755672628698 9
302375.47220873524 4123717.161318585 -0.9838981712839757 9
302375.5829808017 4123716.9947966305 -0.9837049362916713 9
302375.6937863587 4123716.8282969682 -0.9834958622564692 9
302375.80462803564 4123716.661821363 -0.9832709491496454 9
302375.9155084117 4123716.4953715513 -0.983032607154373 9
302376.0264277912 4123716.328947741 -0.9828061132261425 9
302376.13738331466 4123716.1625480275 -0.9825982095799952 9
302376.2483718886 4123715.9961703476 -0.9824088962337743 9
302376.3593904199 4123715.8298126385 -0.9822381731965805 9
302376.4704358152 4123715.6634728364 -0.9820860404707348 9
302376.58150498115 4123715.4971488793 -0.9819524980535486 9
302376.6925948246 4123715.3308387045 -0.9818375459389002 9
302376.80370336643 4123715.1645409954 -0.9817181855622106 9
302376.914835134 4123714.9982588002 -0.9815578149537727 9
302377.0259970092 4123714.8319967426 -0.9813559652431275 9
302377.137195877 4123714.6657594526 -0.981112636375095 9
302377.2484386223 4123714.4995515575 -0.9808278282951927 9
302377.3597321304 4123714.3333776835 -0.980501540962198 9
302377.4710832863 4123714.167242461 -0.9801337743628472 9
302377.58249897504 4123714.001150516 -0.9797245285286778 9
302377.69398499647 4123713.835105752 -0.979296080546589 9
302377.8055408871 4123713.669107886 -0.9788834193018436 9
302377.9171639414 4123713.5031551397 -0.9784869683781124 9
302378.0288514511 4123713.3372457293 -0.9781067276979242 9
302378.1406007076 4123713.171377872 -0.9777426971706974 9
302378.25240900257 4123713.005549787 -0.9773948766957393 9
302378.3642736276 4123712.8397596907 -0.9770632661651141 9
302378.4761918742 4123712.6740058023 -0.9767478654663856 9
302378.5881610151 4123712.508286325 -0.9764494609445487 9
302378.7001777456 4123712.3425990525 -0.9761740229489013 9
302378.81223809207 4123712.1769413007 -0.975922789140506 9
302378.92433804343 4123712.0113103595 -0.9756957595474033 9
302379.03647358867 4123711.8457035185 -0.9754929341832453 9
302379.1486407166 4123711.6801180686 -0.9753143130512854 9
302379.2608354164 4123711.514551298 -0.9751598961479429 9
302379.3730536768 4123711.3490004973 -0.975029683465942 9
302379.48529148684 4123711.183462956 -0.9749236749970263 9
302379.5975448283 4123711.0179359578 -0.974842041025196 9
302379.7098096341 4123710.852416745 -0.9747851091296248 9
302379.82208181574 4123710.6869025393 -0.9747528874774174 9
302379.9343572854 4123710.5213905643 -0.9747453760709627 9
302380.0466319546 4123710.3558780435 -0.9747625749102579 9
302380.1589017353 4123710.1903622006 -0.9748044839930464 9
302380.2711625393 4123710.024840258 -0.9748711033145031 9
302380.3834102784 4123709.859309439 -0.9749624328664667 9
302380.4956408644 4123709.6937669674 -0.9750784708909848 9
302380.6078526225 4123709.5282117054 -0.975175735071705 9
302380.720053349 4123709.3626489495 -0.975211832876192 9
302380.8322531629 4123709.1970855747 -0.9751867643184969 9
302380.9444621833 4123709.0315284543 -0.9751005293880333 9
302381.0566905292 4123708.8659844636 -0.9749531280523914 9
302381.16894831986 4123708.700460477 -0.9747445602670173 9
302381.2812456741 4123708.5349633684 -0.9744748259917565 9
302381.39359271113 4123708.3695000126 -0.9741439252142645 9
302381.50599955005 4123708.204077284 -0.9737518579802815 9
302381.61847478885 4123708.038701029 -0.9733275080959749 9
302381.7310200259 4123707.8733723643 -0.9729054853313702 9
302381.8436348472 4123707.7080910476 -0.9724858588754857 9
302381.95631883846 4123707.542856835 -0.9720686286719805 9
302382.06907158566 4123707.3776694825 -0.9716537946618036 9
302382.1818926745 4123707.212528748 -0.9712413567832648 9
302382.29478169087 4123707.047434388 -0.9708313149721056 9
302382.4077382206 4123706.882386159 -0.970423669161572 9
302382.5207618495 4123706.717383819 -0.9700184192824843 9
302382.6338523202 4123706.552427233 -0.9696110870800626 9
302382.74701138237 4123706.387517666 -0.969185750912275 9
302382.86024217174 4123706.2226573504 -0.9687410044507864 9
302382.9735478519 4123706.0578485364 -0.9682768474363203 9
302383.0869315863 4123705.8930934756 -0.9677932796207476 9
302383.2003965386 4123705.7283944194 -0.967290300772333 9
302383.3139458723 4123705.5637536165 -0.966767910681203 9
302383.42758275085 4123705.3991733203 -0.9662261091650273 9
302383.5413103379 4123705.2346557803 -0.9656648960749293 9
302383.6551317605 4123705.070203223 -0.9650871237182036 9
302383.7690448963 4123704.9058142165 -0.9645642324629619 9
302383.8830369313 4123704.7414798853 -0.9641272064369869 9
302383.9970937513 4123704.5771904457 -0.9637760457227774 9
302384.111201242 4123704.4129361147 -0.963510750265509 9
302384.2253452894 4123704.2487071115 -0.9633313199507033 9
302384.33951177896 4123704.084493651 -0.9632377546629082 9
302384.4536865966 4123703.9202859523 -0.9632300543253844 9
302384.567855628 4123703.7560742325 -0.9633082189208013 9
302384.682004759 4123703.591848708 -0.9634722484929388 9
302384.7961218051 4123703.4276009346 -0.9636810776235956 9
302384.9102064705 4123703.2633307087 -0.9638652607477021 9
302385.02426298265 4123703.0990409614 -0.9640236676888928 9
302385.1382955776 4123702.934734632 -0.9641562984256393 9
302385.2523084918 4123702.7704146556 -0.9642631529447114 9
302385.36630596133 4123702.606083972 -0.9643442312385353 9
302385.4802922225 4123702.441745519 -0.9643995333030623 9
302385.5942715114 4123702.2774022347 -0.9644290591361536 9
302385.7082480644 4123702.113057056 -0.9644328087364781 9
302385.8222259988 4123701.948712839 -0.9644145662852671 9
302385.9362074516 4123701.784371063 -0.9643914830105849 9
302386.0501929239 4123701.6200320744 -0.9643656564795011 9
302386.1641828678 4123701.4556961833 -0.9643370866930453 9
302386.2781777355 4123701.2913637 -0.9643057736524631 9
302386.39217797935 4123701.127034935 -0.9642717173592235 9
302386.5061840511 4123700.962710201 -0.9642349178150259 9
302386.6201964032 4123700.7983898073 -0.964195375021807 9
302386.73421548767 4123700.6340740644 -0.9641530889817506 9
302386.8482417863 4123700.469763304 -0.9641064160565413 9
302386.9622776044 4123700.3054591315 -0.9640335725970905 9
302387.07632809953 4123700.1411651433 -0.9639277750532397 9
302387.19039867807 4123699.976885108 -0.9637890234042478 9
302387.3044947462 4123699.8126227953 -0.9636173176220801 9
302387.4186217101 4123699.648381977 -0.9634126576759277 9
302387.53278497607 4123699.4841664215 -0.9631750435378019 9
302387.64698995027 4123699.3199798996 -0.9629044751892022 9
302387.7612420389 4123699.15582618 -0.962600952628857 9
302387.8755464167 4123698.9917088714 -0.9622738901227186 9
302387.989901431 4123698.827626827 -0.961992803239258 9
302388.1042976498 4123698.6635734807 -0.9617717601111738 9
302388.2187252179 4123698.499541969 -0.9616107607118842 9
302388.33317427966 4123698.3355254317 -0.9615098050054506 9
302388.44763497985 4123698.1715170066 -0.9614688929639912 9
302388.5620974631 4123698.0075098327 -0.9614880245786004 9
302388.67655187414 4123697.843497048 -0.9615671998637727 9
302388.79098836624 4123697.679471797 -0.9617057620366664 9
302388.90539822803 4123697.515428008 -0.961888520380052 9
302389.0197749945 4123697.351361162 -0.9621091157937309 9
302389.13411246456 4123697.187266921 -0.9623675482198057 9
302389.24840443704 4123697.0231409483 -0.9626638175597783 9
302389.36264471087 4123696.858978906 -0.9629979236634498 9
302389.476827085 4123696.694776458 -0.9633698663161979 9
302389.590945357 4123696.530529265 -0.9637799409346693 9
302389.7049901862 4123696.366230876 -0.964279836772942 9
302389.81894237443 4123696.201868202 -0.9649075421359953 9
302389.9327807931 4123696.037426854 -0.9656630586160636 9
302390.0464843134 4123695.872892443 -0.9665463878474455 9
302390.1600318066 4123695.7082505813 -0.9675575311362444 9
302390.27340214426 4123695.5434868783 -0.968696336480392 9
302390.3865869989 4123695.3785957186 -0.9697365073180195 9
302390.49962531944 4123695.2136038817 -0.9704742044645635 9
302390.6125669659 4123695.0485456246 -0.9709094286508887 9
302390.7254617986 4123694.8834552043 -0.9710421810782075 9
302390.8383596774 4123694.718366879 -0.9708724622235272 9
302390.9513019951 4123694.553309083 -0.9705555234124583 9
302391.06429553503 4123694.388286459 -0.9702511267556524 9
302391.1773382395 4123694.223297566 -0.9699592805910958 9
302391.2904280507 4123694.058340969 -0.9696799850743644 9
302391.4035594096 4123693.893412833 -0.9694879768096887 9
302391.5167047706 4123693.7284942763 -0.969512380078821 9
302391.6298280731 4123693.5635605897 -0.9697554662700184 9
302391.7428939197 4123693.398587517 -0.970190760635651 9
302391.85588518815 4123693.233563348 -0.9706374808924004 9
302391.96880460344 4123693.068489993 -0.9710615192773742 9
302392.08165571734 4123692.9033699296 -0.9714695190530749 9
302392.19443742733 4123692.738202459 -0.9719077146548935 9
302392.30714351573 4123692.572983394 -0.9723849821352885 9
302392.4197688105 4123692.4077092544 -0.9728659348886352 9
302392.53232313547 4123692.2423867644 -0.9732370587651821 9
302392.64482589177 4123692.0770291635 -0.9734898036406217 9
302392.7572965404 4123691.9116497277 -0.9736265899762356 9
302392.86975364416 4123691.746261093 -0.9736538175601421 9
302392.9822152726 4123691.580875543 -0.9735718280817598 9
302393.09469873685 4123691.415504845 -0.9734070828807007 9
302393.2072053015 4123691.250149856 -0.9733081546873376 9
302393.319720872 4123691.0848009903 -0.9732981807397895 9
302393.4322307409 4123690.919448245 -0.9733764486698084 9
302393.54472586326 4123690.7540854686 -0.9734510724444972 9
302393.6572142495 4123690.588718111 -0.9734579157031651 9
302393.7697071079 4123690.4233537964 -0.9733969784451371 9
302393.8822142072 4123690.2579991696 -0.9733034815426564 9
302393.99473243277 4123690.0926521127 -0.9732659368883444 9
302394.1072518874 4123689.927305893 -0.9732886095998586 9
302394.219763017 4123689.7619540123 -0.9733599995678593 9
302394.3322614988 4123689.5965935257 -0.973438778878011 9
302394.44474665285 4123689.4312239643 -0.973521239669107 9
302394.55721972976 4123689.2658461756 -0.9735680789365075 9
302394.6696934171 4123689.1004688134 -0.9735128108368192 9
302394.78218461684 4123688.9351034095 -0.9733634289017123 9
302394.8946972162 4123688.7697525816 -0.9732860203737957 9
302395.00721158576 4123688.604402845 -0.9733426531985546 9
302395.11969091394 4123688.439029119 -0.9738293445291375 9
302395.232018507 4123688.2735525323 -0.9751792925629442 9
302395.34407084633 4123688.107889656 -0.9769096583468957 9
302395.45589996164 4123687.9420755943 -0.9778301784920352 9
302395.56760961685 4123687.7761806278 -0.9787445162401034 9
302395.6790310986 4123687.610092773 -0.9813369102752644 9
302395.78996381734 4123687.443678443 -0.9840028851972098 9
302395.9006215693 4123687.2770798756 -0.9846394992429447 9
302396.01120381634 4123687.110430602 -0.9858050837971499 9
302396.1213134831 4123686.9434706434 -0.9902963561486343 9
302396.23053286574 4123686.775926601 -0.9955875432984822 9
302396.3390219361 4123686.6079069413 -0.9990112149589894 9
302396.44703296333 4123686.439580747 -1.0016362004792165 9
302396.5545719854 4123686.270952671 -1.0046144522552016 9
302396.6615287452 4123686.1019533062 -1.0088439626064325 9
302396.76758542965 4123685.9323892533 -1.0152389451628947 9
302396.87245665793 4123685.762089259 -1.0223347450262288 9
302396.97617035895 4123685.5910794563 -1.0288261493008388 9
302397.07872995554 4123685.419374819 -1.0362365135987477 9
302397.1798392537 4123685.2468148395 -1.0456124775119517 9
302397.2793039182 4123685.0733000906 -1.0547363332280617 9
302397.3773022953 4123684.898952619 -1.0624699050389597 9
302397.4740771965 4123684.7239247374 -1.068718745476734 9
302397.56987917103 4123684.54836085 -1.073883095333131 9
302397.66461316205 4123684.3722193264 -1.0813008114979623 9
302397.7577925904 4123684.1952498606 -1.0912218412900268 9
302397.84914571757 4123684.017329745 -1.1017342610718994 9
302397.938641585 4123683.838471298 -1.1114724299879957 9
302398.0266878175 4123683.658891833 -1.1178414990510683 9
302398.1137257883 4123683.4788210094 -1.1237409083663894 9
302398.19944133004 4123683.298121772 -1.1323895454305697 9
302398.28361333837 4123683.1166969785 -1.1399039828207387 9
302398.36668176705 4123682.9347590483 -1.1450970217832739 9
302398.4485210129 4123682.7522687605 -1.1542504672068405 9
302398.5282684461 4123682.5688571283 -1.1670001663458562 9
302398.60579735925 4123682.3844908667 -1.1781350644580577 9
302398.681354124 4123682.199308693 -1.1888463940937017 9
302398.7548252006 4123682.0132929995 -1.2004663457326386 9
302398.8262151745 4123681.8264667233 -1.2108034384192192 9
302398.8958088877 4123681.638960974 -1.2202761993674809 9
302398.963394192 4123681.450726486 -1.2323676369062253 9
302399.02865587146 4123681.2616734556 -1.243802556857401 9
302399.09210363636 4123681.072001246 -1.25176553444488 9
302399.15415002714 4123680.8818688854 -1.2589170443733995 9
302399.2148725538 4123680.6913097645 -1.2655395802074847 9
302399.27443342214 4123680.500383424 -1.271125570351711 9
302399.33296516835 4123680.309139629 -1.2764655995282086 9
302399.39049802686 4123680.117593813 -1.2812203622117255 9
302399.44734205335 4123679.9258412025 -1.2836385073072414 9
302399.50368107704 4123679.7339397804 -1.2874082577629202 9
302399.55902883166 4123679.5417524544 -1.2930408122571484 9
302399.61363602837 4123679.3493498717 -1.2948093800161014 9
302399.6676999382 4123679.156793708 -1.3010095175840897 9
302399.71972602117 4123678.9636829426 -1.3141067829340198 9
302399.76960578456 4123678.769998038 -1.322481305084193 9
302399.8179009128 4123678.57591452 -1.3323458626896802 9
302399.8638107446 4123678.3812584765 -1.3454930904646356 9
302399.90765152144 4123678.186118096 -1.3533601685510335 9
302399.949847973 4123677.9906193838 -1.3642218494530844 9
302399.98941982456 4123677.7945744246 -1.3786370411646298 9
302400.02643856703 4123677.5980263557 -1.3903807826074026 9
302400.06112906395 4123677.401057983 -1.4027849312983474 9
302400.093379774 4123677.203675567 -1.4144521514340458 9
302400.1234859906 4123677.0059492677 -1.4257287442387099 9
302400.1507566515 4123676.8078212463 -1.4427196156771174 9
302400.1751207406 4123676.6093075224 -1.4528087164663743 9
302400.1977483465 4123676.4105884833 -1.4642193778278547 9
302400.21698692447 4123676.211518094 -1.4846046878949353 9
302400.23246909655 4123676.0121154436 -1.5013973128677822 9
302400.2448556437 4123675.812496533 -1.5160448122956334 9
302400.25383298117 4123675.612693685 -1.5379973010243322 9
302400.25765149336 4123675.4127367153 -1.5629187658239456 9
302400.2581099269 4123675.212726173 -1.5720292759248007 9
302400.2574237489 4123675.0127294445 -1.5760542489315699 9
302400.2559956888 4123674.8127337135 -1.5806138221154578 9
302400.25316238956 4123674.612754423 -1.5898620843473994 9
302400.248574488 4123674.412806461 -1.5967732503453806 9
302400.24306715914 4123674.2128807455 -1.5996539071254443 9
302400.2370251295 4123674.0129724187 -1.6024129855454108 9
302400.2304160589 4123673.813081736 -1.605249991829363 9
302400.2232604487 4123673.613209488 -1.6078727575507452 9
302400.2156433239 4123673.4133544927 -1.6097210853697814 9
302400.20776935696 4123673.213509651 -1.6104665146437147 9
302400.19980479334 4123673.0136684985 -1.6107644815038151 9
302400.1917829579 4123672.813828617 -1.611352958078299 9
302400.18334972835 4123672.6140063335 -1.615236577575651 9
302400.17385546974 4123672.4142327793 -1.6209244774881006 9
302400.1635605094 4123672.2144970046 -1.6230147225731903 9
302400.1531045876 4123672.0147702233 -1.6232636781984742 9
302400.1425508059 4123671.8150491565 -1.6239925816137508 9
302400.1318172569 4123671.6153373704 -1.6250225901109132 9
302400.1208573561 4123671.415637812 -1.6262389454681216 9
302400.10966409586 4123671.2159512583 -1.6273019072124568 9
302400.09828414395 4123671.0162752573 -1.6281146190892963 9
302400.0867573527 4123670.8166076886 -1.6287946311030794 9
302400.0751038978 4123670.6169474735 -1.629383942837234 9
302400.0633389211 4123670.4172938047 -1.6299217544282067 9
302400.05146937113 4123670.217646319 -1.6304315027460698 9
302400.0395124492 4123670.018004029 -1.6307075690319255 9
302400.0275591108 4123669.818361549 -1.6303896322981861 9
302400.01572707604 4123669.6187118916 -1.6295481250809538 9
302400.00405849784 4123669.4190525725 -1.6288449953145563 9
302399.9925013229 4123669.2193867182 -1.6284321797659569 9
302399.98100477044 4123669.019717382 -1.628181193761573 9
302399.9695648651 4123668.82004483 -1.6278606048239288 9
302399.95819638734 4123668.6203682106 -1.627466163230248 9
302399.9469121003 4123668.4206868014 -1.627023865848305 9
302399.9357193974 4123668.221000223 -1.6265488640312005 9
302399.9246256357 4123668.0213081045 -1.6260093843336287 9
302399.91367226426 4123667.821608246 -1.6250965836071471 9
302399.90294624574 4123667.6218960066 -1.6237324891956677 9
302399.8925370767 4123667.4221666865 -1.621931785097186 9
302399.88252649835 4123667.222416944 -1.6197445540006 9
302399.87299105636 4123667.0226443494 -1.6171749298427556 9
302399.8639821922 4123666.8228475386 -1.6146254213997602 9
302399.8554288951 4123666.6230302937 -1.6126166774133657 9
302399.84722316166 4123666.4231979516 -1.6111217016181998 9
302399.8393279763 4123666.2233531326 -1.6093331576917718 9
302399.83185614634 4123666.0234927265 -1.606885286478965 9
302399.8249333253 4123665.8236130984 -1.6039575879955652 9
302399.8185529696 4123665.6237149844 -1.6015652541935006 9
302399.8125813934 4123665.423803325 -1.599867564116965 9
302399.8069184332 4123665.223882251 -1.5981861916764706 9
302399.8017038513 4123665.0239498224 -1.5953648486787193 9
302399.7971688704 4123664.8240017844 -1.5914179630242675 9
302399.7934407704 4123664.624036519 -1.5875792676385119 9
302399.790407446 4123664.4240584793 -1.5844690426220276 9
302399.7879265898 4123664.22407285 -1.5819979799435033 9
302399.7859149886 4123664.0240826393 -1.579736516595386 9
302399.78434035135 4123663.8240889865 -1.5776282088932978 9
302399.78316289524 4123663.6240928546 -1.5758192790312662 9
302399.7822988778 4123663.424094669 -1.5744943424915705 9
302399.78165364143 4123663.224094699 -1.5735480404355966 9
302399.781282317 4123663.0240938873 -1.5714931440012896 9
302399.7814807917 4123662.8240942536 -1.5678500498946342 9
302399.782537728 4123662.6240978767 -1.5632309057680152 9
302399.7844528163 4123662.4241064517 -1.5593508543757235 9
302399.78705985774 4123662.2241214532 -1.5563000153229203 9
302399.7902699312 4123662.0241454677 -1.5530466617731147 9
302399.7942170209 4123661.824184211 -1.548928411640643 9
302399.7990663695 4123661.6242437614 -1.5441678327569242 9
302399.804819312 4123661.4243262648 -1.5400230464111797 9
302399.8113196106 4123661.224430084 -1.536691266289079 9
302399.81845439377 4123661.024555252 -1.5333599036841747 9
302399.8263647745 4123660.824711105 -1.5289232770779444 9
302399.83527105604 4123660.6249098834 -1.5234517800411358 9
302399.8452878126 4123660.4251601957 -1.5179879074716205 9
302399.8563622542 4123660.2254648996 -1.5128609944515188 9
302399.8684456794 4123660.025827585 -1.507686400932651 9
302399.88166013313 4123659.826263065 -1.5014876809665154 9
302399.89621815085 4123659.626792115 -1.4942296162218642 9
302399.91229439754 4123659.4274358344 -1.4863663009162242 9
302399.92997562274 4123659.2282159342 -1.4781220535230795 9
302399.94933175395 4123659.0291535426 -1.4696034181672537 9
302399.9703770679 4123658.8302618703 -1.4611661959522242 9
302399.993089517 4123658.631548963 -1.4528183341127703 9
302400.01756283233 4123658.4330422054 -1.4430429270786405 9
302400.0442096979 4123658.2348222095 -1.430894722530703 9
302400.0734601567 4123658.0369734457 -1.4172367985777359 9
302400.10528024903 4123657.8395150625 -1.4051044506107988 9
302400.1393190625 4123657.642421599 -1.3947057299792043 9
302400.17537208775 4123657.4456903157 -1.3842270804839694 9
302400.2135787486 4123657.2493716558 -1.3727779751579499 9
302400.25410231197 4123657.053518979 -1.3608097392472656 9
302400.29692548705 4123656.8581517627 -1.3493043538483709 9
302400.3419510252 4123656.6632748498 -1.33811751992463 9
302400.3892593882 4123656.4689409486 -1.3255980619974126 9
302400.4391633906 4123656.2752652992 -1.311340045908791 9
302400.4918615357 4123656.082331914 -1.2973331851584284 9
302400.54705383553 4123655.890088865 -1.2854610184634543 9
302400.6043547417 4123655.698461307 -1.2749229427237807 9
302400.66377739207 4123655.5074879862 -1.2630998363031418 9
302400.7255901541 4123655.3172802404 -1.2499507873992168 9
302400.7898787759 4123655.1278911377 -1.2373181173837744 9
302400.8564600718 4123654.9392881556 -1.2257073619038994 9
302400.9252658205 4123654.7514842 -1.2130827934365913 9
302400.99667840736 4123654.5646649105 -1.197841619138699 9
302401.07111804886 4123654.3790316302 -1.1810762704654647 9
302401.1486059072 4123654.194641359 -1.164976094915765 9
302401.22900659346 4123654.011496434 -1.1490932389940802 9
302401.3124617488 4123653.8297295906 -1.1312937886638013 9
302401.3993227987 4123653.6495723147 -1.1116524405927561 9
302401.489664485 4123653.4711281634 -1.0928788418551971 9
302401.5832116915 4123653.29433881 -1.075546094711976 9
302401.67973101535 4123653.119159816 -1.05893984023634 9
302401.77910268295 4123652.945589493 -1.0428411202893644 9
302401.88109129533 4123652.7735455595 -1.0290685181028554 9
302401.98516523436 4123652.6027480853 -1.0185166913592147 9
302402.0909355387 4123652.4329988803 -1.0083865232052787 9
302402.19853287167 4123652.264408628 -0.9968921230648266 9
302402.30803475453 4123652.0970482165 -0.9863934657622359 9
302402.4190603547 4123651.930689933 -0.9786507578386963 9
302402.5312182919 4123651.765095999 -0.9723390221230838 9
302402.6443868652 4123651.6001936262 -0.9664064277475085 9
302402.7584470721 4123651.435906596 -0.9617932152620382 9
302402.87309136806 4123651.272025506 -0.959290364727504 9
302402.98805178725 4123651.1083670403 -0.9575061086399163 9
302403.10333926324 4123650.94493846 -0.9552865423234527 9
302403.2191039054 4123650.781846421 -0.9512754766819141 9
302403.33574983256 4123650.619384933 -0.9444653078604179 9
302403.45363302634 4123650.4578174953 -0.9364350723223206 9
302403.5728245976 4123650.297211866 -0.9282310132515348 9
302403.6933320237 4123650.1375913997 -0.9200412366654273 9
302403.8151329453 4123649.978957316 -0.9119768471057571 9
302403.9381804196 4123649.821288507 -0.9043333906992832 9
302404.0623954969 4123649.664533122 -0.89693295410878 9
302404.18795398297 4123649.508853208 -0.8866284764904988 9
302404.31537475274 4123649.354699923 -0.8733942069996096 9
302404.4447407236 4123649.2021683645 -0.8617710517381486 9
302404.5757441633 4123649.0510363146 -0.8511935050128232 9
302404.7085077013 4123648.9014570336 -0.8381273197031458 9
302404.84329479886 4123648.753701141 -0.8249470567526529 9
302404.9797823877 4123648.607502633 -0.8149853308149941 9
302405.11776814435 4123648.4627196207 -0.8030852598812787 9
302405.2577743558 4123648.3199045416 -0.7876183627178619 9
302405.3996793662 4123648.1789637506 -0.7775723878727874 9
302405.54264762485 4123648.039095306 -0.7703840484058349 9
302405.6870748233 4123647.900750927 -0.756282272837379 9
302405.83356817317 4123647.764589768 -0.7421049857702688 9
302405.98175932694 4123647.6302634752 -0.7302119257832062 9
302406.13186527963 4123647.4980985443 -0.7124904620027704 9
302406.28438029793 4123647.368720857 -0.6960251993435911 9
302406.43847598054 4123647.241214454 -0.6867656229632803 9
302406.5939011647 4123647.115348899 -0.6736996022444661 9
302406.7511031643 4123646.99170707 -0.6597030656201495 9
302406.9099231658 4123646.8701341865 -0.6459133830944421 9
302407.07090576447 4123646.7514641667 -0.6234355041656293 9
302407.2343816331 4123646.63623676 -0.6064356127039705 9
302407.39926760725 4123646.5230380753 -0.5970385407142198 9
302407.56516258954 4123646.4113294673 -0.5881126668198897 9
302407.7321610547 4123646.301274753 -0.5767345892592219 9
302407.90049457573 4123646.1932748184 -0.5645882084872776 9
302408.0699798721 4123646.0870879316 -0.5551669703491819 9
302408.24039490195 4123645.9824027224 -0.546617014989623 9
302408.41168441216 4123645.8791537206 -0.5383110446354713 9
302408.583822205 4123645.77732653 -0.5300732608041807 9
302408.7567377035 4123645.676826748 -0.5232784787412943 9
302408.9302332659 4123645.5773264896 -0.5180061208434513 9
302409.1043907994 4123645.478994013 -0.5092526436723839 9
302409.2795628686 4123645.3824813683 -0.4980191760454979 9
302409.45576822886 4123645.28786146 -0.4876737094679727 9
302409.63296552154 4123645.1951158023 -0.47645007406350764 9
302409.81123582606 4123645.1044555833 -0.46485095188781944 9
302409.9904296549 4123645.0156244333 -0.45591973578502126 9
302410.1704868038 4123644.9285611254 -0.44389179581812027 9
302410.3517755883 4123644.8440996264 -0.42812023631036966 9
302410.53435633786 4123644.7624468715 -0.4127467204371182 9
302410.7183290514 4123644.683999968 -0.3922538310489385 9
302410.903892295 4123644.6093999282 -0.37406555356302046 9
302411.0905587125 4123644.5375502384 -0.3580309016082962 9
302411.27897506626 4123644.470528872 -0.32480666572398276 9
302411.46926148044 4123644.408899317 -0.30475377090929595 9
302411.66051628295 4123644.350385393 -0.2874861239471658 9
302411.85295714915 4123644.2959415223 -0.26429179882548953 9
302412.04650676245 4123644.2455218765 -0.24631328403738267 9
302412.2408314135 4123644.198208914 -0.23171835580135483 9
302412.4357644147 4123644.153477185 -0.22016885403584135 9
302412.63110313524 4123644.110538956 -0.21329886788088212 9
302412.82668339304 4123644.068724769 -0.2079423284878393 9
302413.0224882262 4123644.027968962 -0.20233974174029234 9
302413.2185498469 4123643.988464689 -0.19496533562001672 9
302413.4149326663 4123643.9506017626 -0.18588565856825784 9
302413.6116392735 4123643.914447957 -0.17793003445166267 9
302413.8086008629 4123643.8796973713 -0.17150135430896177 9
302414.005778712 4123643.846204979 -0.1649006990120772 9
302414.20318109775 4123643.8140764576 -0.15769677941154814 9
302414.4008042131 4123643.7833336107 -0.15120782046753567 9
302414.59860253846 4123643.753723613 -0.14623363364277317 9
302414.7965289158 4123643.7249822705 -0.14205429046803061 9
302414.99458674394 4123643.6971727367 -0.13673663914945441 9
302415.1928074947 4123643.6705400194 -0.1301713260015547 9
302415.39121936244 4123643.645344084 -0.12220460367722069 9
302415.58984154236 4123643.6218776335 -0.11274921711157075 9
302415.78869097435 4123643.600432466 -0.1019783925150818 9
302415.9877664274 4123643.581174771 -0.09085965071581965 9
302416.18704938155 4123643.5641512237 -0.07954127762070802 9
302416.38652053697 4123643.549436504 -0.0674669564672803 9
302416.58616005565 4123643.5372923757 -0.05377166434474737 9
302416.7859477465 4123643.5280425483 -0.0386477843395955 9
302416.9858527016 4123643.5217219535 -0.02495994638131843 9
302417.18582683627 4123643.517902523 -0.013626828095760445 9
302417.3858245406 4123643.5161519083 -0.0039770746322462655 9
302417.58582633245 4123643.516280755 0.005188855687931581 9
302417.7858228098 4123643.518203261 0.014122624551344309 9
302417.98579237587 4123643.5220516147 0.024707135181919068 9
302418.1856985511 4123643.52822313 0.03735547575802673 9
302418.3855092774 4123643.536973207 0.049857473602458936 9
302418.58521018346 4123643.5480323355 0.060472023022436525 9
302418.78479164524 4123643.5610348466 0.06945168309523497 9
302418.98425317707 4123643.575723062 0.07739281813533765 9
302419.18359898793 4123643.591894484 0.0843440830087868 9
302419.38283537375 4123643.60936475 0.09044235970450246 9
302419.58197046333 4123643.627969252 0.09582126444020385 9
302419.78099393577 4123643.647727221 0.10239399468945248 9
302419.97986280126 4123643.668980499 0.11085162722619812 9
302420.178529199 4123643.692072915 0.12077847092381469 9
302420.37694044295 4123643.7172518726 0.13187254193614983 9
302420.5750535133 4123643.744671485 0.14296491847945061 9
302420.77287255443 4123643.7741544954 0.152713402754019 9
302420.97040593455 4123643.805492241 0.16215152203940267 9
302421.16761244735 4123643.8388147005 0.17284249400603 9
302421.36443230475 4123643.8743632557 0.1847016419562345 9
302421.5607968486 4123643.9123408906 0.19755359175600065 9
302421.75665016426 4123643.952862502 0.21011412684343506 9
302421.9520314756 4123643.9956149408 0.22033114227108055 9
302422.14700342086 4123644.0401907475 0.2291644079243267 9
302422.3415763966 4123644.0864690566 0.2378196848536838 9
302422.53575328836 4123644.1343828174 0.24585309420398221 9
302422.72956483817 4123644.183757388 0.25287879739647706 9
302422.9230359289 4123644.2344459854 0.25966375923537127 9
302423.1161484291 4123644.2864865675 0.2668660201281734 9
302423.30886545934 4123644.3399827196 0.274900296206523 9
302423.5011068378 4123644.395153841 0.2842793826925463 9
302423.6928074952 4123644.4521638025 0.29321557145563265 9
302423.8841175451 4123644.5104842368 0.29784044962320244 9
302424.07527440065 4123644.5693074777 0.29921772635896376 9
302424.2662925007 4123644.6285697594 0.30295098350400784 9
302424.4569972194 4123644.688837685 0.3097388616253619 9
302424.6472054714 4123644.750667609 0.3192806239658503 9
302424.83672942873 4123644.81455893 0.33145878283496844 9
302425.02539503155 4123644.8809525403 0.34536713149931103 9
302425.21310730337 4123644.9500007257 0.359652130304052 9
302425.39980158815 4123645.02174915 0.3740639947743786 9
302425.58548538934 4123645.096073227 0.38715843896532404 9
302425.7702384599 4123645.172678035 0.3987055626607299 9
302425.9541408353 4123645.2512917053 0.4090540413145882 9
302426.13726593944 4123645.3317126287 0.41837822835530736 9
302426.3196226093 4123645.4138783887 0.4290320069214206 9
302426.5008938229 4123645.4983886015 0.44423122505534407 9
302426.68068984826 4123645.5859858003 0.4623604095390017 9
302426.8589567665 4123645.676678662 0.47849403663874296 9
302427.0358439793 4123645.770033961 0.4924237381136537 9
302427.21148660063 4123645.865696803 0.5047726429149968 9
302427.3860069291 4123645.963384922 0.5154239790327261 9
302427.5596489748 4123646.062625644 0.5222926372772281 9
302427.73282252875 4123646.162684471 0.5249467800324404 9
302427.90577831847 4123646.263112971 0.5275567089580268 9
302428.07836801826 4123646.3641743097 0.5322576110966462 9
302428.25035361503 4123646.4662753996 0.5398848280201639 9
302428.4213467459 4123646.5700171897 0.5514346316522903 9
302428.5909512684 4123646.6760000475 0.5652997320011354 9
302428.7592653419 4123646.7840372035 0.5752293188623175 9
302428.9267511378 4123646.8933623726 0.5806798373578024 9
302429.093799911 4123647.003340105 0.5834537461426699 9
302429.26064712234 4123647.113618169 0.5842966656677415 9
302429.4274587082 4123647.223953511 0.5849405964250324 9
302429.5940161324 4123647.3346732985 0.5890032576092227 9
302429.75992729166 4123647.446362005 0.5965292732897742 9
302429.9248766915 4123647.5594741725 0.6058245884938019 9
302430.08870581334 4123647.67419847 0.6161607470800896 9
302430.25128871767 4123647.7906734725 0.6270213741893297 9
302430.41266631853 4123647.9088175404 0.6366349577338626 9
302430.5729914309 4123648.028401344 0.644870181499477 9
302430.73229832144 4123648.149344555 0.654364971824517 9
302430.89024596225 4123648.2720389483 0.6670376417278021 9
302431.0464368527 4123648.3969474207 0.682113342078128 9
302431.20084020507 4123648.5240733977 0.695019793807144 9
302431.35378735006 4123648.6529665906 0.7050115882864216 9
302431.5054857856 4123648.7833229136 0.7153707248274438 9
302431.65556803736 4123648.9155217023 0.7295197376890552 9
302431.8035221968 4123649.05011102 0.7472101764985035 9
302431.94892519026 4123649.1874673795 0.7669980841155492 9
302432.09144142934 4123649.327798438 0.7886429302462661 9
302432.23091418867 4123649.4711450436 0.808927914752461 9
302432.3677329559 4123649.6170501434 0.8255057058143302 9
302432.50231985404 4123649.7650267417 0.8404555085778175 9
302432.63438690157 4123649.915233295 0.8594095997529859 9
302432.7632592824 4123650.068179328 0.8821838433380688 9
302432.8885850071 4123650.224064478 0.9049780839834971 9
302433.01038961526 4123650.3827262362 0.9270392438472183 9
302433.1286846703 4123650.544014839 0.9489405670004585 9
302433.24340344855 4123650.7078541373 0.9709656456901367 9
302433.3545853589 4123650.8741081497 0.9911047120962877 9
302433.4627247201 4123651.0423688414 1.0074123002920854 9
302433.56834340014 4123651.2122191507 1.021701494363645 9
302433.67141858593 4123651.3836165345 1.0372418411169086 9
302433.771707056 4123651.556665994 1.0540925457443855 9
302433.8689523851 4123651.731443441 1.0722366096032618 9
302433.96294117067 4123651.907983929 1.0903785995757407 9
302434.0540990579 4123652.0860090954 1.1038914718587385 9
302434.14326666074 4123652.2650394007 1.1131521332895535 9
302434.23087353527 4123652.444831566 1.1215403185375805 9
302434.31700519094 4123652.625338013 1.1297338364270124 9
302434.4015364067 4123652.806599865 1.1394217808448222 9
302434.4841590588 4123652.988733691 1.1503454577562398 9
302434.56498244527 4123653.1716759694 1.1586629861879192 9
302434.64457305335 4123653.3551658955 1.1643836676347163 9
302434.72285444645 4123653.5392133263 1.1737371671309489 9
302434.79897315335 4123653.7241558493 1.187068873685495 9
302434.87288763904 4123653.9099986227 1.1965111739375343 9
302434.94553969195 4123654.0963435126 1.2012308723686798 9
302435.0172480534 4123654.2830466633 1.2074079360863035 9
302435.0875526313 4123654.470281969 1.216075094261124 9
302435.15614162886 4123654.6581560215 1.2254958188172431 9
302435.22292462044 4123654.8466780884 1.235127139054356 9
302435.2879736261 4123655.035805537 1.243719710617205 9
302435.35149740643 4123655.225453507 1.2515785771286718 9
302435.41336250934 4123655.415646799 1.261456841044017 9
302435.47314090043 4123655.6065043784 1.2730587301368756 9
302435.5307890259 4123655.798019496 1.2835259526093046 9
302435.58654898364 4123655.990092225 1.2929872999812413 9
302435.64045863494 4123656.1826912668 1.3028461064903303 9
302435.6923892327 4123656.3758369605 1.31381596266622 9
302435.74195767945 4123656.5695994697 1.3273082325756307 9
302435.7887640957 4123656.764046508 1.3414687057989696 9
302435.8330461805 4123656.9590877877 1.3532032371764535 9
302435.8752315812 4123657.154590366 1.3631579248440304 9
302435.91558002564 4123657.350479603 1.3719859659739746 9
302435.95426167786 4123657.546704998 1.3803169527179944 9
302435.9913226346 4123657.74324184 1.3884180159492834 9
302436.026923945 4123657.940048248 1.3949082138917797 9
302436.0614438071 4123658.1370482813 1.3996037848187708 9
302436.0950372385 4123658.3342072302 1.4045682167535898 9
302436.1276075207 4123658.5315368106 1.4096386987849097 9
302436.1593710502 4123658.7289989213 1.412575333553021 9
302436.1907959718 4123658.9265154013 1.4129878402736897 9
302436.22242500976 4123659.123998255 1.4104933052931241 9
302436.25473738246 4123659.32137052 1.4067426618102343 9
302436.2876685361 4123659.5186412986 1.4042460952858293 9
302436.3209610086 4123659.7158509935 1.4031025717974166 9
302436.3543386271 4123659.9130460056 1.4033645385880373 9
302436.38758916216 4123660.1102625583 1.4041915580959805 9
302436.42066909786 4123660.307508194 1.4049517919431591 9
302436.45378829987 4123660.5047471304 1.4034289114433403 9
302436.4874673548 4123660.701890425 1.3997983129035731 9
302436.52169028536 4123660.898940901 1.3983374772524422 9
302436.5559975979 4123661.0959770405 1.398190002270472 9
302436.59056326805 4123661.2929671593 1.3955542181534348 9
302436.625759866 4123661.4898455045 1.3926841876034408 9
302436.6612511507 4123661.686671644 1.3924957765810586 9
302436.69675377227 4123661.8834953927 1.391830537197808 9
302436.73258905066 4123662.080258695 1.3892152729444793 9
302436.7690374342 4123662.276909668 1.385740283217508 9
302436.8062299284 4123662.4734216165 1.381660880265301 9
302436.8442746737 4123662.669769961 1.3770675766934575 9
302436.8831531884 4123662.865954435 1.3739073076961088 9
302436.9222609436 4123663.0620940393 1.3746177833266797 9
302436.96125266294 4123663.258256688 1.3738443765433543 9
302437.0007993621 4123663.4543072777 1.369228368306049 9
302437.0413078589 4123663.650162441 1.3646364228153463 9
302437.0826153082 4123663.845851151 1.360962797446281 9
302437.12464216235 4123664.041385906 1.3571481383647024 9
302437.1674472004 4123664.2367518353 1.3530239995697653 9
302437.2110694896 4123664.4319372093 1.3488013947159585 9
302437.2555166363 4123664.626935996 1.344688080899376 9
302437.30064821214 4123664.8217775496 1.3419369092796873 9
302437.346161738 4123665.0165300933 1.3406710429328785 9
302437.391893691 4123665.211230983 1.3394610561833684 9
302437.4378958104 4123665.4058695175 1.3378681877940568 9
302437.4843626644 4123665.600398688 1.3343011014942208 9
302437.5317989567 4123665.7946913596 1.327889506506878 9
302437.5806520376 4123665.988633146 1.3203640698542916 9
302437.6308527892 4123666.182232841 1.313995025126024 9
302437.6821814636 4123666.3755356376 1.308603991075089 9
302437.7345024448 4123666.568571087 1.3036968313989832 9
302437.7877320623 4123666.7613584455 1.2990894287929229 9
302437.8418795131 4123666.9538899623 1.2941141604439508 9
302437.89702221827 4123667.146138031 1.2888431768210378 9
302437.95311822236 4123667.338110462 1.2843213549639636 9
302438.00999397156 4123667.529854093 1.2806111385550163 9
302438.06761953747 4123667.7213731413 1.276274178120713 9
302438.12616960966 4123667.912611086 1.2709944762704657 9
302438.1857515846 4123668.1035307366 1.2656289136238874 9
302438.24633748486 4123668.294134059 1.2605027954338912 9
302438.30781935685 4123668.484449911 1.2563623309524317 9
302438.36996886646 4123668.6745486986 1.2534841402181556 9
302438.4325422591 4123668.8645079313 1.2519072728681033 9
302438.495294114 4123669.054408957 1.251457433567539 9
302438.5582396429 4123669.2442458957 1.2493730739714308 9
302438.6218145916 4123669.4338715775 1.2450728374708024 9
302438.6860957152 4123669.6232598964 1.2425957533817829 9
302438.75057546137 4123669.812581677 1.2425874773796637 9
302438.8151817589 4123670.0018594754 1.2406671313961621 9
302438.88039789314 4123670.190927027 1.2365891123222252 9
302438.9462749593 4123670.379766509 1.2340446235329467 9
302439.0124620184 4123670.56849799 1.2329243427486294 9
302439.0789476846 4123670.757123635 1.2306836433726034 9
302439.14596816665 4123670.945559725 1.2274965431382743 9
302439.21354613575 4123671.1337972153 1.2248626997203294 9
302439.2815556606 4123671.3218791233 1.22290950507378 9
302439.34986813174 4123671.509850948 1.221639636663359 9
302439.41836082353 4123671.697757195 1.2208782454053917 9
302439.4870281296 4123671.8855996984 1.2196850575886768 9
302439.55597347306 4123672.0733405175 1.2179104082506853 9
302439.6253139072 4123672.2609358663 1.2154612564827292 9
302439.69517854264 4123672.4483364234 1.212338028661214 9
302439.76564123336 4123672.635513152 1.2092272708245069 9
302439.83665481815 4123672.82248161 1.206448532911806 9
302439.90814681223 4123673.009267249 1.2041611491779942 9
302439.98000393447 4123673.195912969 1.2025384197781608 9
302440.05212657363 4123673.3824567124 1.201047678564984 9
302440.1246345116 4123673.5688505545 1.198350769854379 9
302440.19775629754 4123673.7550039697 1.1945949260129456 9
302440.27157396934 4123673.9408831797 1.1910032045751704 9
302440.34602709056 4123674.126509558 1.187704033210033 9
302440.4211271015 4123674.311874888 1.1838957710811822 9
302440.4970000402 4123674.496923992 1.179396906456873 9
302440.57364813244 4123674.681653502 1.175893178655642 9
302440.650776076 4123674.8661843752 1.174196960636982 9
302440.72816468915 4123675.0506058508 1.1725517667788505 9
302440.805977035 4123675.2348477286 1.1695947465073009 9
302440.88438901544 4123675.4188350076 1.1664331106350438 9
302440.9632846083 4123675.602616914 1.1643421614852085 9
302441.04254634026 4123675.7862422066 1.1618498445576366 9
302441.12250472367 4123675.969562921 1.1567173380275344 9
302441.2035025316 4123676.1524261446 1.1515974725085745 9
302441.2850587773 4123676.3350431873 1.1506592444690948 9
302441.3665219267 4123676.5177009944 1.151714230467142 9
302441.4479086109 4123676.700392334 1.1514666127274478 9
302441.52945834683 4123676.883011484 1.1499660198837782 9
302441.6113834353 4123677.0654623676 1.1473558119745895 9
302441.69385750586 4123677.2476653615 1.1442642256171223 9
302441.77679520193 4123677.429658331 1.1423373692129632 9
302441.85997985426 4123677.6115387194 1.1413753795262878 9
302441.9433548175 4123677.793331534 1.1401390720919324 9
302442.0269900101 4123677.9750045068 1.1385796754028872 9
302442.11086859944 4123678.156565411 1.1375921245746736 9
302442.1948546803 4123678.3380769338 1.1373762177149294 9
302442.27889909316 4123678.519561474 1.136620692407916 9
302442.36319846613 4123678.7009273414 1.1345639614458929 9
302442.4479630291 4123678.8820764027 1.1317225613101718 9
302442.5332250591 4123679.0629922384 1.129091630836662 9
302442.61894018936 4123679.24369368 1.1267398952916967 9
302442.7050316186 4123679.424215945 1.1249586650270733 9
302442.7913883329 4123679.604611553 1.1237889381483785 9
302442.8779445515 4123679.78491146 1.1225878500942021 9
302442.9647525695 4123679.9650902078 1.1209946163897087 9
302443.0518810306 4123680.145114401 1.119045967961964 9
302443.1393865299 4123680.324955612 1.1168046266888787 9
302443.2273202884 4123680.504587684 1.1142950131794656 9
302443.3157188484 4123680.6839915724 1.1116387773476089 9
302443.40460579266 4123680.8631544965 1.10882984412208 9
302443.49404092197 4123681.0420445837 1.1054303214789805 9
302443.58415075665 4123681.2205948317 1.1012793421448348 9
302443.6749871727 4123681.3987763925 1.097663479347017 9
302443.7663294449 4123681.5767001184 1.0956015873296578 9
302443.85794318013 4123681.754484029 1.0942545596684405 9
302443.9498538992 4123681.9321139255 1.0922374596073328 9
302444.0421771828 4123682.10952977 1.0896951290222485 9
302444.13495731447 4123682.286707509 1.0871104880483062 9
302444.2281972445 4123682.463643914 1.0844799575831046 9
302444.32192086 4123682.640324453 1.0816200817767894 9
302444.41617120197 4123682.816724268 1.0785416724299943 9
302444.51093897125 4123682.9928467455 1.075865307057891 9
302444.6061232391 4123683.168744711 1.073810116432668 9
302444.70161941455 4123683.344473279 1.072286138103723 9
302444.79734438506 4123683.5200772006 1.0712046637357389 9
302444.89322408783 4123683.6955966353 1.0704618803619879 9
302444.9892373401 4123683.8710430553 1.0696521736565667 9
302445.0854022261 4123684.0464066234 1.068728947827595 9
302445.1817564973 4123684.221666389 1.0674286641848045 9
302445.2783840423 4123684.396775273 1.0656073501130598 9
302445.375364918 4123684.5716882846 1.0635443937499836 9
302445.47265256103 4123684.746431188 1.0621549265302697 9
302445.5701182518 4123684.9210756547 1.06150435862893 9
302445.6677089744 4123685.0956506603 1.0603724203251081 9
302445.76561906823 4123685.270045704 1.0578385228842102 9
302445.86408553 4123685.4441262404 1.05416922339658 9
302445.96313572687 4123685.6178762065 1.0513955546629408 9
302446.0625535944 4123685.7914171275 1.0499397938385622 9
302446.1621392473 4123685.964861409 1.0491971489339642 9
302446.26188120374 4123686.1382151223 1.0481163295698424 9
302446.3618410348 4123686.3114431095 1.0466970493963337 9
302446.46204969875 4123686.4845275776 1.0453200217806902 9
302446.562480025 4123686.6574837044 1.0441356936517399 9
302446.6630992762 4123686.8303298503 1.043119953313194 9
302446.76388662093 4123687.003077919 1.0421832156789357 9
302446.8648297333 4123687.175735208 1.0413170469179687 9
302446.9658868592 4123687.348326113 1.0410718745888978 9
302447.0668714668 4123687.520959141 1.0421583725096017 9
302447.1675536295 4123687.6937680063 1.0445144546981588 9
302447.26785172214 4123687.866800267 1.0461617896547497 9
302447.3680068426 4123688.0399159966 1.0461699878833963 9
302447.4682942781 4123688.2129553882 1.0448676978128304 9
302447.5687256749 4123688.38591124 1.0448526911048166 9
302447.66899973433 4123688.5589574925 1.046682275547638 9
302447.7688196599 4123688.732265509 1.0497386832833928 9
302447.8681838578 4123688.9058361524 1.0517891271665751 9
302447.96729726123 4123689.0795509983 1.0526316387071168 9
302448.06634279 4123689.2533042864 1.05283722089411 9
302448.16530669114 4123689.4271034487 1.0536004442701905 9
302448.2640860231 4123689.6010072506 1.0549588971292772 9
302448.36259791156 4123689.77506292 1.0565505960590258 9
302448.4608465054 4123689.94926766 1.057984407578884 9
302448.5588590279 4123690.1236054064 1.0592604403388866 9
302448.6566614225 4123690.298060962 1.0603986585147789 9
302448.75427607005 4123690.4726215466 1.0614117140052781 9
302448.8517248149 4123690.6472747503 1.0622931967266964 9
302448.94904423953 4123690.8220000253 1.0628491480700932 9
302449.04630292073 4123690.996759156 1.0629886082625286 9
302449.1435735954 4123691.17151163 1.0627167446440389 9
302449.24089818174 4123691.3462340906 1.0624941700432813 9
302449.33823127556 4123691.520951792 1.06261926710882 9
302449.43551211315 4123691.6956985407 1.0630920360480383 9
302449.5326888784 4123691.8705031658 1.06371565778948 9
302449.6297802335 4123692.045355295 1.0640560384575595 9
302449.72683821537 4123692.220225993 1.0640975744983412 9
302449.82391501305 4123692.3950862414 1.0638455394714015 9
302449.9210432096 4123692.569917922 1.0635783810775368 9
302450.01820563775 4123692.7447305727 1.0634538891768166 9
302450.1153773572 4123692.9195380565 1.063472063786598 9
302450.21253346076 4123693.094354215 1.0636296603292437 9
302450.30965902883 4123693.269187342 1.0637884747790451 9
302450.406763132 4123693.444032397 1.0638752263177234 9
302450.5038583686 4123693.6188823795 1.0638899149514995 9
302450.6009573369 4123693.79373029 1.063832540682882 9
302450.69807057123 4123693.9685702748 1.0637457474471896 9
302450.7951947642 4123694.143404171 1.0637087493514217 9
302450.89232091745 4123694.318236978 1.0637233208858143 9
302450.98944001494 4123694.4930737033 1.0637894620504786 9
302451.0865430878 4123694.667919331 1.0639034648235195 9
302451.1836291993 4123694.8427743823 1.0639606346567558 9
302451.2807144585 4123695.0176299065 1.0639132143132743 9
302451.3778171513 4123695.192475746 1.063761203788271 9
302451.4749555635 4123695.367301742 1.0635046030819673 9
302451.5721475695 4123695.542097965 1.0631630465937398 9
302451.6693904374 4123695.7168659293 1.062958482262739 9
302451.7666516398 4123695.8916236986 1.0629532643175785 9
302451.86389632116 4123696.0663906294 1.0631473927875523 9
302451.9610896264 4123696.241186078 1.0635408678586737 9
302452.0581968271 4123696.4160293313 1.0641247442153334 9
302452.1551995904 4123696.590930562 1.064692599101056 9
302452.2521119979 4123696.7658819365 1.0651581091428275 9
302452.348951937 4123696.9408735023 1.065521274475814 9
302452.4457372949 4123697.1158953086 1.0657820953228345 9
302452.5424859589 4123697.2909374046 1.065940571880242 9
302452.6392128851 4123697.46599147 1.0660484551062 9
302452.73592028936 4123697.641056277 1.066163431422127 9
302452.83260692674 4123697.816132522 1.0662855427627547 9
302452.92927155254 4123697.991220904 1.066414789110454 9
302453.0259129218 4123698.1663221205 1.0665511704443218 9
302453.1225297626 4123698.3414368825 1.0666954748908422 9
302453.2191203668 4123698.5165661327 1.0668511739482534 9
302453.31568267266 4123698.691710996 1.067018677503494 9
302453.41221460886 4123698.8668726073 1.0671979855670743 9
302453.50871410366 4123699.0420520976 1.0673890981481602 9
302453.60517908586 4123699.217250599 1.0675919657924282 9
302453.7016077494 4123699.3924690974 1.0678026643572427 9
302453.7979990229 4123699.5677081672 1.068018718735826 9
302453.89435196127 4123699.7429683115 1.0682401289519254 9
302453.9906656196 4123699.918250037 1.0684668950283596 9
302454.08693905274 4123700.0935538453 1.0686990169868291 9
302454.18317151925 4123700.268880132 1.0689302018014173 9
302454.2793659727 4123700.4442272712 1.0691297038086431 9
302454.3755285835 4123700.619591883 1.0692934130458636 9
302454.47166562965 4123700.7949705273 1.0694213295033577 9
302454.5677833891 4123700.9703597636 1.0695134531827817 9
302454.66388813994 4123701.1457561525 1.0695697840922525 9
302454.75998424104 4123701.3211573027 1.0696290781923996 9
302454.85606380244 4123701.4965675157 1.0697595296031523 9
302454.9521141181 4123701.6719937236 1.0699624171323314 9
302455.04812247056 4123701.8474428644 1.0702377408536141 9
302455.1440761422 4123702.0229218784 1.0705855008323613 9
302455.2399624156 4123702.1984377024 1.071005697082276 9
302455.3357742903 4123702.3739941553 1.071398691617389 9
302455.4315290081 4123702.549581823 1.0716569058178824 9
302455.52725023485 4123702.725187782 1.0717803005875606 9
302455.62296163687 4123702.900799113 1.0717688759959705 9
302455.71868687996 4123703.076402892 1.0716226320482416 9
302455.81444962823 4123703.2519862 1.0713420827950673 9
302455.9102666445 4123703.427539884 1.0710356968211856 9
302456.00613251666 4123703.603066896 1.0707854597425683 9
302456.1020373874 4123703.7785726152 1.0705913715720559 9
302456.19797139894 4123703.9540624213 1.0704534322971464 9
302456.29392469407 4123704.129541694 1.0703716418983502 9
302456.3898874153 4123704.3050158117 1.070345922472632 9
302456.48585102224 4123704.4804894375 1.0703553633220537 9
302456.5818113157 4123704.655964865 1.070383641830454 9
302456.6777649906 4123704.8314439026 1.070430757999678 9
302456.7737087417 4123705.006928361 1.070496711830774 9
302456.8696392639 4123705.1824200456 1.07058150332349 9
302456.9655532519 4123705.357920766 1.0706851324755726 9
302457.0614484552 4123705.533431755 1.0707887006345431 9
302457.15732746536 4123705.7089515934 1.0708696342746817 9
302457.253194262 4123705.884478108 1.0709278897897012 9
302457.3490528249 4123706.0600091238 1.0709634671817225 9
302457.444907134 4123706.2355424636 1.070976366452391 9
302457.54076116916 4123706.411075954 1.0709665876023278 9
302457.6366185629 4123706.5866076075 1.070941998602323 9
302457.732479973 4123706.762137065 1.0709215073964433 9
302457.8283445468 4123706.937664794 1.0709059423233382 9
302457.92421142006 4123707.113191266 1.0708953033832003 9
302458.0200797281 4123707.288716953 1.070889590576148 9
302458.1159486066 4123707.4642423294 1.0708888039022348 9
302458.2118172344 4123707.639767843 1.0708915322267152 9
302458.3076856783 4123707.8152934574 1.0708901145500858 9
302458.4035548362 4123707.9908186826 1.0708833995378417 9
302458.4994256376 4123708.16634301 1.0708713871899915 9
302458.59529901255 4123708.3418659316 1.070854077506528 9
302458.69117589056 4123708.51738694 1.070831470487437 9
302458.78705718194 4123708.6929055373 1.0708045153098422 9
302458.8829427694 4123708.8684217883 1.0707843381473736 9
302458.9788310223 4123709.0439365827 1.070774141766524 9
302459.0747201889 4123709.2194508784 1.0707739261672793 9
302459.17060851725 4123709.3949656314 1.0707836913496798 9
302459.2664942556 4123709.5704817986 1.0708034373138198 9
302459.3623756793 4123709.746000322 1.0708318584735508 9
302459.4582524417 4123709.9215213913 1.0708541674507668 9
302459.55412618996 4123710.097044107 1.0708662043469679 9
302459.6499987274 4123710.2725674855 1.070867969162136 9
302459.74587185704 4123710.4480905416 1.0708594618964025 9
302459.8417473822 4123710.623612291 1.070840682550045 9
302459.93762688077 4123710.7991318726 1.0708184800486287 9
302460.0335079967 4123710.974650572 1.0708252023479585 9
302460.129385029 4123711.1501715 1.070865006097411 9
302460.2252521701 4123711.325697828 1.070937891299072 9
302460.3211036126 4123711.5012327256 1.0710438579556136 9
302460.4169335487 4123711.6767793614 1.0711829060679028 9
302460.5127386536 4123711.8523395513 1.0713103183512782 9
302460.60852718755 4123712.027908787 1.0713715700447082 9
302460.704310788 4123712.2034807173 1.071366530278526 9
302460.80010109296 4123712.3790489896 1.0712951990539639 9
302460.89590974007 4123712.554607253 1.0711575763706178 9
302460.99174811697 4123712.730149293 1.070962143432273 9
302461.0876219639 4123712.905671968 1.0707589567974318 9
302461.18353143416 4123713.081175184 1.0705562222855793 9
302461.2794764431 4123713.2566589727 1.0703539398785133 9
302461.3754569055 4123713.4321233677 1.0701521095579631 9
302461.47147270024 4123713.6075684233 1.0699534736539489 9
302461.56751816807 4123713.782997229 1.0698289485832437 9
302461.66357624484 4123713.95841913 1.069809718250586 9
302461.75962846074 4123714.133844244 1.069895782655281 9
302461.85565634584 4123714.3092826856 1.0700871417822977 9
302461.9516414438 4123714.484744565 1.0703817361029486 9
302462.0475780966 4123714.6602329793 1.0705883671979373 9
302462.1434971751 4123714.835731009 1.0705820670885948 9
302462.2394360255 4123715.0112181893 1.070362835726184 9
302462.3354319941 4123715.1866740542 1.06993067284512 9
302462.43152241956 4123715.362078142 1.0692869671309133 9
302462.5277326146 4123715.5374165745 1.06861602651053 9
302462.6240515152 4123715.7126953895 1.0680471641551084 9
302462.7204612053 4123715.8879243764 1.0675803799109695 9
302462.8169437691 4123716.063113323 1.0672156734592828 9
302462.9134812934 4123716.238272017 1.0669524504591463 9
302463.0100633026 4123716.4134061537 1.066674006639888 9
302463.10670302314 4123716.5885083894 1.066293037139029 9
302463.2034183926 4123716.7635687888 1.0658095418127254 9
302463.3002273482 4123716.9385774177 1.0652235206692868 9
302463.39714781527 4123717.113524346 1.064536244307017 9
302463.4941934376 4123717.288401971 1.063807359870548 9
302463.5913673084 4123717.463208421 1.063069492413205 9
302463.6886709246 4123717.63794269 1.0623226410661057 9
302463.7861057828 4123717.8126037726 1.0615668049791465 9
302463.8836733316 4123717.987190691 1.0608060979315936 9
302463.9813650977 4123718.1617080686 1.0601730517449606 9
302464.07915063715 4123718.3361729337 1.0597313399646315 9
302464.1769965589 4123718.5106039774 1.0594809625976265 9
302464.27486947185 4123718.6850198926 1.0594219195036956 9
302464.37273633014 4123718.859439177 1.0595370469117893 9
302464.47058305686 4123719.0338697145 1.059617926866751 9
302464.56842401135 4123719.2083034753 1.0596031584750538 9
302464.66627588996 4123719.3827311224 1.0594927417420534 9
302464.7641553887 4123719.557143318 1.0592866767521771 9
302464.8620793011 4123719.731530666 1.0589818984348136 9
302464.9600661439 4123719.905882709 1.058563761835326 9
302465.058135911 4123720.080188086 1.0580303589480404 9
302465.1563086442 4123720.254435402 1.0573816891829906 9
302465.25460438506 4123720.4286132655 1.0566177521116453 9
302465.35303724656 4123720.602713641 1.0558664742786674 9
302465.4515773668 4123720.7767533916 1.0553927126523888 9
302465.5501751123 4123720.950760578 1.0552045747749519 9
302465.6487807549 4123721.1247633127 1.0553020603484948 9
302465.74734456954 4123721.2987897084 1.0556843455028024 9
302465.84583100636 4123721.472859861 1.0561240742232574 9
302465.9442513918 4123721.6469673673 1.0564431670880656 9
302466.0426267286 4123721.8211003537 1.0566416240472674 9
302466.1409780195 4123721.995246945 1.0567194451377597 9
302466.23932601936 4123722.169395406 1.056689192165267 9
302466.33767731016 4123722.3435420077 1.056708100980276 9
302466.4360169069 4123722.5176951955 1.0568234083443906 9
302466.5343280155 4123722.6918644407 1.0570351143009866 9
302466.63259384193 4123722.86605921 1.0573432188895318 9
302466.7307979073 4123723.040288797 1.0577349360581119 9
302466.82893437793 4123723.2145564836 1.0581046648421655 9
302466.9270103857 4123723.388858233 1.0584289139796468 9
302467.02503384766 4123723.563189567 1.0587076835212192 9
302467.1230126802 4123723.737546006 1.0589409735366688 9
302467.22095505195 4123723.911922931 1.0591199970600857 9
302467.318875134 4123724.086312362 1.059190375071314 9
302467.416793222 4123724.2607028913 1.0591427625145466 9
302467.51472988765 4123724.4350829576 1.0589771593442292 9
302467.6127057026 4123724.6094409986 1.0586935655074365 9
302467.71074084885 4123724.7837656713 1.0583088946016035 9
302467.8088400372 4123724.95805433 1.0579822543408282 9
302467.9069876926 4123725.132315733 1.0577528438243555 9
302468.005166865 4123725.3065594113 1.0576206629937628 9
302468.10336060426 4123725.480794896 1.057585711793663 9
302468.2015519895 4123725.6550317015 1.0576455157818685 9
302468.2997300292 4123725.829276008 1.0577210567052004 9
302468.39789682557 4123726.0035266355 1.0577744956684516 9
302468.4960562319 4123726.1777814175 1.0578058326645152 9
302468.59421210166 4123726.3520381874 1.0578150676895612 9
302468.6923682881 4123726.5262947795 1.0578022066833583 9
302468.7905280018 4123726.7005493892 1.0577780351283421 9
302468.8886920594 4123726.874801555 1.0577523667400883 9
302468.98686072114 4123727.04905113 1.0577252015181775 9
302469.0850342473 4123727.2232979657 1.0576965394621438 9
302469.18321289803 4123727.3975419137 1.0576663805714752 9
302469.2813969138 4123727.571782837 1.0576351479062844 9
302469.3795863904 4123727.746020682 1.0576037169076222 9
302469.47778135823 4123727.920255432 1.0575721143377557 9
302469.5759818473 4123728.0944870706 1.0575403401969743 9
302469.67418788787 4123728.268715581 1.0575083944855719 9
302469.77239958174 4123728.4429409066 1.0574739345953832 9
302469.8706184823 4123728.617162171 1.057424393588119 9
302469.9688474896 4123728.7913777363 1.0573579069246435 9
302470.067089555 4123728.9655859363 1.0572744746034157 9
302470.1653476297 4123729.1397851054 1.0571740966231564 9
302470.2636246109 4123729.3139736075 1.0570596973112967 9
302470.3619197746 4123729.48815185 1.0569726356703322 9
302470.4602265556 4123729.6623235387 1.0569263092123493 9
302470.55853785825 4123729.836492676 1.056920717936139 9
302470.65684658714 4123730.010663265 1.0569558618414103 9
302470.7551456499 4123730.184839309 1.0570313123749442 9
302470.853430405 4123730.3590234257 1.0571104433694765 9
302470.9517031032 4123730.5332143456 1.0571697519392889 9
302471.04996719724 4123730.7074101204 1.0572092380843359 9
302471.14822613966 4123730.8816088024 1.057228901804979 9
302471.24648338335 4123731.0558084426 1.0572287431015193 9
302471.3447421244 4123731.2300072387 1.0572138041441668 9
302471.4430040687 4123731.404204226 1.0571920533679982 9
302471.5412703863 4123731.5783987464 1.0571635898497205 9
302471.63954224647 4123731.75259014 1.0571284135892622 9
302471.73782081844 4123731.926777746 1.0570865245866083 9
302471.83610721707 4123732.1009609355 1.0570397773011453 9
302471.9344013336 4123732.27513977 1.0569991059654806 9
302472.0327018493 4123732.449314994 1.0569663012367607 9
302472.13100739376 4123732.62348738 1.056941363114904 9
302472.22931659693 4123732.797657701 1.0569242915998043 9
302472.32762808836 4123732.971826731 1.056915086691377 9
302472.42594070395 4123733.145995126 1.0569095210352146 9
302472.5242546221 4123733.3201627852 1.0568999905394862 9
302472.62257055874 4123733.494329306 1.0568863416113496 9
302472.720889231 4123733.668494281 1.0568685742508026 9
302472.8192113564 4123733.842657307 1.056846688457859 9
302472.9175376522 4123734.0168179786 1.0568206844338868 9
302473.01586872793 4123734.1909759515 1.056792394941501 9
302473.11420477665 4123734.365131117 1.0567635773034516 9
302473.21254588995 4123734.5392834228 1.0567342315196746 9
302473.31089215993 4123734.7134328163 1.0567043575901076 9
302473.4092436783 4123734.887579246 1.0566739555146896 9
302473.50760053704 4123735.0617226595 1.056643025293361 9
302473.60596267413 4123735.2358630905 1.056614288172177 9
302473.70432936127 4123735.410000953 1.0565907696592152 9
302473.80269968935 4123735.5841367575 1.0565724718515075 9
302473.9010727492 4123735.7582710194 1.0565593947490517 9
302473.9994476317 4123735.9324042513 1.0565515383518367 9
302474.0978234279 4123736.1065369677 1.056548902659851 9
302474.1961992686 4123736.2806696584 1.056550375919257 9
302474.29457483283 4123736.4548025057 1.0565517789113286 9
302474.39295019367 4123736.6289354675 1.0565527116298201 9
302474.491325433 4123736.8030684977 1.0565531740747311 9
302474.5897006327 4123736.9772015507 1.0565531662460612 9
302474.6880758747 4123737.151334579 1.0565526881438099 9
302474.78645124077 4123737.325467538 1.0565517397679762 9
302474.88482683466 4123737.4996003676 1.056549946158634 9
302474.9832028473 4123737.673732961 1.0565469311100986 9
302475.08157949126 4123737.8478651973 1.0565426946221148 9
302475.17995697935 4123738.0219969572 1.0565372366946906 9
302475.27833552426 4123738.19612812 1.056530557327837 9
302475.37671533873 4123738.370258566 1.0565226565215682 9
302475.4750966355 4123738.5443881755 1.0565135595085842 9
302475.5734793065 4123738.7185170087 1.0565083347600805 9
302475.6718622189 4123738.892645706 1.056510786258747 9
302475.770244036 4123739.066775021 1.0565209140046006 9
302475.868623421 4123739.2409057105 1.0565387179977372 9
302475.966999037 4123739.415038528 1.0565641982383132 9
302476.06536954717 4123739.5891742283 1.0565973547265144 9
302476.16373361467 4123739.7633135677 1.0566381874625113 9
302476.2620904085 4123739.9374570143 1.0566772040395664 9
302476.36044168874 4123740.111603574 1.0567014360022855 9
302476.45879004337 4123740.2857517875 1.056710807239821 9
302476.5571380605 4123740.4599001925 1.0567053177522838 9
302476.6554883283 4123740.6340473276 1.0566849675400063 9
302476.7538434352 4123740.8081917334 1.0566497566035797 9
302476.85220596904 4123740.982331947 1.0565996849439883 9
302476.95057813043 4123741.156466727 1.0565453031132561 9
302477.0489570148 4123741.3305977117 1.0565251632563533 9
302477.147336116 4123741.5047285743 1.0565428089838091 9
302477.24570885295 4123741.678863028 1.0565982402976055 9
302477.3440686443 4123741.8530047876 1.0566914572026767 9
302477.44240890845 4123742.0271575665 1.0568224597045348 9
302477.54072306433 4123742.20132508 1.056991247805277 9
302477.63900468015 4123742.3755109576 1.0571918729900742 9
302477.73725213704 4123742.5497161103 1.0573771548710316 9
302477.8354695398 4123742.7239382197 1.0575369431650963 9
302477.93366132746 4123742.898174775 1.0576712378805178 9
302478.03183193854 4123743.0724232686 1.0577800390275889 9
302478.1299858119 4123743.2466811906 1.0578633466160263 9
302478.22812738625 4123743.4209460337 1.0579211606528496 9
302478.32626110007 4123743.595215287 1.05795355378194 9
302478.42439016444 4123743.769487139 1.0579802064766446 9
302478.52251373866 4123743.9437620696 1.0580164986345375 9
302478.62063014763 4123744.118041033 1.0580624302513104 9
302478.7187377158 4123744.292324984 1.058118001319759 9
302478.8168347679 4123744.466614875 1.0581832118296546 9
302478.9149196284 4123744.640911661 1.0582580617675892 9
302479.0129906222 4123744.8152162964 1.058342551116795 9
302479.11104574177 4123744.989529918 1.05844622977307 9
302479.2090779451 4123745.1638564654 1.058608841401054 9
302479.3070762797 4123745.33820205 1.058834751850156 9
302479.4050296904 4123745.51257284 1.0591239612460954 9
302479.50292712235 4123745.6869750046 1.0594764697346188 9
302479.6007575202 4123745.8614147133 1.0598922774467339 9
302479.6985098289 4123746.0358981355 1.0603713844563372 9
302479.79617299535 4123746.2104314375 1.0609133990901607 9
302479.8937399093 4123746.3850185797 1.0614569416319406 9
302479.9912156707 4123746.5596566787 1.061957689490466 9
302480.0886077359 4123746.734341532 1.0624156427113849 9
302480.18592356093 4123746.909068938 1.0628308014104293 9
302480.28317060217 4123747.083834694 1.0632031657482548 9
302480.38035631564 4123747.258634598 1.0635327359076303 9
302480.47748815786 4123747.433464446 1.0638195120729823 9
302480.5745729914 4123747.60832037 1.0640779503048878 9
302480.6716116735 4123747.783201861 1.0643491389508355 9
302480.7686015718 4123747.9581103674 1.064635592823131 9
302480.86554001103 4123748.1330473595 1.0649373119298922 9
302480.96242431604 4123748.3080143086 1.0652542962681608 9
302481.0592518114 4123748.4830126856 1.0655865458217924 9
302481.15601982194 4123748.658043961 1.06593406055924 9
302481.25272578694 4123748.833109543 1.0662933811299629 9
302481.3493690857 4123749.008209752 1.0666486203972072 9
302481.4459507148 4123749.183344005 1.0669978041137222 9
302481.54247172014 4123749.35851169 1.0673409323537357 9
302481.63893314777 4123749.5337121957 1.0676780051946633 9
302481.73533604346 4123749.7089449125 1.0680090227167311 9
302481.83168145333 4123749.884209227 1.0683339850026061 9
302481.9279705632 4123750.0595044536 1.0686496542652164 9
302482.0242058392 4123750.2348292232 1.0689477122776752 9
302482.12039043364 4123750.4101817994 1.0692277396537948 9
302482.21652750496 4123750.5855604424 1.0694897363763654 9
302482.3126202121 4123750.760963412 1.0697337024404345 9
302482.40867171367 4123750.936388968 1.0699596378507519 9
302482.50468516833 4123751.111835372 1.0701675426193895 9
302482.60066230356 4123751.287301664 1.0703835967745141 9
302482.69659786305 4123751.4627906885 1.070641517272893 9
302482.79248446407 4123751.638306451 1.0709414351315407 9
302482.8883147231 4123751.8138529556 1.0712833504214452 9
302482.98408125713 4123751.9894342073 1.0716672631915767 9
302483.07977668266 4123752.1650542114 1.0720931734507981 9
302483.1753937523 4123752.3407168975 1.0725557846137561 9
302483.2709294632 4123752.516423871 1.0730140718815662 9
302483.3663857905 4123752.6921740086 1.0734593839846438 9
302483.46176499326 4123752.8679660326 1.0738917210503065 9
302483.55706933024 4123753.043798665 1.0743110832181422 9
302483.6523010603 4123753.219670628 1.0747174706378257 9
302483.7474624914 4123753.395580617 1.0751074039244557 9
302483.8425625163 4123753.571523785 1.0753981496610558 9
302483.93762319017 4123753.7474882067 1.0755546393138231 9
302484.03266813396 4123753.923461112 1.0755768728651478 9
302484.1277209688 4123754.0994297345 1.0754648502869903 9
302484.2228053156 4123754.2753813034 1.0752185715288598 9
302484.31794439605 4123754.451303267 1.0748552490760241 9
302484.413145493 4123754.62719169 1.074537516621521 9
302484.5083949395 4123754.8030539644 1.0743055750193895 9
302484.6036776428 4123754.978898252 1.0741594242282246 9
302484.698978511 4123755.154732716 1.0740990641981774 9
302484.7942824516 4123755.3305655182 1.0741244949032263 9
302484.88957519294 4123755.5064043775 1.0742172236161738 9
302484.98484944995 4123755.682253237 1.0743330513434635 9
302485.08010147 4123755.8581141303 1.07447006481184 9
302485.17532752774 4123756.0339890756 1.0746282640171605 9
302485.27052389784 4123756.2098800917 1.074807648948989 9
302485.3656868789 4123756.385789185 1.0750059936666019 9
302485.4608190553 4123756.561714955 1.0751380509722788 9
302485.5559376693 4123756.7376480666 1.0751602101209405 9
302485.6510620483 4123756.9135780516 1.0750724711159245 9
302485.7462115198 4123757.089494444 1.074874833918583 9
302485.84140541137 4123757.265386778 1.074567298480073 9
302485.9366620986 4123757.4412451005 1.0741784914033072 9
302486.0319836845 4123757.61706827 1.0738410807911487 9
302486.1273586189 4123757.7928625355 1.0735717342483415 9
302486.222774929 4123757.9686343735 1.0733704517264866 9
302486.3182206419 4123758.1443902617 1.0732372331668085 9
302486.41368378454 4123758.320136678 1.0731720785281287 9
302486.50915374944 4123758.495879363 1.0731484269327987 9
302486.60462786944 4123758.6716197673 1.0731242003089088 9
302486.70010634005 4123758.847357799 1.0730988700226107 9
302486.79558936035 4123759.0230933614 1.073072436078116 9
302486.89107712964 4123759.198826359 1.073044898480013 9
302486.98656985105 4123759.3745566956 1.0730157050839475 9
302487.082070966 4123759.5502825016 1.0729367486865033 9
302487.17759305326 4123759.725996912 1.0727770244082944 9
302487.2731502915 4123759.901692188 1.0725365321840044 9
302487.36875685974 4123760.07736059 1.0722152719258575 9
302487.46442693676 4123760.2529943776 1.0718132435706846 9
302487.5601746162 4123760.428585859 1.0713355824904216 9
302487.65600639326 4123760.6041314765 1.0708725816241003 9
302487.7519152666 4123760.7796350215 1.070457288913956 9
302487.8478928471 4123760.9551010383 1.0700897042710216 9
302487.94393074553 4123761.1305340743 1.0697698275693441 9
302488.0400205727 4123761.3059386737 1.0694976586710863 9
302488.1361541173 4123761.4813192883 1.0692672239850067 9
302488.23232711945 4123761.6566782296 1.0690436935268177 9
302488.32853919757 4123761.8320157146 1.068821427624067 9
302488.4247901332 4123762.007331869 1.068600426321443 9
302488.52107970795 4123762.1826268225 1.0683806896626338 9
302488.6174077033 4123762.357900701 1.0681622176903356 9
302488.71377487126 4123762.5331530934 1.0679240429102854 9
302488.81018926715 4123762.708379525 1.067622077392112 9
302488.9066622728 4123762.883573673 1.0672549154081625 9
302489.00320528616 4123763.058729205 1.0668225567592644 9
302489.09982970566 4123763.233839787 1.0663250012811247 9
302489.19654685806 4123763.408899127 1.0657674135949466 9
302489.29335822747 4123763.58390638 1.0652746492408314 9
302489.3902455053 4123763.7588716634 1.06490002355673 9
302489.4871880119 4123763.9338064035 1.0646435364719113 9
302489.5841650673 4123764.1087220297 1.0645051878525529 9
302489.6811559914 4123764.283629971 1.0644849776091347 9
302489.7781444658 4123764.458539243 1.0645015282750758 9
302489.875136456 4123764.6334465332 1.0644440197968381 9
302489.9721450265 4123764.8083446035 1.0643118148860518 9
302490.0691832448 4123764.9832262136 1.0641049135437246 9
302490.16626417823 4123765.158084124 1.0638233158159862 9
302490.2634003148 4123765.3329114085 1.0634801235352942 9
302490.3605991971 4123765.5077038435 1.0631067188751335 9
302490.4578658634 4123765.682458573 1.0627044666414738 9
302490.5552053321 4123765.857172749 1.062273366682308 9
302490.6526226219 4123766.0318435254 1.061813418866521 9
302490.7501207622 4123766.206469168 1.0613751429437022 9
302490.8476804864 4123766.3810604173 1.0611170887769326 9
302490.94526852784 4123766.5556358476 1.0610507787094658 9
302491.04285140324 4123766.7302141534 1.061176212734024 9
302491.1403956291 4123766.904814029 1.0614933909228532 9
302491.23787239584 4123767.07945156 1.0619019667715914 9
302491.33528742 4123767.2541235583 1.06219507788756 9
302491.43266188627 4123767.428818197 1.0623664640025496 9
302491.53001705254 4123767.603523613 1.0624161251769406 9
302491.62737417634 4123767.7782279393 1.0623440614387656 9
302491.7247520446 4123767.9529206906 1.0622004964333551 9
302491.8221536148 4123768.1276002144 1.062074145602714 9
302491.91957560176 4123768.3022683463 1.0619666947645783 9
302492.01701470464 4123768.4769269275 1.0618781439245357 9
302492.1144676227 4123768.6515778005 1.0618084930854295 9
302492.2119310259 4123768.826222824 1.0617582829385603 9
302492.3094014408 4123769.000863936 1.0617282072914025 9
302492.4068753502 4123769.175503099 1.0617182687615767 9
302492.50434923725 4123769.3501422745 1.0617284673487357 9
302492.6018195891 4123769.524783424 1.0617584467325476 9
302492.6992837533 4123769.699428026 1.0617967475138388 9
302492.79674098204 4123769.874076498 1.0618378674267674 9
302492.89419078274 4123770.0487291142 1.0618818064714173 9
302492.99163266306 4123770.2233861494 1.0619285646478396 9
302493.0890662321 4123770.398047821 1.0619751071378492 9
302493.1864927765 4123770.5727134114 1.0620078219517053 9
302493.28391495807 4123770.747381435 1.0620250654854375 9
302493.3813354789 4123770.9220503853 1.0620268377391222 9
302493.47875704145 4123771.0967187546 1.062013143785398 9
302493.5761815606 4123771.2713854746 1.061997224281868 9
302493.67360798584 4123771.4460511315 1.0619913181520748 9
302493.77103456814 4123771.620716701 1.0619954253960313 9
302493.8684595586 4123771.7953831577 1.0620095460137393 9
302493.9658814357 4123771.9700513515 1.0620276275078817 9
302494.0633015337 4123772.1447205376 1.0620285295475065 9
302494.1607231333 4123772.319388886 1.0620104338615546 9
302494.2581495527 4123772.494054546 1.0619733404500107 9
302494.355584093 4123772.6687156763 1.0619181061433585 9
302494.4530290982 4123772.843370969 1.0618552703775683 9
302494.55048546824 4123773.01801992 1.061787964143242 9
302494.6479539833 4123773.192662094 1.0617161874398036 9
302494.7454353218 4123773.3672971097 1.061644180468138 9
302494.84292647924 4123773.5419266443 1.0616089740378256 9
302494.9404198193 4123773.71655496 1.0616191830686683 9
302495.0379074109 4123773.891186484 1.0616748075609201 9
302495.1353836448 4123774.065824349 1.061734522863361 9
302495.23285322153 4123774.2404659293 1.0617509961874054 9
302495.3303237022 4123774.4151070053 1.0617241739088465 9
302495.42780190764 4123774.589743771 1.0616706745451456 9
302495.52528853045 4123774.7643758366 1.0616290931243677 9
302495.6227812369 4123774.9390045065 1.0616009962830528 9
302495.72027764324 4123775.1136311074 1.0615871060499873 9
302495.81777504634 4123775.288257153 1.0615897139364188 9
302495.91527054046 4123775.462884268 1.0616089895676286 9
302496.01276263903 4123775.637513285 1.0616072813914201 9
302496.11026748683 4123775.8121351833 1.0614545343301627 9
302496.2078131477 4123775.9867342734 1.0611397485332137 9
302496.30541997135 4123776.1612991816 1.0608314378242276 9
302496.4030513974 4123776.335850338 1.060866045717654 9
302496.50064779236 4123776.5104210703 1.0611844417742242 9
302496.5982035416 4123776.685014522 1.0612631271756183 9
302496.6957759929 4123776.8595986627 1.060997530407636 9
302496.7933903017 4123777.034159429 1.0609336342761162 9
302496.8909654186 4123777.208742051 1.061446274111671 9
302496.98841480515 4123777.383394832 1.0621878856035567 9
302497.08579839865 4123777.558084371 1.0621485059917364 9
302497.18326121004 4123777.732729816 1.0613582985716947 9
302497.28080600663 4123777.9073295477 1.0615437191160442 9
302497.3781768 4123778.0820260854 1.0633494406430926 9
302497.4751640285 4123778.2569359797 1.0655197142651376 9
302497.5718466913 4123778.432014618 1.0668316260498503 9
302497.66833346215 4123778.607200956 1.0679756701366043 9
302497.7645786883 4123778.782520664 1.0696216366634386 9
302497.86041616503 4123778.9580639764 1.0728715757986438 9
302497.9554986045 4123779.134016016 1.0780634255326882 9
302498.0496835507 4123779.3104509567 1.0826041263573727 9
302498.14318305603 4123779.487251392 1.0861471281958068 9
302498.2359430535 4123779.6644394975 1.0911957153099472 9
302498.3277037195 4123779.842146326 1.096793401708207 9
302498.41865725594 4123780.0202696044 1.100214459872697 9
302498.5090373174 4123780.198684314 1.1039818731414321 9
302498.59854121855 4123780.3775381637 1.1098206907911172 9
302498.6870294561 4123780.556898111 1.1148719731888006 9
302498.774704071 4123780.736659141 1.1195013716209925 9
302498.86130586464 4123780.916936206 1.1269159128945045 9
302498.94658233336 4123781.097843742 1.1328538070569456 9
302499.03121501836 4123781.279057971 1.1347897905771929 9
302499.1151820583 4123781.4605780076 1.1413743665565694 9
302499.19758125563 4123781.6428113724 1.1498363792179238 9
302499.2791061676 4123781.8254463053 1.1511896930618883 9
302499.36008005124 4123782.008323539 1.158802840374402 9
302499.4387325578 4123782.192201818 1.173625244625208 9
302499.5154134836 4123782.3769249106 1.1794914771634397 9
302499.59115197946 4123782.5620316323 1.1866604095447588 9
302499.66495939257 4123782.7479088474 1.198301343239646 9
302499.7372683127 4123782.934385109 1.202161425707247 9
302499.80874492554 4123783.121179233 1.210530003183627 9
302499.87776930036 4123783.308884136 1.2251839536079967 9
302499.9449770983 4123783.4972612658 1.2298049514391165 9
302500.0110265023 4123783.6860396555 1.2407750310573238 9
302500.0743446726 4123783.8757481393 1.2546798919544166 9
302500.1360398673 4123784.0660021543 1.259730283138404 9
302500.19615041965 4123784.2567514996 1.2730458962880524 9
302500.2533509893 4123784.448398017 1.2876836946610946 9
302500.3079079685 4123784.6408221317 1.3029953465523332 9
302500.3585908295 4123784.8342834986 1.325614668427491 9
302500.40595200675 4123785.0286065796 1.3359928386339912 9
302500.4508283457 4123785.2235038546 1.3564639345876408 9
302500.49090851896 4123785.4194424003 1.3787536443876576 9
302500.5273639796 4123785.6161150523 1.401493283972351 9
302500.5566068257 4123785.813932823 1.4434910069008258 9
302500.5804657912 4123786.0125404648 1.457030403686525 9
302500.60038964154 4123786.211526545 1.4893562268898812 9
302500.61347602785 4123786.411107695 1.5178065902282354 9
302500.62221515813 4123786.610926398 1.5376349816937742 9
302500.6262843526 4123786.8108812775 1.5633208470935713 9
302500.6254307811 4123787.0108852643 1.5861396171216424 9
302500.62049305555 4123787.210825918 1.6039036659299049 9
302500.6122231005 4123787.4106670427 1.6221225476289587 9
302500.5992579778 4123787.6102393987 1.6498950164126809 9
302500.5811284188 4123787.809425672 1.6715568578323055 9
302500.5594914652 4123788.0082557457 1.6863610455273996 9
302500.53517359827 4123788.206774113 1.698886235367289 9
302500.5082025178 4123788.404950376 1.7138628402786993 9
302500.47797111515 4123788.602654731 1.7310167030850556 9
302500.44453035004 4123788.79984392 1.746185610428829 9
302500.4084143703 4123788.996555729 1.757752987174422 9
302500.3704954033 4123789.1929333615 1.7647442278454624 9
302500.3311534259 4123789.38902962 1.7736200588429385 9
302500.28962978994 4123789.5846684193 1.786663416533798 9
302500.2455786207 4123789.779759307 1.7986737742038106 9
302500.1994070083 4123789.9743662965 1.808795632499015 9
302500.15107611014 4123790.1684428584 1.8215354436408155 9
302500.099944948 4123790.361795948 1.8373040408289512 9
302500.0458043347 4123790.554334815 1.852275263008452 9
302499.9889208191 4123790.7460820423 1.8659557169648509 9
302499.92947540374 4123790.9370467747 1.879135098130104 9
302499.8675564811 4123791.127222412 1.8919200922702457 9
302499.803247389 4123791.3166051493 1.904317958245215 9
302499.73659010325 4123791.5051775426 1.9171592926014032 9
302499.66730951203 4123791.6927970806 1.9322853166206828 9
302499.59509440575 4123791.8793055494 1.947783108656449 9
302499.5202004776 4123792.064761195 1.9610730969457713 9
302499.4428896858 4123792.2492207075 1.974616944979173 9
302499.3629078978 4123792.4325317605 1.9900043856796215 9
302499.28015941 4123792.6146141514 2.004354743160318 9
302499.1949776691 4123792.795574568 2.0170660357410286 9
302499.1074631468 4123792.9754138105 2.0304928484265434 9
302499.0174791291 4123793.154027634 2.0442522561558656 9
302498.9251732464 4123793.3314580964 2.0564834210046046 9
302498.8307025322 4123793.507746801 2.0695603387260357 9
302498.7336430272 4123793.68261622 2.0858894242893338 9
302498.63365931116 4123793.8558344287 2.102559001079683 9
302498.53083729954 4123794.027392029 2.119339794369619 9
302498.4248256478 4123794.196986925 2.140370005121358 9
302498.3151109217 4123794.364208135 2.161669432041784 9
302498.20227510016 4123794.529350788 2.1782877360193 9
302498.08664641506 4123794.6925406847 2.1968293046929346 9
302497.9677145095 4123794.8533450905 2.2188884329638316 9
302497.84504134004 4123795.0113087874 2.243558597575054 9
302497.7186632018 4123795.1663275994 2.265059707886474 9
302497.58936162735 4123795.318919076 2.2820990718634047 9
302497.4575971051 4123795.4693813724 2.2977959187291623 9
302497.3236280626 4123795.617883638 2.311229504724222 9
302497.1879174791 4123795.764798572 2.3214348353121643 9
302497.0508589698 4123795.9104531324 2.32997826648813 9
302496.91263121204 4123796.055001603 2.3377714365879005 9
302496.77318388055 4123796.198372855 2.3472234133776215 9
302496.6322611161 4123796.3402895876 2.3580059276765084 9
302496.489946231 4123796.480815123 2.3666002938858917 9
302496.346578364 4123796.6202691733 2.373691442146668 9
302496.20204400737 4123796.758509157 2.383790462740138 9
302496.05588138354 4123796.895033622 2.397289374041385 9
302495.90768312797 4123797.0293465033 2.4138192056400656 9
302495.7571216522 4123797.160997645 2.432251075816291 9
302495.60427279765 4123797.289995084 2.4485736956575073 9
302495.44947219355 4123797.416643514 2.46319246403939 9
302495.2928222776 4123797.540990168 2.4781942234058527 9
302495.13430908666 4123797.662954898 2.493233632202366 9
302494.97402416816 4123797.7825818546 2.507514980779655 9
302494.81214069703 4123797.900029147 2.519820580107211 9
302494.649019444 4123798.015758959 2.528681800826296 9
302494.4849763768 4123798.130180419 2.536877258292183 9
302494.31984068756 4123798.243009424 2.548008086634526 9
302494.1533426705 4123798.3538206834 2.5605490994307147 9
302493.98553415533 4123798.4626446036 2.571766086272293 9
302493.81661303533 4123798.5697254636 2.5807479192502663 9
302493.64699668734 4123798.6756993183 2.584666255807366 9
302493.4772389135 4123798.781447021 2.5837668488743235 9
302493.3076103781 4123798.887399951 2.583018410257562 9
302493.13798175665 4123798.9933538446 2.5837591283102253 9
302492.9681855449 4123799.0990415015 2.586260733552843 9
302492.79801759415 4123799.2041275133 2.5908316585265516 9
302492.6272678424 4123799.3082642774 2.5972287123253013 9
302492.45583184285 4123799.411270675 2.603868991735567 9
302492.2837163356 4123799.5131408605 2.610467617486915 9
302492.1109252764 4123799.6138624684 2.617295794074541 9
302491.9374234978 4123799.713351151 2.6246997747995158 9
302491.7631684461 4123799.8115089634 2.632362765149966 9
302491.58825732133 4123799.9084948073 2.637801822475567 9
302491.4129518385 4123800.004769942 2.6404906453327586 9
302491.237483354 4123800.1007437212 2.6416519645268237 9
302491.06191405177 4123800.196531117 2.6426101728460933 9
302490.88625536574 4123800.2921578144 2.643725798668505 9
302490.71039737284 4123800.3874179516 2.646990299991166 9
302490.53411517054 4123800.4818862793 2.6526990561430535 9
302490.35725540615 4123800.5752702923 2.6586322862037797 9
302490.1799104467 4123800.667734122 2.6631016970285613 9
302490.00222175993 4123800.7595340568 2.666109210824472 9
302489.8243254911 4123800.85092813 2.6676606996652814 9
302489.646354081 4123800.9421755495 2.6677625789547643 9
302489.46841739817 4123801.033491214 2.6670751378293636 9
302489.2905590987 4123801.124959558 2.6660463399664858 9
302489.112809654 4123801.2166390726 2.664749199135496 9
302488.93517206353 4123801.30853517 2.6636662005638643 9
302488.757620101 4123801.4005967868 2.6628856390201454 9
302488.5801248417 4123801.4927676837 2.6624655409967466 9
302488.40264466114 4123801.5849674637 2.6625675090696146 9
302488.2251306744 4123801.6771019204 2.663201070609638 9
302488.0475410377 4123801.769090424 2.6640708935046793 9
302487.86988898535 4123801.8609585366 2.6645384151985527 9
302487.69221341243 4123801.9527812973 2.664581779512535 9
302487.5145513995 4123802.044630242 2.664298751622012 9
302487.3369160819 4123802.1365307174 2.6640226862643486 9
302487.15930456633 4123802.228477147 2.663781227350784 9
302486.9817136896 4123802.320463433 2.6635720540979073 9
302486.80414167227 4123802.4124861383 2.663366246131745 9
302486.62658883573 4123802.5045458605 2.663155139987437 9
302486.4490556775 4123802.596643536 2.6629387356502963 9
302486.2715411149 4123802.6887770556 2.662783687794041 9
302486.0940312698 4123802.7809196585 2.6628413321193007 9
302485.91650605906 4123802.873032627 2.6631174986030297 9
302485.73894535936 4123802.9650771655 2.663611928379766 9
302485.56133930973 4123803.0570342606 2.6640005302820806 9
302485.3837156779 4123803.1489574243 2.663994081763795 9
302485.2061108528 4123803.24091679 2.6635925826901636 9
302485.02856116305 4123803.33298237 2.662806761630792 9
302484.85108711483 4123803.425193687 2.6620461144863583 9
302484.67367235455 4123803.517519221 2.661519882975206 9
302484.49629529 4123803.6099173566 2.6612280666736843 9
302484.31893433566 4123803.702346492 2.6611686124306724 9
302484.1415757485 4123803.7947801035 2.6611159676153164 9
302483.96422882396 4123803.887235959 2.6609174463052834 9
302483.7869070662 4123803.9797399216 2.6605730483245775 9
302483.60962397954 4123804.0723178526 2.6600827735709562 9
302483.43238906213 4123804.16498795 2.6595805653256175 9
302483.25519419374 4123804.257734711 2.659217971425345 9
302483.0780264127 4123804.3505333713 2.6589951341288813 9
302482.90087275713 4123804.443359168 2.658912053273925 9
302482.7237237278 4123804.53619392 2.658834148815058 9
302482.54659314454 4123804.629063797 2.65851025703275 9
302482.3695044517 4123804.7220132723 2.657934668156629 9
302482.1924811246 4123804.815086876 2.6571073813739208 9
302482.0155442864 4123804.908324675 2.6561361164622808 9
302481.83869101206 4123805.0017210715 2.655330182923119 9
302481.6619042915 4123805.0952437264 2.6547088642064898 9
302481.4851669366 4123805.188859961 2.6542721595870455 9
302481.3084631033 4123805.2825396266 2.6539471728355006 9
302481.13179792836 4123805.3762920634 2.6534224388340726 9
302480.9551931592 4123805.470157872 2.6526625627343945 9
302480.7786709977 4123805.5641785124 2.6516675431604537 9
302480.60225266806 4123805.658393612 2.6505000283590845 9
302480.4259365478 4123805.7528000493 2.6495410520562532 9
302480.24969796423 4123805.8473515715 2.6488549845365883 9
302480.07351122686 4123805.9420000226 2.648441824480783 9
302479.8973511604 4123806.036698204 2.648260139162155 9
302479.7212132758 4123806.1314374595 2.647916892479878 9
302479.5451203338 4123806.226259902 2.6473146385357165 9
302479.3690969545 4123806.321211106 2.6464533766434464 9
302479.19316736853 4123806.4163359203 2.645359819288333 9
302479.0173451445 4123806.5116592436 2.6442193876040556 9
302478.84163215297 4123806.6071840893 2.6430675927989298 9
302478.66602966737 4123806.7029123525 2.6419044342736338 9
302478.49053998175 4123806.798847757 2.6406737929276343 9
302478.31518341077 4123806.8950262805 2.63910811740287 9
302478.13999569276 4123806.9915115135 2.6371726370818607 9
302477.9650130638 4123807.088367934 2.6348673475527877 9
302477.7902701711 4123807.18565699 2.6322665180626075 9
302477.61578473484 4123807.2834078376 2.6295920361087566 9
302477.44156424556 4123807.381630118 2.6268587089878404 9
302477.26761605224 4123807.4803332025 2.6240665036402833 9
302477.09394249733 4123807.5795179293 2.621385483109127 9
302476.9205164377 4123807.6791348946 2.6190890435632883 9
302476.74729997216 4123807.779116363 2.6171808284381695 9
302476.57425548625 4123807.8793951026 2.6156321052079803 9
302476.4013654506 4123807.9799391865 2.614039523626916 9
302476.22864462994 4123808.0807734495 2.6122729701723406 9
302476.056110715 4123808.181927871 2.610330091900119 9
302475.88379466214 4123808.283453919 2.607869630767803 9
302475.71176805254 4123808.385468878 2.6046484520174986 9
302475.54011007154 4123808.4881023304 2.600684802509539 9
302475.3688809744 4123808.591450592 2.596399647400674 9
302475.1981036166 4123808.695544253 2.591968801976 9
302475.02779853565 4123808.8004092616 2.5873194003896494 9
302474.85800358764 4123808.9060972296 2.5822803714805858 9
302474.68875451514 4123809.012655741 2.5773398015102065 9
302474.51992912963 4123809.11988514 2.5745018245391504 9
302474.3512801174 4123809.2273908956 2.5741360799632997 9
302474.1825242064 4123809.3347297856 2.5760957579770123 9
302474.01383506716 4123809.4421727466 2.5710656417807054 9
302473.8460519632 4123809.551023909 2.5620264284221888 9
302473.67894495535 4123809.6609132946 2.5584992543416587 9
302473.5120206629 4123809.7710773433 2.5582253005005104 9
302473.3452565665 4123809.8814848145 2.554379857279141 9
302473.17921679403 4123809.992979857 2.5453649940020986 9
302473.014339874 4123810.1061843135 2.5355542717583415 9
302472.85016707005 4123810.220410902 2.5324783320826945 9
302472.68627074844 4123810.335031213 2.5297121049939864 9
302472.52305541455 4123810.450621922 2.51942622642533 9
302472.36163118074 4123810.56870206 2.4988957149877717 9
302472.20302105113 4123810.6905337404 2.4755561830305663 9
302472.04681426776 4123810.81543649 2.4597931884185815 9
302471.892177683 4123810.942273896 2.4502965639647534 9
302471.7385899956 4123811.0703795482 2.442607819780999 9
302471.5859673834 4123811.1996345986 2.4351702547084906 9
302471.4343258888 4123811.3300378025 2.4275135807083714 9
302471.2836292924 4123811.4615310268 2.421140780009331 9
302471.13362509594 4123811.593817158 2.4169004600950523 9
302470.98418287915 4123811.726737383 2.4120854240870866 9
302470.83550337824 4123811.8605059036 2.4055228870255 9
302470.68767069216 4123811.9952101368 2.4002902891958264 9
302470.5403164718 4123812.1304410114 2.398407549851436 9
302470.39306625794 4123812.265783402 2.397971941356042 9
302470.24598075915 4123812.4013035046 2.3959485399524567 9
302470.0992792574 4123812.5372422887 2.392278518730673 9
302469.95319558104 4123812.673845624 2.386865750067677 9
302469.80797597545 4123812.8113633813 2.3797076614455412 9
302469.6637907634 4123812.9499652893 2.3722984762060872 9
302469.5205775278 4123813.0895763263 2.3656967637637965 9
302469.378254947 4123813.230099774 2.3591291428407883 9
302469.2370150774 4123813.3717067866 2.3502519593104467 9
302469.09721455304 4123813.514729692 2.3390667858897887 9
302468.9590531812 4123813.659341571 2.3278147590791947 9
302468.8224772423 4123813.8054582025 2.317208665798351 9
302468.6874678567 4123813.953024073 2.3060725847649093 9
302468.5542450642 4123814.102198492 2.293168450299834 9
302468.4230724872 4123814.25317899 2.279025789965354 9
302468.2940360866 4123814.4059940944 2.2650745953537212 9
302468.167124709 4123814.5605797903 2.2513171117923148 9
302468.0423682523 4123814.716907569 2.2373175401134398 9
302467.9198381682 4123814.8749849163 2.222997029050528 9
302467.7996157877 4123815.0348250316 2.208261513574062 9
302467.6817962882 4123815.1964482777 2.1930597258281836 9
302467.56654162944 4123815.359913305 2.176453625179797 9
302467.45418074424 4123815.5253746803 2.157904884659289 9
302467.34500871436 4123815.6929583736 2.1384873634934105 9
302467.2391006879 4123815.8626305074 2.1191556060998726 9
302467.13653299666 4123816.0343461144 2.0990313928816384 9
302467.03759660013 4123816.2081664023 2.077185212198972 9
302466.94241303415 4123816.384065204 2.057308932153429 9
302466.85026389395 4123816.5615875535 2.0427231889556356 9
302466.76056950516 4123816.7403569864 2.0284343959074698 9
302466.67371209845 4123816.9205102148 2.0112382553139705 9
302466.5900328878 4123817.102167205 1.9938806793819703 9
302466.50941749633 4123817.2852153745 1.9774277232996982 9
302466.43195460737 4123817.4696158282 1.9590977454491196 9
302466.35811739793 4123817.6554827597 1.939048453708669 9
302466.2875302404 4123817.8426173707 1.9252639883851024 9
302466.21884191333 4123818.0304618333 1.917786315895322 9
302466.15157030005 4123818.218807876 1.909664562417945 9
302466.0859559077 4123818.407736049 1.900339207888126 9
302466.02216266183 4123818.59729295 1.8904268351645257 9
302465.9603779747 4123818.7875220543 1.878461172391783 9
302465.90135900426 4123818.978616637 1.8613676176907041 9
302465.84593958646 4123819.170782811 1.8421367969994393 9
302465.79399813863 4123819.363935696 1.825245393054021 9
302465.7453994747 4123819.5579606816 1.8061799721706604 9
302465.7011058936 4123819.75298619 1.781398363461982 9
302465.66140581237 4123819.9490076476 1.7614081724604256 9
302465.62478865596 4123820.145652191 1.7482890190367995 9
302465.59138631815 4123820.3428440415 1.7271471938296266 9
302465.56293195573 4123820.5408036946 1.700610113415135 9
302465.53924549057 4123820.739416123 1.6792463751986206 9
302465.51969932456 4123820.9384685652 1.6573760518662428 9
302465.50489955855 4123821.1379158287 1.6325492392341456 9
302465.4946748471 4123821.337664471 1.6122640331389586 9
302465.48822989344 4123821.53756801 1.5932934604323161 9
302465.48583714286 4123821.7375497203 1.5724424629444962 9
302465.4872607593 4123821.937552226 1.555751797781524 9
302465.4920845782 4123822.1375016826 1.5359281471747848 9
302465.50175670214 4123822.3372648917 1.508947450654894 9
302465.51646180806 4123822.536731449 1.4864402648413597 9
302465.5349953204 4123822.7358721215 1.4707882300469306 9
302465.5560820204 4123822.9347602054 1.4592635457198007 9
302465.5796889142 4123823.1333629 1.445358445404606 9
302465.6061643656 4123823.3316055574 1.430671021970578 9
302465.63554049045 4123823.5294380183 1.4163163931166163 9
302465.6676106022 4123823.7268535956 1.4034185259218313 9
302465.70216494775 4123823.9238491515 1.3908472205405382 9
302465.73919621087 4123824.120389382 1.3786599293739499 9
302465.7782783468 4123824.316536075 1.3703066371206136 9
302465.8188294756 4123824.512389135 1.361659513972363 9
302465.86188502255 4123824.7076985436 1.344601477956389 9
302465.90870442253 4123824.9021483264 1.3245063601340221 9
302465.9593672055 4123825.095630509 1.3052346197595142 9
302466.0133877839 4123825.2882003374 1.290218678528747 9
302466.0698832521 4123825.480059676 1.278604226274579 9
302466.12869372347 4123825.671218787 1.2658298563710404 9
302466.19005624735 4123825.861576368 1.2519451230279297 9
302466.2541309657 4123826.05103565 1.2374275404660444 9
302466.3208457284 4123826.2395830946 1.2242995970616688 9
302466.38995235594 4123826.427271329 1.2111706750766915 9
302466.46183498506 4123826.6139045525 1.1948523718381998 9
302466.53636014473 4123826.7995018247 1.1847955666752643 9
302466.61195530155 4123826.9846697063 1.181154956233119 9
302466.6887140713 4123827.1693514916 1.1715365825260615 9
302466.76754678524 4123827.3531612167 1.1598882922136466 9
302466.8484298069 4123827.536078124 1.149304515829499 9
302466.93107387284 4123827.7182053127 1.1406491939834784 9
302467.0151568081 4123827.8996723704 1.133264216813016 9
302467.10050570546 4123828.0805471386 1.1267610637833707 9
302467.1868981152 4123828.2609258867 1.1217597729080722 9
302467.2740636265 4123828.440931934 1.1181204532592832 9
302467.36179948883 4123828.620661236 1.1150480499543245 9
302467.4502291232 4123828.80004939 1.1103079115444348 9
302467.53939091193 4123828.9790750444 1.107912206747185 9
302467.6286510136 4123829.1580518973 1.1080648590078446 9
302467.7181826742 4123829.3368928637 1.1046286313563105 9
302467.8085507313 4123829.5153129967 1.099093673403883 9
302467.8999141652 4123829.6932248175 1.094411751406482 9
302467.99170630454 4123829.8709166492 1.0938375976768706 9
302468.0836796217 4123830.0485140695 1.0915666432924274 9
302468.17610233254 4123830.225878148 1.089909673335091 9
302468.26853310975 4123830.4032382946 1.0906275148266413 9
302468.36107586813 4123830.5805396587 1.0883766776484036 9
302468.454068695 4123830.75760564 1.0863238937404622 9
302468.5473229793 4123830.934534124 1.0849480262911018 9
302468.6409074181 4123831.111287958 1.082983981569049 9
302468.7345863647 4123831.2879918288 1.0842665580574986 9
302468.8280426279 4123831.464813602 1.084089417431854 9
302468.9218860932 4123831.6414300897 1.0807068238220965 9
302469.01626523037 4123831.8177611143 1.0783392155094473 9
302469.11079949385 4123831.994008812 1.0792116027049938 9
302469.20511791826 4123832.170372162 1.0796139406634226 9
302469.2996409149 4123832.346626063 1.0771952191975525 9
302469.39472006285 4123832.5225805044 1.073334196756754 9
302469.49060369487 4123832.6980981166 1.068032992635032 9
302469.58755146165 4123832.873030179 1.0611592951811886 9
302469.6856396018 4123833.0473249084 1.0564431480037524 9
302469.78399540234 4123833.2214690587 1.0569215911232512 9
302469.8823842065 4123833.3955946644 1.0556055327650717 9
302469.9812584223 4123833.569444899 1.0512156557372327 9
302470.08102231444 4123833.742785829 1.0464699544521687 9
302470.1813162971 4123833.9158214345 1.0449033019774694 9
302470.28177926765 4123834.088758268 1.0442026635916997 9
302470.38231827377 4123834.2616509944 1.044136939083069 9
302470.4827763598 4123834.4345908114 1.0451340967936147 9
302470.5830255889 4123834.6076517687 1.046323235704782 9
302470.68309956987 4123834.780814181 1.047153310860162 9
302470.7830800197 4123834.9540305887 1.0473332176589991 9
302470.88309916673 4123835.1272245618 1.046706121287148 9
302470.9832618719 4123835.300335525 1.0458681404753083 9
302471.0835391372 4123835.473380298 1.0453830484019646 9
302471.1838628283 4123835.6463983064 1.045414653601814 9
302471.2841024691 4123835.819464859 1.04636951681732 9
302471.3840982839 4123835.9926721253 1.0481237131413024 9
302471.48382448626 4123836.166034961 1.0492703349490715 9
302471.5834357134 4123836.339464118 1.0494510337253042 9
302471.68306861277 4123836.51288072 1.0492418971038209 9
302471.78270463133 4123836.686295403 1.0494183474312793 9
302471.88227690104 4123836.8597466694 1.0499529606480145 9
302471.9817509893 4123837.033254322 1.0504943962942532 9
302472.0811390238 4123837.206811326 1.0509449666114021 9
302472.18045508675 4123837.3804095183 1.0513399601829128 9
302472.27970134874 4123837.554047595 1.0517506709598012 9
302472.3788748716 4123837.727727196 1.0521719913394025 9
302472.47798085737 4123837.901445345 1.052512874361757 9
302472.57703703427 4123838.075191957 1.0527456689277148 9
302472.6760517437 4123838.248962272 1.0530846340558229 9
302472.7749655212 4123838.4227899867 1.0539136279960857 9
302472.873694175 4123838.596722824 1.0551301341239578 9
302472.9722662033 4123838.7707445663 1.055521862938217 9
302473.07087090483 4123838.9447477614 1.0547544298990945 9
302473.1696621728 4123839.1186450585 1.0537321506869142 9
302473.2685437074 4123839.292491129 1.0537248054346495 9
302473.36734321667 4123839.466383783 1.0545485568186082 9
302473.4660127789 4123839.6403502137 1.0551009608223665 9
302473.56462505274 4123839.8143491535 1.055211228748593 9
302473.66323525226 4123839.9883492426 1.0552113499320028 9
302473.7618369475 4123840.1623541354 1.0553088994124409 9
302473.86041401216 4123840.33637299 1.0554853902089598 9
302473.95895713085 4123840.510411076 1.0556975390460874 9
302474.05746082135 4123840.684471475 1.0559248776476466 9
302474.1559358469 4123840.858548091 1.0560036680014842 9
302474.2544134147 4123841.0326232784 1.0558958446857487 9
302474.35292539815 4123841.206678999 1.0556106282734286 9
302474.4515019654 4123841.380698134 1.055153580152583 9
302474.55016053276 4123841.5546707893 1.0547620535727613 9
302474.64885228756 4123841.7286246326 1.0547744931882002 9
302474.74751241825 4123841.902596408 1.0550471570951203 9
302474.84613795584 4123842.0765877976 1.0551498585734516 9
302474.94476193626 4123842.2505800705 1.0550836925248068 9
302475.0434003554 4123842.424564157 1.054998642527303 9
302475.142053317 4123842.598539997 1.0549178243453035 9
302475.24071874574 4123842.7725087665 1.0548577176183103 9
302475.3393925777 4123842.9464727743 1.0548163358437828 9
302475.43807999603 4123843.120429076 1.0546789890459864 9
302475.53680344013 4123843.2943649264 1.054405114230423 9
302475.63557359995 4123843.4682742553 1.0541911590042856 9
302475.7343658036 4123843.6421710704 1.0541503068598796 9
302475.8331670676 4123843.816062738 1.0540081005827058 9
302475.93201970943 4123843.989925199 1.0535593093575717 9
302476.0309289314 4123844.1637554937 1.0536399579528781 9
302476.1297033456 4123844.3376624268 1.0551020539790048 9
302476.22824489244 4123844.5117016938 1.055639534144595 9
302476.3269303042 4123844.6856589033 1.0534458405218967 9
302476.42611212394 4123844.85933345 1.0507283156703175 9
302476.5255842036 4123845.032842652 1.050109976079255 9
302476.62502387044 4123845.2063701483 1.0506760535495538 9
