7.576606986403931 -279.08278853213415 1.0635325483906326 9
7.673763708668364 -278.90797271192713 1.0635455451747655 9
7.770915887267063 -278.7331543655123 1.0635845355267912 9
7.8680595465016845 -278.5583312824629 1.0636300240600693 9
7.965203773758738 -278.38350851522523 1.0635650397210952 9
8.062370719417846 -278.20869837906736 1.0633700875361682 9
8.159575268159166 -278.03390914957805 1.0631796123106565 9
8.256800970574922 -277.8591316808255 1.0631280559543448 9
8.354024307412999 -277.68435289613825 1.0631892092382347 9
8.451239320507812 -277.5095694836259 1.063205821329272 9
8.548457612452706 -277.3347878959973 1.0631516845032942 9
8.645688737889449 -277.1600134469552 1.0630750527363877 9
8.742931006011753 -276.98524519621293 1.0630241782832317 9
8.840180126051266 -276.81048075761896 1.0629918061440904 9
8.937436667473182 -276.6357204494812 1.062934408117749 9
9.034706059845684 -276.4609672944947 1.062844729802406 9
9.131989993291063 -276.28622223367813 1.062790594811543 9
9.229274355487414 -276.11147741133743 1.062839823703627 9
9.326541445346889 -275.93672297416475 1.0629799954026586 9
9.423781880690994 -275.7619537028789 1.0631365869609202 9
9.520994597995415 -275.58716901208254 1.0632971784765763 9
9.618179042384043 -275.4123685994826 1.0634592479005194 9
9.715335246908113 -275.2375524893417 1.0636202733135982 9
9.812463387150025 -275.0627207850878 1.0637804072748684 9
9.909563536465356 -274.88787353333356 1.0639405650637737 9
10.006635665986897 -274.7130107238791 1.064100899221067 9
10.103679737654168 -274.5381323414649 1.0642614908855446 9
10.200695694411273 -274.3632383604738 1.0644224211906752 9
10.297683481274415 -274.18832875646535 1.0645834564133463 9
10.394643200121278 -274.01340359160474 1.0647431943038745 9
10.491575109682861 -273.83846301465877 1.064901401175124 9
10.588479262014891 -273.66350706025275 1.0650617352794853 9
10.685354855252275 -273.4885352914175 1.065227854549054 9
10.782201277312076 -273.3135473762929 1.0653859355920854 9
10.879027189801752 -273.13854811145137 1.0654530457790414 9
10.975850527453339 -272.9635474215848 1.0654153642982127 9
11.07268574886702 -272.78855330770665 1.0653393932933513 9
11.169531796710679 -272.61356518499593 1.065291628421234 9
11.266383867090374 -272.43858039545074 1.0652675393272233 9
11.363240194898555 -272.263597962642 1.0652399467385192 9
11.460102053605988 -272.08861859159805 1.0652043212519662 9
11.556970500001807 -271.9136428673887 1.065166642344448 9
11.653845195886525 -271.7386706029251 1.0651328888003393 9
11.750725496608936 -271.5637014415102 1.0651016111812892 9
11.847611729467665 -271.38873556491063 1.0650641139870782 9
11.944505193628814 -271.21377369331094 1.0650189481557137 9
12.041406226922344 -271.0388160141445 1.064983323830946 9
12.138311153282368 -270.8638604904638 1.0649744486227706 9
12.235215752875757 -270.6889047839882 1.064976560254236 9
12.3321263744936 -270.51395241341606 1.0648951009267662 9
12.42905993439508 -270.33901275378315 1.0647143136464559 9
12.52603013125845 -270.16409339844324 1.064497242283824 9
12.623035958089636 -269.9891937968949 1.0643069186434118 9
12.720072857469976 -269.8143114324565 1.0641390404270712 9
12.817139156963965 -269.6394453863361 1.0639677995320682 9
12.914236068710192 -269.4645963374046 1.0637888955413084 9
13.011364592974042 -269.28976484691026 1.0636081130682857 9
13.108524381238073 -269.11495072796436 1.0634312353123179 9
13.205714791039778 -268.9401536307356 1.0632567793474281 9
13.302936172947275 -268.7653737585435 1.0630758500415955 9
13.400189870384759 -268.59061186776074 1.0628869652640534 9
13.497476225402167 -268.4158681561671 1.0627080642136573 9
13.594791402849822 -268.2411404915253 1.0625570808695042 9
13.692131002704796 -268.0664264265481 1.0624175561434501 9
13.789501642518323 -267.8917296602404 1.0621907659250083 9
13.88692095520131 -267.71706003666407 1.0618602612471273 9
13.98439276606683 -267.5424196970672 1.0616714086385954 9
14.081863768625558 -267.36777891071733 1.0618694966917592 9
14.179268163327501 -267.1931009780878 1.0623931549293653 9
14.276581224529119 -267.0183721290724 1.0628742771538087 9
14.373819291984127 -266.84360151823563 1.0632515319688978 9
14.470996635567383 -266.6687971448664 1.0635911314954465 9
14.568112110481453 -266.49395840396767 1.0639592648916862 9
14.665160860543075 -266.31908261878397 1.0643510805034757 9
14.762141277647027 -266.14416892314426 1.0647374797679798 9
14.85905500093961 -265.9692182610001 1.06511361487745 9
14.955903145748247 -265.794231287223 1.0654908824728022 9
15.0526841685308 -265.61920718619314 1.065880674137609 9
15.149396052560085 -265.44414487997614 1.0662764419801039 9
15.246041178679711 -265.269045708489 1.0666389178159592 9
15.342626323873407 -265.0939134287137 1.066961560199583 9
15.439153001385572 -264.91874890569983 1.0673377140224687 9
15.53560091430851 -264.74354102154695 1.0678606735633236 9
15.631946852699595 -264.56827705779705 1.0684436144299811 9
15.72822592488775 -264.392976335525 1.0685658869257162 9
15.824531535745905 -264.21769020340173 1.0681407657179407 9
15.920939332463128 -264.04246025528283 1.0675154603822934 9
16.017443834537367 -263.86728351858494 1.0670369821795653 9
16.11401997082477 -263.69214625888696 1.0666819734336537 9
16.210658358666933 -263.5170433606168 1.0663103740628725 9
16.30736529772214 -263.3419783236629 1.06589885481007 9
16.4041462269659 -263.1669541743211 1.0654738080743362 9
16.50100042024653 -262.991970548905 1.0650616088765446 9
16.597925699634295 -262.8170262857816 1.064659215047659 9
16.69492192663133 -262.6421213524158 1.0642483871806274 9
16.79199100121531 -262.4672568448405 1.063826087487608 9
16.889133615517125 -262.2924331845713 1.0634145811818672 9
16.98634527910597 -262.11764790064683 1.0630361161202362 9
17.08362076652637 -261.9428981122738 1.0626714600555158 9
17.180967716363785 -261.76818812744665 1.0622053158928824 9
17.27840662423197 -261.59352943902917 1.0616184832991868 9
17.375941936051714 -261.418924569943 1.0611962893144795 9
17.473511708425033 -261.2443389392049 1.0612238133386453 9
17.571039487526317 -261.0697298555338 1.0616297461306483 9
17.66849652094824 -260.89508127209757 1.061986604303349 9
17.765901730648736 -260.72040377140155 1.0622232026127438 9
17.863271695146253 -260.54570662682005 1.0624153661076536 9
17.96060534821487 -260.3709892553004 1.0626388525623018 9
18.057897347763607 -260.1962486853511 1.062889113688129 9
18.155145393328695 -260.02148364630585 1.063138884810137 9
18.252350224255352 -259.8466945673068 1.0633836260070866 9
18.349512892695312 -259.6718820498583 1.063620249751213 9
18.44663517341469 -259.4970470893287 1.0638456714408548 9
18.543718798840874 -259.32219065613884 1.0640675288005312 9
18.640760381562252 -259.14731088714524 1.0643316024358673 9
18.737751417663812 -258.97240308748655 1.0646455148607152 9
18.834690126778455 -258.79746628495235 1.0648902080075011 9
18.93160248975097 -258.62251487778263 1.0649467480856798 9
19.028521113298094 -258.44756693303924 1.0648257208179714 9
19.125471506334307 -258.2726365948424 1.0645905713534525 9
19.22247208500856 -258.09773408715387 1.0642518623559116 9
19.319537140811278 -257.92286735022947 1.0638750167010567 9
19.416665711621512 -257.7480358776359 1.0635253825445752 9
19.513853143886124 -257.57323711874193 1.063198892556863 9
19.611097510408857 -257.3984700310958 1.0628711725304374 9
19.708399608208943 -257.22373507924067 1.0625381649785939 9
19.805760374240812 -257.04903280728695 1.0621994829820407 9
19.903180832010502 -256.8743638158446 1.0618547400793197 9
20.000661897065953 -256.699728646876 1.061508391409425 9
20.098201509359928 -256.5251261714936 1.0611871326928604 9
20.195794635825308 -256.35055359140574 1.0608954073145183 9
20.293440235029983 -256.17601034771866 1.0605623658810102 9
20.391153731349416 -256.00150511948516 1.0601172561301433 9
20.488952728407092 -255.8270478084616 1.0596265224709709 9
20.586810444637788 -255.65262341604543 1.0594882742282534 9
20.68465575380582 -255.47819206600602 1.0597687700152563 9
20.782431060973625 -255.3037214712195 1.0602022837583027 9
20.88014053094091 -255.1292139840237 1.060523461126019 9
20.977803231667984 -254.95468031557363 1.0607501949639913 9
21.075426277998464 -254.78012447316001 1.0609896898800586 9
21.17300484270324 -254.60554376640334 1.06125978798803 9
21.270534764283987 -254.43093587786495 1.0615401358147172 9
21.368016612457108 -254.2563011418666 1.061810409329002 9
21.465452066363348 -254.08164051473193 1.0620730833988534 9
21.562841149808712 -253.90695402935862 1.0623429850764232 9
21.66018223286601 -253.73224079611197 1.062622581891547 9
21.757474734301734 -253.55750050725098 1.0628926586422227 9
21.854722549638453 -253.38273533992728 1.0631340293760465 9
21.95193020350885 -253.2079478206904 1.063363449556206 9
22.049090998784894 -253.03313425188557 1.0636812948434429 9
22.146187028025174 -252.85828471800306 1.0641042684114153 9
22.243208826040096 -252.68339398563435 1.064479281220411 9
22.34018259987445 -252.50847660541234 1.0646534887635266 9
22.437142533985384 -252.33355155190569 1.0646587729489168 9
22.534101464496594 -252.15862595089786 1.0646861151367726 9
22.631050901758822 -251.98369509190857 1.0647672939712691 9
22.727983426033717 -251.80875485827187 1.0648680922759253 9
22.8248995891874 -251.63380555769675 1.0649543489520508 9
22.921801864612497 -251.45884856437615 1.0650284268280645 9
23.01869114352819 -251.2838843744701 1.0651044793926452 9
23.115566736688873 -251.10891260705398 1.0651848616534574 9
23.21242809372267 -250.9339329581455 1.0652660171074158 9
23.30927549304329 -250.7589455831958 1.0653443951831671 9
23.40610938506863 -250.58395073304746 1.065421192507175 9
23.50292941834024 -250.40894821498935 1.0655035767972403 9
23.599734440400688 -250.23393739324166 1.0655927406668781 9
23.696524173029385 -250.05891811535543 1.0656731106395305 9
23.793301969395767 -249.88389223657194 1.0657291394212778 9
23.890071978117952 -249.70886205188788 1.0657646379116155 9
23.986835794033055 -249.53382844380747 1.0658024330604046 9
24.08359246099909 -249.35879088389248 1.0658463229584232 9
24.180341091266655 -249.18374888158024 1.0658932387519229 9
24.27708151252505 -249.00870234220739 1.0659401167482319 9
24.37381375269527 -248.83365128188228 1.0659862174838586 9
24.470538335464354 -248.6585959903705 1.0660271116410847 9
24.567256279741166 -248.48353703079448 1.066062062245546 9
24.663967756583112 -248.30847449802562 1.0661059596151115 9
24.760669464078465 -248.13340656891023 1.0661736690056298 9
24.857357646792064 -247.9583311698322 1.0662510270009018 9
24.954038043799834 -247.78325147087278 1.066253196208715 9
25.050725878255435 -247.6081758800485 1.0661660608982055 9
25.147433253053006 -247.43311108216668 1.0660501145501007 9
25.244158161764403 -247.25805596991754 1.0659657487384886 9
25.340895325890777 -247.08300762902616 1.0659043741857528 9
25.437645223928953 -246.90796632674187 1.0658145422108976 9
25.53441408503118 -246.73293550833463 1.0656876925167025 9
25.631207014949165 -246.55791799839952 1.0655473435402834 9
25.728023634676255 -246.38291359108237 1.0654169739077417 9
25.82486224284461 -246.20792134990282 1.0652949709981505 9
25.921722218922497 -246.03294093573462 1.0651716755415472 9
26.018604022016213 -245.85797260614308 1.0650454803949816 9
26.115508026158423 -245.68301657146156 1.0649186470628185 9
26.212434078373672 -245.50807274990365 1.0647934331948887 9
26.309381981904977 -245.3331410354998 1.0646668284830396 9
26.406353555388748 -245.15822244135902 1.064520801960684 9
26.503352630606237 -244.98331909841988 1.0643523536117523 9
26.600379902292506 -244.80843139652993 1.0642167757369223 9
26.697423184165288 -244.6335525763564 1.0641692659391664 9
26.79446749791075 -244.45867432882412 1.0641952876916063 9
26.89150759953917 -244.28379374485522 1.0642077712384426 9
26.98854796850445 -244.10891330933345 1.064192229828968 9
27.08559198680804 -243.934034898397 1.0641747141364952 9
27.182636966821743 -243.7591570213418 1.0641812302125728 9
27.279679042033564 -243.584277533519 1.0642002415630585 9
27.37672207155403 -243.4093985753676 1.0641626477931865 9
27.473777631480306 -243.23452656762504 1.0640569519424592 9
27.570848395606806 -243.05966299335026 1.0640415290351426 9
27.667900136626873 -242.88478886833008 1.0642744828093815 9
27.764890550105974 -242.70988072910424 1.0647168547094015 9
27.861803413716654 -242.53492959589258 1.0651352936807108 9
27.95864855808232 -242.3599409564044 1.065490974649194 9
28.05543448509142 -242.18491956156612 1.0658260653279776 9
28.152159872694575 -242.00986471127075 1.0661826600556752 9
28.248821109779417 -241.83477443478293 1.066555154029512 9
28.34541834285891 -241.65964883511904 1.066909978203007 9
28.441955471702382 -241.48449008663616 1.0672415477388077 9
28.53843378621564 -241.30929893072866 1.0675972914262641 9
28.634843500741624 -241.13407002584498 1.0680245511365505 9
28.731173289185 -240.9587971839556 1.0684814571594172 9
28.827439929787424 -240.78348964257918 1.068717264947259 9
28.923688270497525 -240.6081720457752 1.0686902627760222 9
29.01995281686006 -240.43286335396576 1.0685982093381958 9
29.116221901101937 -240.2575571564697 1.068638480595776 9
29.212473789609113 -240.08224151161536 1.0687611256843494 9
29.308720267106274 -239.90692289389935 1.0686670346179536 9
29.405006593217465 -239.73162617011909 1.0683064548096577 9
29.501369603377515 -239.556371584692 1.0678482868300068 9
29.597806688584058 -239.38115773449718 1.0674610867495014 9
29.694305717578544 -239.2059779904596 1.0671337872129079 9
29.790861987227135 -239.0308297993157 1.0668001244524905 9
29.887478212324496 -238.85571467801887 1.0664490777525368 9
29.98415696198317 -238.680634064683 1.0660886319192582 9
30.080898938743907 -238.50558837761162 1.0657267543958024 9
30.17770428953607 -238.3305777307881 1.0653665200838538 9
30.274571102941657 -238.15560109618448 1.0650263375622502 9
30.371495412191692 -237.98065630542436 1.0647092680754267 9
30.46846734209067 -237.8057379096861 1.064515095906745 9
30.565453780053502 -237.6308275582677 1.0645433780528923 9
30.66241686719259 -237.45590426435436 1.0647580324643753 9
30.75934290062687 -237.28096043314912 1.0649430661789305 9
30.8562422971145 -237.1060018417116 1.0650625634927713 9
30.953123445383326 -236.9310331446318 1.0651691997729444 9
31.04998246023635 -236.7560521993185 1.0653155273829522 9
31.146812879867273 -236.58105543563988 1.0654848919407085 9
31.243619400806672 -236.40604544818967 1.0655776032101245 9
31.34041786071223 -236.2310309867788 1.0655770855174285 9
31.437212113766734 -236.05601418466009 1.0656968205380448 9
31.533956237449974 -235.88096969071842 1.0661497800840452 9
31.63059334037045 -235.70586610000677 1.0668861925781337 9
31.727099855402454 -235.53069046882672 1.0676081486007027 9
31.82348548722666 -235.35544828566637 1.0682661170437782 9
31.91976178101966 -235.1801460343981 1.068853452909549 9
32.01594187097464 -235.0047909824567 1.06936352709001 9
32.112038785499024 -234.82939031848952 1.0698134872602587 9
32.20805403485134 -234.65394494092482 1.0703059556615202 9
32.3039776304266 -234.4784494685037 1.0708579923270234 9
32.39980555910692 -234.30290176425532 1.071359161627393 9
32.495559651688005 -234.1273137290477 1.0716993218783195 9
32.59126544556728 -233.95169927856753 1.071971915352184 9
32.68688562935838 -233.77603822426198 1.0727360463459734 9
32.78232015633008 -233.600276334895 1.0740846421417767 9
32.877485376572054 -233.42436838095543 1.0756909617724337 9
32.97237393902188 -233.24831095146075 1.077229200463058 9
33.06699843221839 -233.0721115401245 1.078668770270684 9
33.16139220011755 -232.89578846710012 1.0798266667139844 9
33.25560930047674 -232.71937085727336 1.0806724822280598 9
33.3496913414575 -232.5428811771034 1.0814329847432154 9
33.44362667636566 -232.36631345801587 1.0823341901963857 9
33.53739182834593 -232.1896554053793 1.083326995013832 9
33.63099653857053 -232.01291224509427 1.0841178342397924 9
33.72448368795409 -231.83610668230264 1.0846579571300172 9
33.817864648919226 -231.65924489011738 1.0855048794330475 9
33.91101940689502 -231.4822640891174 1.0872139469687931 9
34.0037986835717 -231.30508617361357 1.0896668336711026 9
34.096133007250536 -231.12767564144278 1.092156527700745 9
34.18803249686822 -230.95003947867298 1.0945657082873859 9
34.27952447913614 -230.77219334652128 1.0966641659556318 9
34.370691144136416 -230.59418015752155 1.0982227450494022 9
34.461625844403194 -230.41604832292484 1.099325767705135 9
34.552364663468694 -230.237816760522 1.1004765137539623 9
34.64288661040881 -230.05947499483474 1.101758425665855 9
34.733171659692864 -229.88101309255 1.1031133838141984 9
34.823213452560836 -229.70242833789118 1.104483611625855 9
34.91300981745977 -229.52372019346492 1.1058429992788894 9
35.00257651198512 -229.34489683907992 1.1070358689102235 9
35.09194714721996 -229.16597513496 1.1080364408611998 9
35.18112765116884 -228.98695833783916 1.1093193926983822 9
35.27001073511596 -228.80779408558553 1.1113561027759788 9
35.35846778132898 -228.62841954157025 1.1139191891474451 9
35.446525843695895 -228.4488484265034 1.11565422909767 9
35.534366905481036 -228.26917065340788 1.1163371471065417 9
35.622137846356196 -228.08945882774967 1.1166653518783507 9
35.70981934746731 -227.90970364542267 1.1173310885978163 9
35.79735317835897 -227.72987661296693 1.1182543137694958 9
35.88473598097306 -227.54997600466965 1.1189584008276767 9
35.97201899825673 -227.37002673017557 1.1193645170293056 9
36.05922101823762 -227.1900380769956 1.1200510786624365 9
36.14622241096661 -227.00995264479621 1.1215920137724569 9
36.23287338292652 -226.8296985141803 1.1238465611561845 9
36.3191207231789 -226.64925060141297 1.1259768676381474 9
36.4050072998191 -226.46863041423842 1.127844419785694 9
36.49056620162876 -226.287854825506 1.129680049425549 9
36.575775203928565 -226.10691431173117 1.1317126198925898 9
36.66060110745972 -225.92579407945365 1.1338510577788592 9
36.745073630602015 -225.74450861503195 1.1355538889830348 9
36.8292850321239 -225.56310150908365 1.1367317039735336 9
36.91331028252898 -225.38160822928262 1.1377147187557242 9
36.997145022646684 -225.20002701792473 1.138829943222561 9
37.08076572551299 -225.0183471260372 1.140060191887972 9
37.16416068169173 -224.8365634227591 1.141303412162605 9
37.24732992022531 -224.65467635776054 1.142542772749466 9
37.3302774508871 -224.47268815002923 1.1437214636136368 9
37.41302107794423 -224.29060708790612 1.1447832770845603 9
37.495579753566595 -224.10844194635234 1.145802528459702 9
37.57792081883202 -223.92617837362388 1.1472202417287813 9
37.65996037284811 -223.74377905667373 1.1491091177641224 9
37.74163060928766 -223.56121399767113 1.151168660179078 9
37.82293629535647 -223.37848612851812 1.1531016615469993 9
37.90389956598203 -223.19560626196406 1.154928646575534 9
37.98452834260001 -223.0125787697692 1.1567712801855423 9
38.064816440937804 -222.82940163154782 1.1586496076274493 9
38.14475865407323 -222.64607325931684 1.1605377252700226 9
38.224356043817096 -222.46259486425836 1.1624100589032063 9
38.30361105424027 -222.278968278948 1.1642721110746443 9
38.38252228389147 -222.09519371329137 1.1661564036590417 9
38.46108452100286 -221.9112697693794 1.1680682871270456 9
38.539296205280145 -221.72719655126602 1.1699461358384753 9
38.61717085852115 -221.5429803735821 1.1717292603656912 9
38.69472396944673 -221.3586283626468 1.173474281842304 9
38.77193131717766 -221.17413133220882 1.1755153644789922 9
38.84872939729088 -220.98946395846872 1.1779072875854675 9
38.925104883614985 -220.8046215267277 1.179812862486704 9
39.00124920256398 -220.61968341833824 1.1804091339051737 9
39.077397605330944 -220.4347469936968 1.179911995496119 9
39.153634163229206 -220.2498470542985 1.1795947149652393 9
39.22989345697463 -220.06495654176965 1.1796658632322752 9
39.306123448816294 -219.88005392249806 1.179806286820805 9
39.382350087473746 -219.6951498843595 1.1797022719009052 9
39.458615271624495 -219.51026170950735 1.1794598451406153 9
39.53488660414056 -219.32537607973472 1.1797043091572672 9
39.6110582238446 -219.14044941905155 1.1805380856949867 9
39.68704481879535 -218.95544663597883 1.1815785977186404 9
39.76285457345489 -218.7703712299378 1.1824498016790261 9
39.83851772751731 -218.58523580635566 1.1831844199615544 9
39.91404158066184 -218.40004356177192 1.1839753993308553 9
39.989410751677006 -218.21478839011854 1.1848543387227637 9
40.06461736689988 -218.0294672029638 1.185684816258944 9
40.13968700172418 -217.8440903879111 1.1863327866687625 9
40.21465020812789 -217.65867034494823 1.1869031762305957 9
40.28946375537826 -217.47318991512253 1.1880144078335408 9
40.364011486486326 -217.28760272365506 1.1897677134571156 9
40.43820111624101 -217.10187203770565 1.191728745920177 9
40.5120468043693 -216.91600407788627 1.193470953862463 9
40.585587159836756 -216.73001494693247 1.1950519213462256 9
40.6588202406566 -216.54390474839113 1.1968107547247644 9
40.73170404377015 -216.35765777990085 1.1988029221601633 9
40.80422476198332 -216.1712692211886 1.200549930314526 9
40.87648648340071 -215.98477981100416 1.2015823161853547 9
40.948616764817956 -215.79823935475852 1.2020780112446545 9
41.02061759204095 -215.61164907662666 1.2030840628444113 9
41.092366964299124 -215.4249622325296 1.204771595207734 9
41.163766112373736 -215.23814107186948 1.2066844935683523 9
41.23482858513462 -215.05119132002616 1.2083755640444989 9
41.305593879470536 -214.86412875944953 1.2098993656670392 9
41.37606291912698 -214.67695453678746 1.2115766541155726 9
41.44619856194901 -214.48965535534865 1.2134598055278791 9
41.515987686583124 -214.30222681447464 1.2151408207778902 9
41.5855181347095 -214.11470196266816 1.216220046704915 9
41.65490003893581 -213.92712210448124 1.2167786740809055 9
41.724186078886774 -213.73950696267536 1.2172937279485652 9
41.7933722630669 -213.55185497192215 1.2178430586214828 9
41.86243848909764 -213.36415870264298 1.218644150168025 9
41.931310693094474 -213.1763911938739 1.2199099309004104 9
41.99990337948066 -212.98852136785464 1.2215819433806983 9
42.068172441218955 -212.80053359639476 1.223316871793087 9
42.136114583890496 -212.61242748589294 1.2250587188922686 9
42.2037442001716 -212.42420890787395 1.2265551306760736 9
42.271138476649426 -212.23590584696478 1.2275591619506456 9
42.33838734680566 -212.0475507586803 1.2281558449057757 9
42.40552028331636 -211.85915440406237 1.2288442952222742 9
42.47250715988766 -211.670706158923 1.2297058754805545 9
42.539327250893976 -211.48219871880448 1.2305518737763936 9
42.60600674222736 -211.2936414018982 1.2311977184575804 9
42.67257998806439 -211.10504643283744 1.231749205799586 9
42.73900595106159 -210.91639959279675 1.2328270206298115 9
42.805169302269064 -210.72766060528485 1.2345322882554082 9
42.87097248935153 -210.53879558019486 1.2365336022147624 9
42.936400231893586 -210.34980007899046 1.2385069908163084 9
43.00145946574529 -210.16067756605563 1.2403900737717835 9
43.06620181870576 -209.97144638460827 1.241817001670266 9
43.13072294235081 -209.78213953425225 1.2427282081670306 9
43.19509767037049 -209.5927828776621 1.2434811237902055 9
43.25931169220289 -209.4033717890008 1.2444249493511315 9
43.3233305941254 -209.21389475684975 1.2455035261780056 9
43.38716012633872 -209.02435378188602 1.246387773409099 9
43.450845585778566 -208.8347641692454 1.2470241551274714 9
43.51440017546624 -208.6451305537532 1.247943194501297 9
43.57770445451708 -208.4554134439645 1.249662841506516 9
43.64060988836417 -208.26556369945808 1.2520743318807281 9
43.70304558492462 -208.07555866917448 1.2545407560715214 9
43.76501706872664 -207.8854017731837 1.2569585469921534 9
43.826551172344296 -207.69510314299922 1.2590455856734108 9
43.88774570828512 -207.5046949348276 1.2605266476160186 9
43.94871262444621 -207.31421364981878 1.261503864966655 9
44.00949061490038 -207.12367213910593 1.2625746970203982 9
44.07004632399349 -206.93305999254864 1.263836204285457 9
44.130354606948444 -206.742369399304 1.2651124475482267 9
44.19043445402907 -206.55160659517543 1.2662319786207765 9
44.25031322333592 -206.36078049422449 1.2672708820758998 9
44.30996357286717 -206.16988293735744 1.2686737528912113 9
44.36930439911352 -205.97888898528248 1.2705127350575298 9
44.42826333060149 -205.78777659703985 1.2726154402519743 9
44.48681110325258 -205.59653786406747 1.2748140667006844 9
44.544932825395506 -205.40516947040203 1.2769909778262833 9
44.60269851335387 -205.2136932795015 1.2784592610009755 9
44.66026158603138 -205.02215588781488 1.2791075683715545 9
44.71774320226861 -204.8305941142062 1.2794925474839605 9
44.77512436808162 -204.63900238904296 1.2801557743168046 9
44.83235414573418 -204.44736547206818 1.2810238488193713 9
44.88943452680888 -204.25568392187276 1.2816683769086639 9
44.94641948222597 -204.06397381233577 1.2820199531537282 9
45.00332642872247 -203.87224044781757 1.2826801350451702 9
45.060021033331395 -203.68044439132444 1.284233983943263 9
45.1163358590624 -203.48853647384445 1.286556464001689 9
45.17219353243773 -203.29649470932972 1.2889180676677192 9
45.22760510746756 -203.10432380091146 1.291200607551842 9
45.28260173410743 -202.91203400548858 1.293151489278413 9
45.33727868016247 -202.7196529290662 1.294525179415039 9
45.39174153564835 -202.52721091195696 1.2954865485137912 9
45.445976570936544 -202.33470470396733 1.2969965279640172 9
45.499852984041205 -202.142098097047 1.2992106310305827 9
45.55326378858531 -201.94936168528244 1.3016841018102925 9
45.6062143889209 -201.75649808457354 1.3039851976888968 9
45.658737005132295 -201.56351754142625 1.3061343013833602 9
45.71084920457096 -201.37042591454747 1.3082498945565892 9
45.762554193798756 -201.17722476226842 1.3103511289058514 9
45.8138464900355 -200.9839134587427 1.3125619566457778 9
45.86468902712247 -200.79048355229403 1.3150024704120815 9
45.91504184052453 -200.59692590731757 1.3175261669672953 9
45.96497145924951 -200.4032585335165 1.3192821304566578 9
46.01464865133685 -200.20952601122517 1.3201331849727267 9
46.064212426318875 -200.01576462193646 1.3206344792353115 9
46.11366086610208 -199.821973930264 1.3213231766995732 9
46.162957818486284 -199.62814459324562 1.3221951257579632 9
46.21207008051669 -199.43426829470823 1.323226240747619 9
46.26096733495836 -199.24033772314897 1.3244126092332884 9
46.30965135372956 -199.04635357334604 1.3252642645312096 9
46.3582486023373 -198.85234760486674 1.3253073222666838 9
46.40690820616869 -198.6583572132508 1.3247771281558836 9
46.45560815233343 -198.46437695371907 1.3250392900325372 9
46.50415900384884 -198.27035947092938 1.3263137930705793 9
46.55240679538059 -198.07626634479786 1.3279494002290926 9
46.60036318935591 -197.88210083373025 1.329316327019003 9
46.648078814217854 -197.68787600055848 1.330457396491082 9
46.69557318504865 -197.49359705747543 1.3316209637133658 9
46.74283538663087 -197.29926153838713 1.3328470262304384 9
46.78985467511315 -197.10486704954508 1.3341133686227362 9
46.83662592773555 -196.9104127289794 1.335398528039436 9
46.88314606091896 -196.71589824194436 1.3366822443042916 9
46.9294267800729 -196.52132665535856 1.3378471145733364 9
46.97549424424252 -196.32670436066917 1.338874278257844 9
47.021352881695336 -196.1320326896519 1.3401045656013404 9
47.06692015093081 -195.9372927311552 1.3418669119177353 9
47.11209436198874 -195.74246114364743 1.3441000765382771 9
47.15681833034725 -195.54752553071202 1.3464496331521274 9
47.201078336587116 -195.35248418519922 1.3488586147953883 9
47.244890242716735 -195.15734188842205 1.3509047217442662 9
47.28837797396849 -194.96212693727128 1.3521807818821172 9
47.331688223099505 -194.76687254943585 1.3527929238129104 9
47.37489027904995 -194.571594357904 1.3533548975589027 9
47.41797787241782 -194.37629083022057 1.3539652772653843 9
47.460923881867274 -194.1809559618311 1.3548930092512879 9
47.503632307898876 -193.9855691314019 1.3563972707929093 9
47.54599373820791 -193.79010689400226 1.3583776228113307 9
47.58797212040462 -193.59456187372243 1.3602534851487809 9
47.629602987189855 -193.39894237490952 1.3619317075404829 9
47.67091102818501 -193.20325443784526 1.3636221137745317 9
47.71186720717134 -193.00749276618865 1.3655267531158064 9
47.752433210928466 -192.81165007926222 1.367532183991173 9
47.792653786655436 -192.61573603329015 1.3689832719186041 9
47.832654681426895 -192.4197768012319 1.3697750309514338 9
47.872530297650385 -192.22379210695124 1.3704337369273838 9
47.91224018454323 -192.02777395258443 1.3714657628951232 9
47.95171342488851 -191.83170807330828 1.3728026621403255 9
47.99092919429384 -191.6355904143069 1.3740494148857307 9
48.029915498978205 -191.4394268735056 1.3751427485625782 9
48.068689105822976 -191.24322115647678 1.3762834238309682 9
48.10721526323369 -191.04696685060503 1.3776644951143404 9
48.14545126604911 -190.85065596426733 1.3791496365517122 9
48.183454359998976 -190.65429976419827 1.3799524657852886 9
48.22137919031714 -190.4579282838935 1.3799471292633132 9
48.2593290166699 -190.26156163047912 1.3799718228755065 9
48.29719189543267 -190.06517834712565 1.3808323648595358 9
48.33480832584352 -189.86874779527605 1.3823889466946226 9
48.37212128228975 -189.67225920219605 1.383835167312495 9
48.40917359398292 -189.4757211529983 1.3850419168330887 9
48.44600003120633 -189.27914070247905 1.3861936312341618 9
48.482588001658605 -189.0825158478998 1.3874675729745085 9
48.5189150386912 -188.88584268592825 1.3888154029309099 9
48.5549941598465 -188.68912383049613 1.3899584577904252 9
48.59087294662712 -188.49236824378343 1.3908521640028118 9
48.62658540036013 -188.2955824098291 1.3917230700191372 9
48.66210727313487 -188.09876217663637 1.3927887690359375 9
48.697401533896276 -187.90190105448167 1.3940091748106767 9
48.73246058340417 -187.70499784913554 1.3951533581708155 9
48.76730547809253 -187.50805652221612 1.396184407206051 9
48.80194589681408 -187.31107907744519 1.397291569810733 9
48.836342793164064 -187.11405909763567 1.398656498307635 9
48.8704504467381 -186.91698900263393 1.4001260621426168 9
48.90433570124957 -186.7198804570667 1.4008185497613583 9
48.93817495926078 -186.5227638565386 1.4005931336542894 9
48.97208014096418 -186.32565854346143 1.4004890529875493 9
49.00589555818817 -186.12853799623508 1.4015036125221707 9
49.039406891605914 -185.93136565323724 1.4034512895938709 9
49.072536152553106 -185.73412850344033 1.4052639023029425 9
49.1053380412616 -185.53683645731027 1.406770741366261 9
49.137858830799445 -185.33949798276527 1.4081813931425031 9
49.17009084126023 -185.14211227876874 1.4096968972551822 9
49.202014277827736 -184.94467645707428 1.4112887966707404 9
49.23363026752607 -184.7471910944691 1.4127934160645497 9
49.264960286106934 -184.5496601378561 1.414184628637968 9
49.29602511045532 -184.3520873690231 1.4154857082966796 9
49.326839554502655 -184.1544753910219 1.416718945536439 9
49.357414998225785 -183.95682622139768 1.4179434387411338 9
49.387719319332014 -183.75913531708827 1.4194985712707602 9
49.41767812803546 -183.5613917606415 1.4214384329539078 9
49.44722382489673 -183.36358585754618 1.4236346072852957 9
49.476321818271906 -183.16571366044136 1.4259642835161024 9
49.50495014300586 -182.96777325393063 1.4282898612198216 9
49.53318822975422 -182.76977674470317 1.429822062664896 9
49.56121394139597 -182.57174985169712 1.430435314481805 9
49.58916786597233 -182.3737129170198 1.4307486070306692 9
49.6170308511442 -182.1756633338706 1.4313534609880283 9
49.64474753739896 -181.97759328651117 1.4321793903272604 9
49.672314459844316 -181.7795022558948 1.4328223800815778 9
49.69977851220178 -181.58139680369536 1.433218212952818 9
49.727156370489254 -181.3832793692285 1.4338499660833945 9
49.75433995978281 -181.185135339535 1.4351790220685854 9
49.781194538730844 -180.98694647262568 1.4371030610470894 9
49.80766066673617 -180.78870516845234 1.4390358960139238 9
49.83375195095329 -180.59041415049987 1.440884302394156 9
49.85949443971641 -180.39207767080396 1.4425075067277597 9
49.88495061954257 -180.1937042440183 1.4437711318541233 9
49.91019054121015 -179.9953032446804 1.4447115622487405 9
49.935257478861836 -179.79688037067436 1.4455370716123366 9
49.9601687440893 -179.59843775501278 1.4462808074709672 9
49.98491421462051 -179.39997423603907 1.4473362110222083 9
50.00938201262749 -179.20147650265304 1.4490785318068609 9
50.033439818895786 -179.00292882221007 1.4513866895006837 9
50.057044528936025 -178.80432653006326 1.453568101393341 9
50.080239491637776 -178.60567568699054 1.4555128602558127 9
50.10305454064285 -178.40698083547903 1.4574754062615898 9
50.125453712631185 -178.2082389660273 1.4596981215505331 9
50.147389936045 -178.00944575599993 1.4620412723124898 9
50.16891919204061 -177.81060788247976 1.4637068643964044 9
50.19019721523676 -177.61174267011 1.4645685330765061 9
50.2113390152985 -177.4128630210585 1.4652936508170216 9
50.23228702933285 -177.2139631263911 1.4665169382534897 9
50.252945170542105 -177.01503299691606 1.4681498037589495 9
50.27328261020055 -176.81606964707217 1.4696871459832166 9
50.29333162349892 -176.61707686374075 1.471049077704077 9
50.31311399327317 -176.41805740217995 1.4724300375919641 9
50.33260122466348 -176.21900898494022 1.4740146303213082 9
50.35175652109624 -176.019928481769 1.4756918169613054 9
50.370624889603185 -175.82082047908554 1.4768296289152265 9
50.38933034613733 -175.62169701635335 1.4773283067141274 9
50.407980700563975 -175.4225685101184 1.4774766768449374 9
50.426609127480724 -175.2234379747312 1.4775485185113755 9
50.445226285649376 -175.02430623370242 1.477678640781864 9
50.463743574387195 -174.8251651780522 1.4786332038981858 9
50.481976613378826 -174.6259980794635 1.4805329390237332 9
50.4997750080354 -174.4267914956879 1.4828150280472887 9
50.51713375242521 -174.22754594176527 1.4849466790196437 9
50.534083582231254 -174.02826532751436 1.486902422737882 9
50.550674037834966 -173.82895458341966 1.4885376305956755 9
50.566972786129384 -173.62961962381954 1.4898296148418775 9
50.58301861479513 -173.43026407013295 1.4912174387938568 9
50.59873683373385 -173.23088260493373 1.4931159418135567 9
50.61402841637735 -173.0314680061061 1.4954421146107344 9
50.62885534406625 -172.83201812242268 1.4977259177612836 9
50.64323832302677 -172.6325356837822 1.4998935288013846 9
50.65719800295961 -172.43302332203217 1.5019811915618064 9
50.670745709182775 -172.23348253694869 1.5040230566777526 9
50.68388896804151 -172.03391447600848 1.5060648929112612 9
50.69660165378399 -171.83431853575317 1.508365219382252 9
50.708825301408595 -171.63469243009803 1.510964396566153 9
50.72055067087743 -171.43503660349262 1.5131153619740831 9
50.73196149338995 -171.23536218742558 1.514115353327833 9
50.74327888384851 -171.03568235923728 1.5142171507064364 9
50.75453829662719 -170.83599948929373 1.5148470833404926 9
50.76559688508899 -170.63630556937144 1.5162283308520406 9
50.7763337821377 -170.4365939326215 1.5179294181855698 9
50.786739523160485 -170.23686463338504 1.5195445981098128 9
50.79683269504732 -170.03711938626253 1.5210311003977586 9
50.80666332973726 -169.83736111490265 1.522147633889979 9
50.81631164923406 -169.63759390374804 1.5228565085027506 9
50.82584019718526 -169.43782095659978 1.5234369385630389 9
50.83523940433263 -169.23804193782274 1.5241513406327603 9
50.84448369970187 -169.03825572292152 1.524964852151492 9
50.85357311539071 -168.8384623699395 1.525680975684922 9
50.862532252997255 -168.63866307172123 1.526269052035592 9
50.87136901513613 -168.43885830457072 1.526990323670145 9
50.88002384391879 -168.23904563772837 1.5280900995682094 9
50.88842276121578 -168.03922202916695 1.5295201175615223 9
50.896527204630054 -167.83938617958967 1.5310086304848196 9
50.904332575383314 -167.63953846097402 1.5325131387902593 9
50.911851681596254 -167.43967984081732 1.5337969456874618 9
50.91915844667068 -167.23981329931792 1.534638026908939 9
50.92633938391612 -167.0399422170618 1.5350934972665655 9
50.93343910922352 -166.84006829124036 1.5354846026172577 9
50.940462087458044 -166.64019160581927 1.5358615323817024 9
50.94739318728004 -166.44031162932967 1.5364895613338836 9
50.954148812636326 -166.24042573405757 1.5376172748121857 9
50.9606321557428 -166.04053089870163 1.5391551677635351 9
50.96681204368951 -165.84062634440377 1.5406002494444873 9
50.97272016443889 -165.64071343997423 1.541874170230829 9
50.97837825236905 -165.44079329080725 1.5431609745018606 9
50.98376056190713 -165.2408656717703 1.5446329646852799 9
50.98883352913654 -165.04093011968757 1.546189344741495 9
50.99363748118465 -164.84098783872454 1.5472642288982392 9
50.9982834657476 -164.6410416288472 1.5477696848564289 9
51.00284117790308 -164.4410933627083 1.548357188097165 9
51.007212286959934 -164.2411411435473 1.5496361333380457 9
51.01126272720904 -164.04118227628348 1.5514847891126642 9
51.01494762540967 -163.84121613782318 1.553220235751496 9
51.01830743385547 -163.6412440872294 1.5547362814506542 9
51.021371790617266 -163.44126731603052 1.5562427220481307 9
51.02411624293232 -163.24128607719143 1.5579356362680254 9
51.02650678091064 -163.04130043314876 1.5597196509650402 9
51.02857924690904 -162.84131113383057 1.5610602199776393 9
51.03043626370475 -162.6413195864228 1.56187435366608 9
51.03216091690747 -162.4413269431618 1.5624892963192414 9
51.0337519442103 -162.24133328815802 1.5632106503351384 9
51.03518808973403 -162.0413384572638 1.564037671810917 9
51.03644864096481 -161.8413423977959 1.5649661977072467 9
51.03751340464243 -161.64134516358962 1.565995584316991 9
51.03836172051326 -161.4413468537235 1.567133014422757 9
51.03897107676906 -161.24134772283978 1.5683851943140084 9
51.03932163921816 -161.04134806003407 1.5696617834999786 9
51.03945969616372 -160.84134810236762 1.5704569793764143 9
51.03949470646608 -160.64134803719014 1.5706923577830838 9
51.039513781608335 -160.44134801145785 1.570734280088765 9
51.03950963087879 -160.24134802636735 1.570924616485698 9
51.03945341306308 -160.04134804999202 1.5712389745004305 9
51.03933413838016 -159.8413480811828 1.571540804928608 9
51.03915787023237 -159.64134814819187 1.571808912339616 9
51.0389306437996 -159.44134827474352 1.572053754785637 9
51.03865579967024 -159.24134846291855 1.5722850896946583 9
51.038335571329874 -159.0413487112154 1.5725164808800585 9
51.03796226682832 -158.8413490510243 1.5728238460317496 9
51.037518713734556 -158.64134954515296 1.5732189254059956 9
51.036997245781045 -158.4413502297872 1.5735561339539343 9
51.03642770414655 -158.2413510353368 1.5736996637326595 9
51.03584764092957 -158.0413518700906 1.573683811958543 9
51.03526951411081 -157.8413527051601 1.5737005063435807 9
51.03468181539471 -157.6413535716557 1.5737795132852155 9
51.034076223002906 -157.44135449104394 1.5738597993464978 9
51.03346013796152 -157.24135543910782 1.5738844401683028 9
51.03284369092488 -157.0413563841752 1.5738823637537538 9
51.03221584936328 -156.8413573661556 1.5740154239517739 9
51.031545371067836 -156.64135849331532 1.5743087018926778 9
51.03080740187507 -156.44135985525165 1.574656233753734 9
51.03000438274049 -156.24136146038384 1.5749592058541408 9
51.029144936332926 -156.04136329882886 1.5752260004871452 9
51.02823155367899 -155.84136538069322 1.5755035093349716 9
51.02726087104189 -155.64136773517052 1.5757989997499817 9
51.026230885489404 -155.44137038495973 1.5760889886614657 9
51.02514564258113 -155.24137332523492 1.576351580941429 9
51.02401073661131 -155.0413765435395 1.5765834461355495 9
51.02283419783318 -154.84138000398872 1.57676595553022 9
51.021626382221875 -154.64138364832937 1.5768962423924064 9
51.02039266081904 -154.44138744984832 1.5770490796944452 9
51.01911914689042 -154.24139150483717 1.5772941757215757 9
51.01779034286462 -154.04139592001403 1.5775771846495938 9
51.01641154110013 -153.84140067027536 1.5777917180817138 9
51.01500472695876 -153.64140561675003 1.5778148690856328 9
51.01362589800002 -153.44141037025497 1.5775143068924753 9
51.01232339274801 -153.241414605123 1.5771090053725938 9
51.01109852061153 -153.04141836098785 1.5767430759658259 9
51.00993376773684 -152.8414217625615 1.576529550686692 9
51.008795028223304 -152.6414249635874 1.5764157249314945 9
51.007733957442504 -152.4414277598785 1.5756526574268075 9
51.00689689691601 -152.24142956161762 1.5743245187165793 9
51.00628565565742 -152.0414304538916 1.5734813357788977 9
51.00578986072872 -151.84143103168213 1.5730959560295705 9
51.005360639428815 -151.64143150189835 1.5728010777599772 9
51.004984272999685 -151.44143186038625 1.5725497655200842 9
51.004664929951055 -151.24143210812082 1.5722212884401319 9
51.00442029736726 -151.04143225146177 1.5718031751118227 9
51.00426356858885 -150.84143230512757 1.5713599498081083 9
51.0041935747956 -150.64143230822773 1.5709358251234202 9
51.00420653420395 -150.44143230352043 1.5705298439152557 9
51.00429923713257 -150.24143232101198 1.5701380792157658 9
51.004468916672906 -150.04143238091592 1.569759662372284 9
51.004716717855054 -149.84143251593292 1.56934260207213 9
51.005055357143455 -149.64143279655295 1.5688512801593437 9
51.00549710523634 -149.4414332927894 1.5683501735026468 9
51.00601569263087 -149.24143396341077 1.568103811245156 9
51.00655523811699 -149.0414346817051 1.568138893021971 9
51.00707505403399 -148.84143535508713 1.568242787372279 9
51.00758177605212 -148.6414359987092 1.5682698323409554 9
51.00809004487085 -148.44143664593813 1.568238239147132 9
51.00860361568111 -148.24143730521197 1.568222722760564 9
51.009117878016106 -148.041437965811 1.5682311171800896 9
51.009629947785115 -147.84143862118364 1.5682375531134785 9
51.01014269837383 -147.64143927860079 1.5682243089529184 9
51.01065988557956 -147.44143994743845 1.5681958856732303 9
51.01118257480507 -147.24144063041672 1.568170749368686 9
51.01170976370982 -147.04144132513971 1.5681508570711016 9
51.012240694171986 -146.84144202981636 1.568132247048507 9
51.012775489793 -146.64144274483837 1.568112205344229 9
51.013314423330286 -146.44144347096642 1.5680910710820644 9
51.01385756483543 -146.24144420845525 1.568070235574081 9
51.01440482857836 -146.04144495717068 1.5680498447193842 9
51.014956160812766 -145.8414457170645 1.5680294189797719 9
51.01551161451795 -145.6414464883729 1.5680086298536393 9
51.01607125249178 -145.44144727135588 1.5679877240786217 9
51.01663499004988 -145.24144806584638 1.567967713925647 9
51.01720262930508 -145.04144887134947 1.567948684961183 9
51.01777417592417 -144.84144968796804 1.5679278853798544 9
51.01835024800872 -144.64145051760332 1.567903430119187 9
51.01893145196153 -144.44145136212163 1.5678784344306171 9
51.01951653213011 -144.2414522179161 1.5678656787842076 9
51.02010280221503 -144.04145307717442 1.5678664537327844 9
51.02068830416016 -143.84145393420144 1.5678705639239991 9
51.02127334894014 -143.64145478990193 1.5678710254036001 9
51.02185863289204 -143.44145564630136 1.5678686724107922 9
51.02244435372047 -143.241456503975 1.5678669273348242 9
51.023030325917325 -143.04145736238343 1.567866152882654 9
51.02361640889425 -142.84145822111785 1.5678656194171718 9
51.024202624443234 -142.64145908024182 1.5678648271562752 9
51.02478902203313 -142.44145993989932 1.5678638332925803 9
51.025375616950015 -142.24146080013512 1.5678628724339698 9
51.02596239820946 -142.0414616609174 1.567861969704685 9
51.02654935560188 -141.84146252221666 1.5678611058030574 9
51.0271364832131 -141.6414633840156 1.56786026750937 9
51.02772377726758 -141.44146424630313 1.5678594212092654 9
51.02831125407862 -141.24146510912746 1.5678584290326647 9
51.02889894537116 -141.041465972582 1.5678572800630821 9
51.02948684878843 -140.8414668366599 1.5678564337754055 9
51.03007485973002 -140.64146770105393 1.5678562048151328 9
51.03066286038752 -140.4414685654177 1.5678564519326905 9
51.03125081735741 -140.24146942965308 1.5678565958945758 9
51.03183876208468 -140.04147029385246 1.5678565753555074 9
51.032426718346116 -139.8414711580857 1.5678565146425087 9
51.03301468225529 -139.6414720223415 1.5678564988775916 9
51.0336026452503 -139.44147288659457 1.5678565173831551 9
51.034190605148886 -139.24147375083854 1.567856526381169 9
51.03477856466933 -139.0414746150814 1.5678565212885847 9
51.035366525495476 -138.8414754793281 1.5678565175616497 9
51.035954485872416 -138.6414763435735 1.5678565257806396 9
51.03654244373995 -138.44147720781146 1.5678565377324278 9
51.03713040194447 -138.24147807205046 1.5678565197498082 9
51.037718367100055 -138.04147893630991 1.567856468423318 9
51.03830634403038 -137.84147980060393 1.5678564088941114 9
51.03889433196611 -137.64148066493033 1.5678563583687757 9
51.03948232918933 -137.441481529284 1.5678563147788647 9
51.04007033521772 -137.24148239366363 1.5678562696469391 9
51.040658350517816 -137.04148325807049 1.5678562220768641 9
51.04124637543547 -136.8414841225056 1.567856174000587 9
51.04183440988674 -136.64148498696878 1.5678561267401303 9
51.042422453720235 -136.44148585145953 1.5678560800023367 9
51.043010506959625 -136.2414867159779 1.5678560325858628 9
51.04359856976295 -136.04148758052446 1.5678559843777966 9
51.04418664214873 -135.84148844509915 1.5678559372830876 9
51.04477472371174 -135.64148930970086 1.5678558926051582 9
51.045362814050165 -135.44149017432832 1.5678558483082752 9
51.045950913978096 -135.24149103898398 1.5678557960507067 9
51.04653902524192 -135.04149190367298 1.5678557351477507 9
51.047127147755084 -134.84149276839509 1.5678556903372924 9
51.04771527592852 -134.64149363313385 1.5678556785449824 9
51.04830340346921 -134.44149449787068 1.5678556920171047 9
51.0488915287152 -134.2414953626008 1.567855698982124 9
51.049479653560454 -134.04149622732976 1.5678556960841794 9
51.05006777943212 -133.84149709206176 1.5678556907550714 9
51.05065590610424 -133.64149795679606 1.567855688079622 9
51.05124403307024 -133.44149882153127 1.5678556874545755 9
51.051832160183864 -133.2414996862669 1.5678556864080477 9
51.052420287575536 -133.0415005510033 1.567855684677956 9
51.05300841534795 -132.8415014157409 1.5678556827274912 9
51.0535965435008 -132.64150228047959 1.5678556808735653 9
51.05418467201331 -132.44150314521931 1.5678556791531688 9
51.054772800842564 -132.24150400995998 1.56785567771787 9
51.0553609299288 -132.0415048747014 1.5678556765758183 9
51.055949059282895 -131.84150573944365 1.5678556747797103 9
51.05653718912642 -131.64150660418727 1.5678556716814112 9
51.05712531967491 -131.44150746893294 1.5678556684020621 9
51.057713450474274 -131.24150833367935 1.5678556695355577 9
51.058301580557 -131.04150919842382 1.5678556754580555 9
51.05888970997268 -130.84151006316654 1.5678556724441552 9
51.05947784182382 -130.64151092791607 1.5678556511031736 9
51.06006597911934 -130.4415117926806 1.5678556278229836 9
51.06065411508041 -130.24151265744143 1.5678556697523667 9
51.06124223542371 -130.04151352215905 1.5678557823677746 9
51.06183034092085 -129.84151438683557 1.5678557625382379 9
51.062418477525966 -129.6415152515982 1.5678554712867157 9
51.06300669023076 -129.44151611657148 1.5678551405687322 9
51.063594885492186 -129.2415169814965 1.5678557208030306 9
51.06418286354683 -129.04151784582024 1.567857289866948 9
51.064770634521004 -128.8415187095707 1.5678570152548472 9
51.06535883857405 -128.6415195745201 1.5678529590618144 9
51.0659481025785 -128.44152044240357 1.5678483523134779 9
51.06653712370183 -128.24152130961477 1.5678564337115382 9
51.06712311977857 -128.0415221684519 1.567878252363423 9
51.067706542445414 -127.8415230201653 1.5678702212251727 9
51.068297538332686 -127.64152389284308 1.5678025198705623 9
51.06890175977726 -127.44152480213221 1.5677904000480274 9
51.06948096472819 -127.24152564216999 1.5680577268613698 9
51.06998663954528 -127.04152628205 1.5684679771361876 9
51.0704171513482 -126.84152673947287 1.5688073978968136 9
51.070784690273776 -126.64152707448443 1.569110915805172 9
51.071090875987416 -126.44152730712786 1.5694210075963417 9
51.07133289599826 -126.24152744889695 1.5697592081207798 9
51.07150262968585 -126.04152752042502 1.570142465692132 9
51.071601723128964 -125.84152754557428 1.5704271036007929 9
51.07166315028648 -125.64152755160183 1.5705211437597333 9
51.071718205274124 -125.44152755878622 1.5705108799070304 9
51.07178132897775 -125.24152756982613 1.5704419849925648 9
51.07186106972867 -125.04152758572445 1.5703522846732292 9
51.07195933745738 -124.84152760897663 1.5702565880865325 9
51.07207823167896 -124.64152764320318 1.570142809715608 9
51.07222246967407 -124.44152769473507 1.5700031502927037 9
51.072396986781115 -124.2415277703001 1.569843461945613 9
51.07260335119645 -124.04152787552921 1.5696863513648027 9
51.07284065507812 -123.84152801524604 1.5695340782216778 9
51.07310785215098 -123.64152819334339 1.5693877000792271 9
51.07340366708722 -123.44152841113858 1.5692478993136096 9
51.07372708033354 -123.24152867019433 1.5691074868159354 9
51.074081208187046 -123.04152898181177 1.5689386968953414 9
51.07447219961356 -122.84152936443392 1.568739798788563 9
51.07489937041089 -122.64152982113518 1.5686008051591473 9
51.07534254294578 -122.44153031112587 1.5685797810666275 9
51.075779688518836 -122.24153078910632 1.5686387077809856 9
51.07621064657595 -122.04153125416597 1.568630790382371 9
51.07665131533501 -121.84153173799227 1.5685434423361908 9
51.07710457340658 -121.64153224665695 1.5685512511957962 9
51.077535495091624 -121.44153271178715 1.5687668066221474 9
51.07790461756057 -121.24153305682259 1.5691394351898769 9
51.07820161965207 -121.04153327302276 1.5694735377885112 9
51.07843759203089 -120.84153340148004 1.569750255983864 9
51.07862032180253 -120.6415334774443 1.5700191099403131 9
51.078746874651785 -120.44153351642353 1.5703120253196874 9
51.07881292813914 -120.24153353035553 1.5706171065099959 9
51.07882099959591 -120.04153352961133 1.5708884500584825 9
51.07877862270676 -119.84153352342238 1.5711226590275738 9
51.078685691396444 -119.64153353063638 1.571420826831533 9
51.07852021502353 -119.4415335973105 1.5718481098824522 9
51.078257762018346 -119.24153377342041 1.5723707223770862 9
51.07789332374566 -119.04153409712757 1.5728583250721524 9
51.077436153501125 -118.84153459793266 1.5732987508417788 9
51.07689070929602 -118.64153532018122 1.5737587936717725 9
51.07624699137809 -118.44153635066303 1.5742814927712716 9
51.07549455459507 -118.24153777423582 1.574816205728535 9
51.07465206307305 -118.04153954508789 1.5751676060820319 9
51.07375954680997 -117.84154152148707 1.5753181158126568 9
51.07284551691683 -117.64154360430983 1.5754242888268029 9
51.07190460041287 -117.44154582087083 1.5755869852291409 9
51.07092612113915 -117.24154821807568 1.5757909487978463 9
51.06990817151964 -117.04155080734883 1.5759773441861424 9
51.068855280380646 -116.8415535740751 1.5761407557494407 9
51.0677693214843 -116.64155651816563 1.5763177219319655 9
51.06664426077295 -116.4415596821991 1.5765317800819711 9
51.065473954301936 -116.24156310849928 1.5767519947711723 9
51.064270037156724 -116.04156673162935 1.5768590754558092 9
51.06305719192077 -115.84157040706879 1.5768422859130289 9
51.06185310169039 -115.6415740312297 1.5767967688225957 9
51.06065485909996 -115.44157762111739 1.5767838085099024 9
51.05945625031011 -115.24158121310786 1.5767961851936412 9
51.058255210622036 -115.04158481934991 1.5768060604407081 9
51.05705272176084 -114.84158843420411 1.5768107197236882 9
51.05584952793199 -114.64159205339207 1.576814174639147 9
51.05464550519008 -114.44159567763161 1.5768190090081624 9
51.05344039050871 -114.24159930844127 1.5768249106583776 9
51.052234100256605 -114.04160294631124 1.576830675978366 9
51.051026682534484 -113.84160659097672 1.5768361849157888 9
51.04981819316726 -113.6416102421214 1.5768413764300457 9
51.04860870118915 -113.44161389933348 1.57684621120818 9
51.04739826190591 -113.24161756228115 1.5768510786183152 9
51.046186706875844 -113.04162123198189 1.5768574798106698 9
51.044973703812246 -112.84162491044138 1.5768655075825337 9
51.04375929008961 -112.64162859744155 1.5768702955660139 9
51.04254455615191 -112.44163228642955 1.5768687097949325 9
51.04133053928305 -112.24163597117213 1.5768665139431786 9
51.04011496484672 -112.04163966535562 1.5768859275889864 9
51.03889313272252 -111.8416433972547 1.5769283694989953 9
51.03766551056444 -111.64164716406245 1.5769257700719088 9
51.03644729570328 -111.44165087438074 1.5768342948340068 9
51.03525537640752 -111.2416544267915 1.5766754637091724 9
51.03409427566414 -111.04165779634181 1.576532233225465 9
51.032959439793274 -110.84166101420772 1.5764126166403571 9
51.03184750785088 -110.64166410419594 1.5762983433158733 9
51.030759072392705 -110.44166706568352 1.5761776482850105 9
51.02969535257695 -110.24166989417154 1.5760521135207781 9
51.02865665859577 -110.04167259072068 1.5759278369888372 9
51.02764263348372 -109.84167516047245 1.5758054030247295 9
51.026653038929815 -109.64167760793055 1.5756830649907145 9
51.02568801456278 -109.44167993553522 1.575559698233089 9
51.024747740322766 -109.24168214546387 1.5754359293788838 9
51.02383203610849 -109.04168424126263 1.5753141737658258 9
51.02294045806372 -108.84168622748075 1.575194599542253 9
51.02207303070601 -108.64168810710896 1.5750710245345332 9
51.021231116254505 -108.44168987867883 1.5749394681923088 9
51.02041601471314 -108.24169154091729 1.5748071213786217 9
51.01962489448883 -108.04169310615494 1.5747017006546191 9
51.01885188245845 -107.84169459674534 1.5746270296885694 9
51.018083868359376 -107.64169606575847 1.574676494142381 9
51.017287535257196 -107.44169765221524 1.574910222150297 9
51.016427869585584 -107.24169950337603 1.5752835826917098 9
51.01549550096841 -107.04170167168768 1.5756245499527766 9
51.01449988054911 -106.84170414000617 1.575916511769345 9
51.013447974714445 -106.64170690046379 1.5761975008320377 9
51.01233852044428 -106.44170997587135 1.576492004733329 9
51.011168957529016 -106.24171339381968 1.5767965613843733 9
51.009938714883916 -106.04171717370177 1.577097827094279 9
51.00864868109212 -105.84172132889654 1.5773945459346006 9
51.00729933549441 -105.6417258756174 1.577692488924556 9
51.00588990877449 -105.44173083846013 1.5779953715616872 9
51.0044195712115 -105.2417362420564 1.5782993577998443 9
51.002889696911254 -105.04174209108751 1.5785896635414036 9
51.00130327381816 -104.84174837562675 1.5788653169191706 9
50.99966004511137 -104.64175511615693 1.57916908131135 9
50.99795050180161 -104.44176241983764 1.579528486852908 9
50.99616558646976 -104.24177038954822 1.5798932892042077 9
50.99432510606298 -104.04177885706268 1.5800698578949477 9
50.99247004015132 -103.84178745528756 1.5800408462929683 9
50.99062960766122 -103.64179592234268 1.5799658517536634 9
50.98879849776373 -103.44180430587349 1.5799476166284678 9
50.98696596008353 -103.2418127022765 1.5799715531551695 9
50.98512962457759 -103.04182113269809 1.5799814441327527 9
50.98329327113691 -102.84182956306219 1.579971892302229 9
50.981459667445705 -102.64183796842411 1.5799579339084455 9
50.97962832803515 -102.44184635316995 1.5799492485571487 9
50.977798251452775 -102.24185472633808 1.5799445471812015 9
50.97596917677786 -102.04186309029113 1.579938862149306 9
50.97414138653025 -101.84187144249275 1.579931715897321 9
50.97231507809132 -101.64187978117253 1.5799243809945338 9
50.970490173519366 -101.44188810703764 1.579917676642672 9
50.9686665599065 -101.2418964211108 1.5799112825481547 9
50.966844308341365 -101.04190472277065 1.5799039644389263 9
50.96502362471248 -100.84191301019155 1.5798956320888828 9
50.96320450467832 -100.64192128341989 1.5798890651332558 9
50.9613863425252 -100.44192954785751 1.5798860528752632 9
50.95956855899326 -100.24193780867122 1.5798834001958029 9
50.95775241025672 -100.04194605468763 1.5798687949389607 9
50.95594049623092 -99.84195426277076 1.5798414516317474 9
50.954132558661684 -99.64196243522888 1.5798390131657225 9
50.95232019543034 -99.4419706468697 1.579885709986325 9
50.9504952805653 -99.24197897006175 1.5799402678513197 9
50.94867339736766 -99.04198726637337 1.579843646862149 9
50.94688751891108 -98.84199524276366 1.5795815665702029 9
50.94516120139471 -98.64200269323223 1.5792819412998333 9
50.943490328034656 -98.44200966716323 1.5790271045310063 9
50.94186639034558 -98.24201625448036 1.5788061660746227 9
50.94028713526949 -98.0420224875148 1.5785771657560324 9
50.93875489983085 -97.84202835633782 1.578336060389829 9
50.93727137074061 -97.64203385679296 1.578092701092831 9
50.935836103571326 -97.44203900373891 1.5778534282355654 9
50.934448345802785 -97.24204381491097 1.5776166727695513 9
50.933108246162824 -97.04204830178077 1.5773763895410313 9
50.93181661388051 -96.84205247122793 1.577132095180621 9
50.93057350599546 -96.64205633386781 1.5768937874177331 9
50.929376816691565 -96.44205991114318 1.5766679006010496 9
50.92822451833047 -96.2420632242312 1.5764433582306754 9
50.92712094546042 -96.04206626421116 1.5761774872097105 9
50.92607508970958 -95.84206900013089 1.5758675637461448 9
50.925086062257506 -95.64207144756833 1.5756437052883516 9
50.92412482583476 -95.4420737546682 1.575589649910982 9
50.92315922830807 -95.24207608365086 1.5756615229026358 9
50.9221823183154 -95.04207846977151 1.5756902957165573 9
50.921205630897816 -94.84208085514801 1.5756601292221255 9
50.92023512545788 -94.64208320966429 1.5756492113539735 9
50.91925984694339 -94.44208558750684 1.5757078605375494 9
50.91826657675555 -94.24208805423338 1.5758192204200618 9
50.91725177826242 -94.04209062839502 1.5759183514318338 9
50.91621901861097 -93.84209329405375 1.575998986971579 9
50.915170927714065 -93.64209603982877 1.5760754698151533 9
50.91410703270226 -93.44209886942315 1.5761570303430843 9
50.913026371023 -93.24210178891617 1.5762423832959835 9
50.91192871834945 -93.04210480073684 1.5763265772028143 9
50.91081439192319 -92.84210790463649 1.5764091437475836 9
50.90968357445862 -92.64211110112316 1.576491998104175 9
50.90853603436244 -92.44211439301155 1.57657637278501 9
50.90737151444605 -92.24211778322595 1.5766611306022535 9
50.90619041068892 -92.04212127059415 1.5767418905718387 9
50.90499359725593 -91.84212485094527 1.5768183628271477 9
50.903781002162866 -91.64212852614564 1.576903017068775 9
50.90254985589212 -91.44213231527081 1.5770038781018394 9
50.901297520282654 -91.24213623655345 1.5771063104259424 9
50.900029763315636 -91.04214025452724 1.5771539318273644 9
50.89875851746613 -90.84214429434654 1.5771416924004793 9
50.89749230563275 -90.64214830254129 1.5771158615553844 9
50.896229641429635 -90.4421522884402 1.5771062153972693 9
50.8949674496115 -90.24215627134069 1.577108831837319 9
50.893704907638124 -90.04216025640643 1.577108601450461 9
50.89244284576317 -89.84216423843151 1.5771040663332023 9
50.89118187576037 -89.64216821358066 1.5770985689462813 9
50.88992188634424 -89.44217218255523 1.5770942602722045 9
50.88866265237635 -89.24217614677083 1.577090834572234 9
50.88740412432279 -89.04218010654127 1.5770871140283167 9
50.886146381464776 -88.84218406137218 1.5770829880488513 9
50.88488946575864 -88.64218801100338 1.577078981557481 9
50.883633305606665 -88.44219195588745 1.577075432358024 9
50.88237782431506 -88.24219589650895 1.57707198221783 9
50.88112315094451 -88.04219983206059 1.577067251097894 9
50.87986956517834 -87.84220376078953 1.5770611486051935 9
50.87861704263308 -87.64220768285195 1.577057681206821 9
50.87736469222733 -87.44221160384554 1.5770594271768323 9
50.87611159117627 -87.24221552956568 1.577063477795027 9
50.87485848734663 -87.04221945529692 1.5770586276493743 9
50.873607352100606 -86.84222336862649 1.5770440799391419 9
50.872358105398526 -86.642227270062 1.5770469267316611 9
50.87110480651749 -86.44223119702295 1.577084602532805 9
50.86984083763963 -86.24223519121811 1.5771486665306134 9
50.868564429011165 -86.04223926416543 1.5772066017522588 9
50.8672773678399 -85.84224340523247 1.5772552707844816 9
50.865980970557914 -85.64224760672192 1.5773018745060616 9
50.86467499587062 -85.44225187064706 1.5773510468726446 9
50.86335895757105 -85.24225620054575 1.5774021203598527 9
50.86203275284946 -85.0422605975345 1.5774525234487797 9
50.86069656012682 -84.84226506095402 1.5775020158087356 9
50.85935046890828 -84.6422695907514 1.5775518402192559 9
50.85799429985784 -84.44227418869818 1.5776027964320873 9
50.85662786389763 -84.2422788566192 1.5776539799707632 9
50.855251491433826 -84.04228359263293 1.577701906558601 9
50.853865893146164 -83.84228839214505 1.577746348960353 9
50.85247100566259 -83.64229325611666 1.5777975052651683 9
50.85106455956101 -83.44229820134113 1.5778619379962748 9
50.84964439396681 -83.2423032438314 1.5779276517396823 9
50.84821523743261 -83.04230835013443 1.5779484382210212 9
50.846786867653265 -82.84231345054471 1.577920519171305 9
50.84536387808375 -82.6423185124705 1.5779129470201134 9
50.843935924950515 -82.4423236102624 1.5779701561043256 9
50.84249069976919 -82.24232883238588 1.5780764364230748 9
50.84102491674677 -82.04233420338491 1.578171272343024 9
50.8395419095178 -81.84233970090831 1.5782488272933137 9
50.838044125012175 -81.64234530890973 1.5783226394121332 9
50.836531081664894 -81.44235103215509 1.5784014200614178 9
50.83500184411989 -81.24235687862088 1.5784837542333188 9
50.83345628968426 -81.04236285030714 1.5785641913997346 9
50.83189489157125 -80.84236894483193 1.5786422421956592 9
50.83031780206962 -80.64237516243038 1.5787222662167466 9
50.82872423044197 -80.442381510997 1.5788070686589495 9
50.82711339000693 -80.2423879983486 1.5788925497263964 9
50.82548684861754 -80.042394612554 1.5789629175547713 9
50.82384789744798 -79.84240132722837 1.5790171574324503 9
50.82219622141841 -79.64240814632186 1.5791027657125456 9
50.82052123158502 -79.44241516020352 1.5792503036073209 9
50.818812849620926 -79.24242245494347 1.5794037885411358 9
50.81709314806816 -79.04242984611614 1.5793475853728036 9
50.815407773974336 -78.84243695096042 1.5790623875768417 9
50.813789327053804 -78.64244349987379 1.57872523986989 9
50.812232110901014 -78.44244955499596 1.578450059992686 9
50.81072435307198 -78.24245523111142 1.5782217902981637 9
50.80926292863397 -78.04246056824472 1.5779824323011375 9
50.80785105646348 -77.8424655515764 1.5777263978036613 9
50.80649107241024 -77.64247017368581 1.5774670938044593 9
50.80518241232305 -77.44247445156114 1.5772131466015096 9
50.80392408334978 -77.24247840594072 1.5769626541736959 9
50.80271618493168 -77.04248205034445 1.576708290779308 9
50.80155961697059 -76.84248539300042 1.5764494542025431 9
50.800454480241264 -76.6424884455562 1.5761967943193678 9
50.79939857189169 -76.44249122963825 1.5759571630883245 9
50.798389763170135 -76.2424937667306 1.5757189897930015 9
50.79743257009755 -76.04249605202016 1.5754377112332174 9
50.796536371488514 -75.84249806144884 1.5751104849029387 9
50.79570024120783 -75.64249981143476 1.5748730030261953 9
50.79489390277957 -75.44250143368916 1.5748125636422454 9
50.79408375659774 -75.24250307231966 1.574885286281966 9
50.79326140195538 -75.04250476328878 1.5749221762485097 9
50.79243692101197 -74.84250646323709 1.5749071018785281 9
50.79161684249882 -74.64250814418102 1.5748918953964839 9
50.79079648393237 -74.4425098266064 1.5749099024487692 9
50.7899700967437 -74.24251153555093 1.5749394307045983 9
50.78914438926416 -74.04251324140024 1.5748969395051249 9
50.78833518858124 -73.84251487453386 1.5747767328057318 9
50.78754144935346 -73.64251643960989 1.5748013246636792 9
50.7867139973797 -73.44251815315879 1.575113863524772 9
50.78579811956229 -73.24252025780767 1.5756445780929422 9
50.78477916874239 -73.04252284367745 1.5761247741367432 9
50.78367188639205 -72.84252588902478 1.5765285344119846 9
50.782487160543965 -72.64252938672576 1.5769148686694305 9
50.78122311594388 -72.44253337810247 1.577321737269247 9
50.77987584723989 -72.24253791221356 1.577744256943427 9
50.77844425313489 -72.04254302790157 1.5781636236667378 9
50.7769292891056 -71.84254875651499 1.5785780079520875 9
50.77533174745445 -71.64255512930565 1.5789901520238576 9
50.77365182739517 -71.44256217773975 1.579401819725154 9
50.771889566206745 -71.24256993400247 1.5798144244848347 9
50.77004418970646 -71.04257843977162 1.5802334081469127 9
50.76811433037236 -70.84258774366891 1.5806590704932866 9
50.76610018994678 -70.64259787834554 1.5810707939044428 9
50.76400642893362 -70.44260883101681 1.5814553183780053 9
50.76184031444916 -70.24262055946751 1.581768314581152 9
50.75963456316947 -70.04263272219113 1.5818391188226637 9
50.757440540257974 -69.84264475835853 1.5816531411157264 9
50.75529481108263 -69.64265626983573 1.581408740086964 9
50.753191045225904 -69.44266733097382 1.5812334837672508 9
50.75111609740994 -69.24267809116438 1.5811108081303245 9
50.74906633177644 -69.04268859472813 1.5809769441573687 9
50.74704508631803 -68.84269880893164 1.580825710055945 9
50.74505500821761 -68.64270870919808 1.5806681944684406 9
50.74309634672905 -68.44271829892101 1.5805115285898512 9
50.741168827562994 -68.24272758718085 1.5803582455466243 9
50.73927072212019 -68.04273659417036 1.5802180973777114 9
50.737399239065056 -67.84274534819879 1.5800915493952776 9
50.73555487320405 -67.64275384904032 1.5799354824138683 9
50.73374744411992 -67.4427620155702 1.5797221664992964 9
50.731986256493684 -67.24276977123888 1.57950363015151 9
50.730250745189046 -67.04277730014293 1.5794801702119972 9
50.72849845196046 -66.84278497742002 1.579669699593939 9
50.72669904774481 -66.6427930725332 1.579907677857812 9
50.72485778622942 -66.44280154491419 1.5800882895915616 9
50.722985573399576 -66.24281030472615 1.5802252879206973 9
50.72108541956836 -66.04281933064297 1.5803716182810408 9
50.71915454483886 -65.84282865158094 1.5805324111461083 9
50.717190754674824 -65.64283829183137 1.5806983068492728 9
50.71519387860185 -65.44284825940217 1.5808632864259047 9
50.71316417863305 -65.24285855846375 1.5810254400106623 9
50.711103013162976 -65.04286917937493 1.581177415536509 9
50.709012541628226 -64.8428801023999 1.5813188740612112 9
50.70689236913375 -64.64289133670857 1.581483324353993 9
50.70473485485014 -64.44290297353567 1.5816923136448275 9
50.70253276094501 -64.24291509965185 1.5819053469534001 9
50.70030209524935 -64.04292753995041 1.581966551130234 9
50.69807590735722 -63.84293992734168 1.5818612712616533 9
50.69588256869432 -63.642951950356746 1.581655543422564 9
50.69373617171429 -63.44296346660638 1.5813918270818268 9
50.691647736804754 -63.24297436967841 1.5810841128286544 9
50.68962025373388 -63.042984642685155 1.5807862475819987 9
50.68765082425451 -62.842994334377664 1.580503432255622 9
50.685737244841064 -62.64300348538659 1.5802248549303142 9
50.683879649709496 -62.44301210922424 1.5799435646227367 9
50.68207859425335 -62.243020214778085 1.5796592535567466 9
50.6803348105413 -62.04302781251847 1.5793707373312984 9
50.678649158841935 -61.8430349140848 1.5790780694821724 9
50.6770213732411 -61.643041538097556 1.5787959538751728 9
50.67544800854943 -61.443047722758045 1.5785338426626796 9
50.67392581873099 -61.24305350484924 1.578273433221227 9
50.672462062583634 -61.04305885378419 1.5779442966462827 9
50.6710716812769 -60.843063689707655 1.5775419842379008 9
50.669753154095645 -60.643068038624875 1.5772831646115417 9
50.66845811364145 -60.443072227786715 1.5773071115359047 9
50.667132835552835 -60.243076618233154 1.5775452443757 9
50.66576295686901 -60.043081308723494 1.5777336691245967 9
50.664362968990474 -59.84308620574908 1.5778469656678715 9
50.662943559141176 -59.643091241167255 1.5779433136210321 9
50.66150283536731 -59.44309643070399 1.5780601104843517 9
50.66003691651131 -59.243101803337005 1.5781922991645296 9
50.658544823885194 -59.04310736854012 1.578320420439891 9
50.657027706345865 -58.84311312149102 1.5784426168190027 9
50.65548632027954 -58.64311906023901 1.5785646362385737 9
50.65392017930643 -58.443125191844196 1.5786901733987828 9
50.65232867137982 -58.24313152416724 1.5788170101869499 9
50.65071245749241 -58.04313805429735 1.5789366116034929 9
50.64907312996817 -57.84314477144436 1.5790483925609742 9
50.647410590741075 -57.643151679654956 1.5791746445335229 9
50.64571992216732 -57.44315882525928 1.5793296960441048 9
50.64399643645908 -57.243166252542444 1.579487550486484 9
50.642250365901944 -57.043173874494215 1.579548177318292 9
50.64050287029446 -56.84318150794233 1.5795031570457367 9
50.6387656288455 -56.6431890522344 1.5794792198093384 9
50.63702292082994 -56.443196645277325 1.579557824884549 9
50.63525526123355 -56.24320445783719 1.5797141692262073 9
50.63345740010563 -56.04321253792515 1.579852815103418 9
50.63163452254565 -55.84322084356656 1.579964557964567 9
50.62979051553466 -55.643229343848276 1.5800694270059894 9
50.62792493560524 -55.44323804482693 1.5801802964836447 9
50.62603660534068 -55.24324695891327 1.5802966181485063 9
50.624124661987516 -55.04325609705926 1.5804162824574206 9
50.62218847469787 -54.84326546913471 1.5805389286739266 9
50.62022842384023 -54.64327507432063 1.580651457877971 9
50.61824772178895 -54.443284881774716 1.5807454505149583 9
50.61624936947522 -54.2432948627615 1.5808380346174087 9
50.61422653794783 -54.043305090879116 1.5809951143350276 9
50.61216520995255 -53.84331571455972 1.581220843469613 9
50.61006682355099 -53.643326721530286 1.581311806936056 9
50.607976795245854 -53.44333764222208 1.5811372580522416 9
50.605946153273415 -53.2433479501915 1.580747435559695 9
50.603997093988426 -53.04335743934999 1.580335642400179 9
50.60213067507472 -52.84336613848168 1.579921019160106 9
50.60034728823242 -52.64337408185445 1.5795059080906069 9
50.59864681870814 -52.44338130396961 1.5790918146266195 9
50.59702908091094 -52.24338783932547 1.578678310973873 9
50.59549413472832 -52.0433937218103 1.578263751431428 9
50.59404221972947 -51.843398984866475 1.5778480088749895 9
50.59267334407991 -51.643403662877034 1.5774341500788902 9
50.59138685290667 -51.44340779290222 1.5770241459011018 9
50.59018211794621 -51.24341141186759 1.5766145424493916 9
50.58906049290024 -51.043414548316456 1.576192053418326 9
50.58802478059473 -50.8434172246636 1.575755837509943 9
50.58707469969248 -50.643419476412426 1.575346484791339 9
50.586201194016994 -50.44342137630423 1.5749900771666867 9
50.58539210336347 -50.24342300836774 1.574724719615622 9
50.58461340251946 -50.043424523190104 1.574696979154162 9
50.58381505744429 -49.84342612007643 1.574919093768795 9
50.58296150383367 -49.643427942529925 1.575197879521626 9
50.58205893893214 -49.44342997384478 1.57540921112587 9
50.58112018144039 -49.24343217190222 1.575569384733392 9
50.580148699543464 -49.04343453029856 1.5757410783363093 9
50.57914110913476 -48.843437068803425 1.5759303375270388 9
50.578094849169624 -48.6434398042903 1.5761243963075533 9
50.5770101182282 -48.44344274378907 1.5763150526987937 9
50.5758876023684 -48.2434458924211 1.5765021722995867 9
50.574728064756584 -48.043449252670634 1.5766852381696812 9
50.57353232374178 -47.843452825098865 1.5768643676003844 9
50.57230008794305 -47.643456618181546 1.5770540252714949 9
50.57102793929191 -47.44346066279294 1.5772635040488665 9
50.569712663458766 -47.243464988497784 1.5774746245528537 9
50.568361476340115 -47.04346955222654 1.5776174729117545 9
50.56698923276177 -46.8434742577117 1.5776858110529088 9
50.565606541833255 -46.64347903649734 1.577737200235634 9
50.56421157037782 -46.443483901835535 1.5778086193711371 9
50.56280050956763 -46.243488879958115 1.577895290183882 9
50.56137229201228 -46.043493979173256 1.577978837063934 9
50.559927859193266 -45.843499194655074 1.578057477247523 9
50.55846798198674 -45.64350452256504 1.5781340327254232 9
50.55699282127992 -45.44350996269266 1.5782103163699532 9
50.55550238173238 -45.24351551587306 1.578287533533614 9
50.55399597647696 -45.04352118867254 1.5783703194755632 9
50.552472413515986 -44.843526991844655 1.5784589219400587 9
50.55093187597033 -44.64353292525322 1.578535286906456 9
50.54937844934594 -44.44353895784698 1.578587816543523 9
50.5478160075121 -44.24354506023315 1.5786381644707521 9
50.5462360014585 -44.04355130118135 1.5787695997170177 9
50.544620801572265 -43.8435578212139 1.5789873730355417 9
50.54297220064578 -43.643564607410376 1.5790359054664342 9
50.54134723473263 -43.44357121041145 1.5787510158129474 9
50.53980924871509 -43.243577132570636 1.5782136264265736 9
50.538375161861715 -43.043582264641074 1.5777349231070854 9
50.53702787673038 -42.8435867819622 1.5773448498410558 9
50.53575479664356 -42.64359082237544 1.5769746376436007 9
50.53455818892653 -42.44359439980712 1.5765801121543062 9
50.53344266267887 -42.24359750856315 1.576167421858489 9
50.53240929983813 -42.04360017098823 1.5757602076381139 9
50.531456598526425 -41.8436024299696 1.5753607007550394 9
50.530583682638564 -41.64360432546596 1.5749599824524037 9
50.52979160366718 -41.44360588786943 1.5745523247406836 9
50.52908153734191 -41.24360714619811 1.5741428736189178 9
50.52845170763375 -41.04360813358678 1.5737514109873452 9
50.52789818108534 -40.8436088861822 1.5733792355842495 9
50.52742128453688 -40.64360943663538 1.5729702492629967 9
50.52703346807072 -40.44360980756953 1.5724884329699487 9
50.52674657854596 -40.2436100219865 1.571999696821426 9
50.526534663619316 -40.04361013247893 1.571757336265483 9
50.52634410067904 -39.843610213290745 1.5717841086341424 9
50.52613540235401 -39.643610318965976 1.5718877788850785 9
50.52591061979408 -39.44361044724944 1.5719449511315808 9
50.52567935991789 -39.243610585424044 1.5719481770466084 9
50.525455500526625 -39.043610713122106 1.571868839779145 9
50.525256020706045 -38.84361080441316 1.5717074648516087 9
50.52507596850032 -38.643610866389196 1.5717503852123182 9
50.524848527656815 -38.443610999351684 1.572181351733819 9
50.524499979760684 -38.24361131724023 1.5729060797554213 9
50.524010660817005 -38.04361189754739 1.5735624149093648 9
50.52340047943147 -37.84361279108389 1.5741155726856362 9
50.5226840901747 -37.6436140525394 1.5746457265801528 9
50.52185882786663 -37.4436157492273 1.5752043118323582 9
50.52091930730574 -37.24361795023119 1.5757840396640292 9
50.51986432114088 -37.043620718639076 1.5763569231484917 9
50.518695719247404 -36.84362411315708 1.5769203421027524 9
50.51741451102423 -36.643628198048305 1.5774861434702747 9
50.51601914711579 -36.443633053474436 1.5780619249244638 9
50.5145079509699 -36.243638758949196 1.5786399596651364 9
50.512883673784174 -36.0436453465064 1.5791905889726543 9
50.511152299149266 -35.84365281352328 1.5797118968626198 9
50.50931329787503 -35.64366123132091 1.5802895772093024 9
50.50734763528762 -35.44367088119413 1.5809785698649952 9
50.50523721630695 -35.243682033577166 1.5816779726220658 9
50.50302175629044 -35.043694300186026 1.5820005763047995 9
50.50078323731843 -34.84370681110475 1.5819125077087193 9
50.49857666757114 -34.64371898246033 1.5817772649247799 9
50.49637856148497 -34.4437310649102 1.5818278664436423 9
50.49415582306219 -34.2437434110594 1.5819657033028887 9
50.491931851709644 -34.04375576968915 1.5818123826250972 9
50.48977136057636 -33.8437674480328 1.5813335899294143 9
50.487720648182254 -33.64377796157473 1.5807811865014665 9
50.48577162747011 -33.443787439195674 1.580316620362961 9
50.48390760933869 -33.24379610677049 1.5799186511429872 9
50.48212407294588 -33.043804052579155 1.5795057807389097 9
50.48042539879744 -32.84381126424881 1.579070172512987 9
50.478814924775136 -32.64381774175968 1.5786280390872638 9
50.47729248815106 -32.44382352625839 1.578189771266019 9
50.4758572877016 -32.2438286660037 1.5777560581912584 9
50.47450812735438 -32.043833208397466 1.5773295438073434 9
50.47324352453174 -31.843837200198458 1.5769101949999977 9
50.47206390526864 -31.643840674945434 1.5764731018623397 9
50.47097507365284 -31.44384362909486 1.5760023036311503 9
50.46998249473973 -31.243846061698918 1.5755287007433272 9
50.46907393616298 -31.043848097415864 1.5751707954302305 9
50.46822426772699 -30.843849952464222 1.5749345502400833 9
50.46744523559088 -30.643851597085558 1.574336547264269 9
50.4668529430442 -30.44385230507137 1.5730671357046544 9
50.46641867324331 -30.24385213105083 1.5736950521717723 9
50.46536074010552 -30.043855302773995 1.5792573568235495 9
50.46296736061578 -29.84386860783829 1.5861285201473891 9
50.45928541722296 -29.643902274759622 1.5921121123445914 9
50.45454134266613 -29.443959071265763 1.5966576985657852 9
50.44900719452818 -29.244031155327455 1.6008023365775284 9
50.442087752725115 -29.04414981817996 1.611212548404697 9
50.43246562481919 -28.84438216886613 1.6266828122843986 9
50.41983852462256 -28.644774629754174 1.6410093856166958 9
50.40449671313241 -28.44535848270992 1.6539419175652492 9
50.38670054003253 -28.246151690126478 1.6656294821125142 9
50.36684729518048 -28.047143476849204 1.6740426673740483 9
50.34578737547989 -27.848249214590744 1.6777494197995646 9
50.32413674011824 -27.6494096112752 1.6818255550310317 9
50.301036390666766 -27.450746442853323 1.6923651276433933 9
50.27523153457156 -27.252430193196467 1.7084303186014236 9
50.246285830690844 -27.054534270474274 1.7231962755784664 9
50.21467867405131 -26.85702346812685 1.7353203448778072 9
50.18073791581871 -26.659894220275444 1.747968869300138 9
50.14390217587969 -26.46330923000806 1.7647799003283777 9
50.10339432633347 -26.267470552770778 1.7847420557539435 9
50.05926194786291 -26.07240012067845 1.8010076589775716 9
50.012437977476395 -25.877926496868348 1.8123092412166546 9
49.96357073035879 -25.683952267838915 1.823830207021761 9
49.9119197549261 -25.490733519390023 1.841152963709011 9
49.856416969188935 -25.298608706045123 1.8630233756932533 9
49.796951059795084 -25.107647947029488 1.8815564473874737 9
49.73439343991202 -24.917645746183855 1.8953901084159652 9
49.6693839989533 -24.728473193043094 1.9088925677455832 9
49.60145506441049 -24.54035870721774 1.926440740410275 9
49.529888487373505 -24.35361067349058 1.947193972808675 9
49.45456109654387 -24.168326867583282 1.9662713392533544 9
49.37593098950197 -23.984399308785836 1.982896234696206 9
49.294349697641735 -23.80176531485422 1.999162100594994 9
49.20967226205908 -23.62056671051686 2.017021310680204 9
49.121659882660765 -23.44098121049427 2.0357116763812186 9
49.03055614434926 -23.262932166747014 2.051125463444482 9
48.93705178489082 -23.086107146760508 2.0626630683865916 9
48.841569485766605 -22.910340608145628 2.0749980353538926 9
48.7435184247354 -22.736021148135478 2.0921446505953827 9
48.64211796091708 -22.563640895095716 2.1129973983565633 9
48.537244517049125 -22.39332802175803 2.1320350031322595 9
48.429354427279144 -22.224889481670917 2.148516743341923 9
48.3187920749812 -22.058200500723423 2.1646224643444216 9
48.20545453752455 -21.893405313250156 2.182112831805162 9
48.08916521410624 -21.730689739827117 2.2002987489018166 9
47.97011069624705 -21.569974252009377 2.2159489446755813 9
47.84878376341011 -21.410955618731936 2.22866959305689 9
47.72554498574835 -21.25342380519401 2.2408574941627037 9
47.60030009209887 -21.097490190560144 2.2543177777059653 9
47.472860993874896 -20.943335154324323 2.2691828220555053 9
47.342994379827715 -20.79121469394032 2.286041091799021 9
47.21043039883732 -20.64144594683089 2.304957981806667 9
47.07498290974217 -20.4942764832117 2.3244439696616808 9
46.93672449677425 -20.34973616423915 2.343445415327653 9
46.795775256342104 -20.207814938903766 2.36202581889509 9
46.65223043212259 -20.068524672069444 2.3804196721362008 9
46.50616637229092 -19.931893852197263 2.3986387013532458 9
46.35775090960456 -19.79783201256591 2.4147162228030052 9
46.20741594100119 -19.665905907305877 2.427353404886072 9
46.0555999205502 -19.53566942153314 2.4380749825831223 9
45.90218283623671 -19.407341362227886 2.452686098807091 9
45.74663843593887 -19.281624227702054 2.47170877963918 9
45.588608536902505 -19.15902874439879 2.491697477823943 9
45.42821628948767 -19.03951518646606 2.510539470933282 9
45.26565898202427 -18.922959297352133 2.528489504440288 9
45.10104762016597 -18.80933871809286 2.546421425474861 9
44.93443398588098 -18.698700903627053 2.564377080404349 9
44.76595785030721 -18.59093185957944 2.580047329681404 9
44.59598852311022 -18.485498392246253 2.592096908507996 9
44.42488887891759 -18.38187522669319 2.6024877896811986 9
44.25250636097554 -18.280432313261514 2.61780291856046 9
44.0783483158354 -18.18213024930973 2.6384437240927214 9
43.9021726063935 -18.08747766518716 2.657938720520911 9
43.724368239190596 -17.99584552267453 2.67275741589881 9
43.54537585063045 -17.906521113420585 2.6850940588539887 9
43.36514318025158 -17.819786242606842 2.701864356553165 9
43.18330777395954 -17.736548353592532 2.7233972780740254 9
42.999744299284544 -17.657174593309684 2.742522732316868 9
42.81489174737856 -17.58074923362332 2.7555739939607555 9
42.62921889131799 -17.506299465164382 2.7654867967009076 9
42.4426598270544 -17.434180417057622 2.7809637289424027 9
42.254828092662386 -17.365543118930752 2.8023623642514712 9
42.06554986642203 -17.300959276685717 2.822349849014247 9
41.87513376546435 -17.2396885807623 2.8373913421823236 9
41.68391876516199 -17.180923201651105 2.8499151998557655 9
41.491899632192805 -17.124940861526504 2.866679569275895 9
41.29887486942111 -17.072637789863062 2.8878651423921573 9
41.104783916948605 -17.024389380481274 2.9072566272004527 9
40.909867986633195 -16.979458480776763 2.922049271610187 9
40.714384558511874 -16.9370546814883 2.934109316376974 9
40.51838636115114 -16.897205170017507 2.9483131645085456 9
40.321815091793724 -16.860379502964886 2.9647079719379734 9
40.12469042751569 -16.82660063983289 2.9782167726583646 9
39.92719070572008 -16.79498678791194 2.9866801705665154 9
39.729493080437585 -16.76466041860967 2.9923988687049876 9
39.53159647414533 -16.735738370917716 3.0010863714387885 9
39.33340785480666 -16.70886394959376 3.013203994182691 9
39.134853405290784 -16.68481854054554 3.0297022005628884 9
38.93588569756974 -16.664449802532662 3.0496376035096833 9
38.736545823632284 -16.648111062172426 3.070033642736712 9
38.53692687327898 -16.635739166016673 3.088460405354087 9
38.337133344622856 -16.626494579912038 3.10131640097205 9
38.13725553240515 -16.61944569448296 3.1112761834795286 9
37.937318795793466 -16.61433456752318 3.120750633873779 9
37.73733881568834 -16.611212932594412 3.1315978601272554 9
37.53734198234171 -16.610472014610007 -3.139161341501169 9
37.33734515933221 -16.611706206430917 -3.133119511016175 9
37.137349254558494 -16.61333140713703 -3.134398255631022 9
36.937353656706904 -16.614619033347118 -3.1357329847579907 9
36.73735750561158 -16.61574395727923 -3.13609642204183 9
36.53736037968098 -16.616809908753737 -3.1364755364658192 9
36.33736247862445 -16.617772308757775 -3.137131962875416 9
36.13736402594183 -16.618583617512908 -3.1379300045524925 9
35.937365118141315 -16.619242434642022 -3.1386543896650188 9
35.73736580642663 -16.61976382776142 -3.1393097903638227 9
35.537366165850734 -16.620154546223546 -3.139973029466233 9
35.337366304554585 -16.62040979741403 -3.1406644648614535 9
35.13736632804974 -16.620525390147264 -3.141359300348138 9
34.937366312414014 -16.62050556252054 3.141167093881722 9
34.73736632417348 -16.620357321243063 3.140533715863453 9
34.53736647791327 -16.62007540284745 3.1398128318051612 9
34.337366954726086 -16.619637562784128 3.13897449589176 9
34.137367891596455 -16.619032660707777 3.1382301413926577 9
33.937369140453036 -16.618321420311794 3.1379149845421446 9
33.73737045242166 -16.617589758845916 3.1380040568654177 9
33.537371669948044 -16.616890707712468 3.138194182895912 9
33.33737276199913 -16.61623175639008 3.138405056919549 9
33.1373737112353 -16.615616401727877 3.1386255042657134 9
32.937374526005655 -16.615044342471606 3.1388378081925046 9
32.73737522381482 -16.614513944573574 3.1390432371559607 9
32.53737581714691 -16.614025254329384 3.139257282835328 9
32.337376311523116 -16.613580645126067 3.139484048673473 9
32.13737671319735 -16.613181422740606 3.1397023350402877 9
31.937377035657875 -16.612821687457448 3.139878531860007 9
31.73737729472116 -16.61249329470983 3.1400263539200366 9
31.53737749354492 -16.612204039313752 3.1402926205878683 9
31.33737761777027 -16.61198377050328 3.1407162201698537 9
31.13737765882569 -16.611859267065586 3.1412168968693543 9
30.93737764928956 -16.61183003041049 -3.1415178900260097 9
30.737377636630015 -16.611885901887554 -3.1411119503841536 9
30.537377670374397 -16.612024804437745 -3.1406760466169086 9
30.337377802870478 -16.61225585849305 -3.1401904348216716 9
30.13737807730835 -16.612584593560317 -3.139730648425885 9
29.93737848239044 -16.612990867679944 -3.139416427196041 9
29.73737898757678 -16.61344559375238 -3.1392367124398275 9
29.537379580854633 -16.613933841810965 -3.1390610201167135 9
29.3373802758749 -16.614460281749952 -3.1388547922866095 9
29.13738108962309 -16.615030894985996 -3.13862018018632 9
28.93738204753706 -16.6156509317919 -3.138360593893937 9
28.737383178298664 -16.616325390752614 -3.13807559610441 9
28.53738451936972 -16.617059811529675 -3.1377602007175973 9
28.337386120350338 -16.617860482688492 -3.1374130871917245 9
28.13738801158137 -16.61872963266953 -3.137104703191397 9
27.937390106172664 -16.61964554820244 -3.1369467175557495 9
27.73739227641077 -16.62057822141733 -3.1369269323545708 9
27.53739446025143 -16.62151297066409 -3.1369041077662376 9
27.337396686560037 -16.62245632907564 -3.136840839661627 9
27.137398986051515 -16.62341525487522 -3.1367564798752 9
26.937401361420456 -16.62439012960198 -3.136681702993267 9
26.73740380531727 -16.625378979306255 -3.1366162299175535 9
26.537406313196893 -16.626380577006653 -3.136553152842364 9
26.3374088844117 -16.627394733295414 -3.1364906424369607 9
26.137411520248126 -16.62842162191685 -3.1364237841000424 9
25.937414231581922 -16.62946308679682 -3.136344787902687 9
25.737417032162934 -16.63052146668839 -3.136257845325772 9
25.537419909469858 -16.631594265271776 -3.1362074874178907 9
25.337422814638543 -16.632672297655034 -3.1362055065854006 9
25.137425704069624 -16.63374737696535 -3.136226422536371 9
24.937428580293755 -16.634819975439143 -3.136229848792886 9
24.737431461121606 -16.63589343419259 -3.1362217421716094 9
24.5374343432338 -16.63696713801107 -3.136229667952096 9
24.337437207845703 -16.638037575080773 -3.1362514385105817 9
24.137440050619794 -16.639103927053174 -3.1362694363575416 9
23.93744287651644 -16.640167109194973 -3.136284056638433 9
23.7374456863228 -16.641227257954327 -3.1362999688681343 9
23.53744847870324 -16.642284113947373 -3.136316611251959 9
23.337451253973004 -16.643337728531876 -3.1363323411606934 9
23.13745401281305 -16.644388220626755 -3.1363483579437954 9
22.93745675368046 -16.645435283318346 -3.136366659689003 9
22.73745947576848 -16.646478751887866 -3.136382549726227 9
22.53746218558309 -16.64751986760462 -3.1363901733641413 9
22.3374648906594 -16.648560071567736 -3.136392697055207 9
22.137467594208836 -16.649599980935623 -3.136393119356002 9
21.937470298116583 -16.650639959437058 -3.136392412669039 9
21.73747300254175 -16.65168003778164 -3.136392139997317 9
21.537475707019006 -16.652720126164294 -3.136392282242705 9
21.33747841131883 -16.653760180314332 -3.1363924162450756 9
21.13748111554292 -16.654800219852604 -3.1363924283623863 9
20.9374838197999 -16.65584026573694 -3.1363923773878963 9
20.737486524093992 -16.656880318791334 -3.1363923578143127 9
20.537489228391866 -16.6579203725655 -3.136392368031944 9
20.337491932677008 -16.658960423881663 -3.1363923776489067 9
20.137494636956717 -16.66000047415062 -3.1363923785041017 9
19.937497341238803 -16.66104052487892 -3.1363923748241143 9
19.73750004552351 -16.66208057612579 -3.1363923734012524 9
19.53750274980858 -16.66312062742758 -3.136392374119792 9
19.337505454092756 -16.664160678555824 -3.136392374795667 9
19.137508158376562 -16.665200729611804 -3.136392374842458 9
18.937510862660552 -16.666240780703685 -3.1363923745636724 9
18.73751356694468 -16.667280831835708 -3.1363923744469906 9
18.53751627122891 -16.66832088297457 -3.1363923744840827 9
18.337518975513085 -16.669360934103885 -3.1363923745179787 9
18.13752167979725 -16.670400985230952 -3.13639237450654 9
17.937524384081442 -16.671441036363564 -3.136392374471863 9
17.737527088365596 -16.672481087501918 -3.1363923744494477 9
17.53752979264983 -16.67352113864352 -3.1363923744384956 9
17.337532496934077 -16.674561189787298 -3.1363923744255575 9
17.137535201218334 -16.67560124093422 -3.136392374407025 9
16.93753790550261 -16.676641292085073 -3.1363923743886946 9
16.73754060978684 -16.677681343238653 -3.13639237437988 9
16.537543314071133 -16.678721394393044 -3.1363923743803626 9
16.337546018355425 -16.67976144554671 -3.136392374386526 9
16.137548722639703 -16.680801496698674 -3.1363923743974005 9
15.937551426923974 -16.681841547848727 -3.13639237440035 9
15.737554131208197 -16.682881599000982 -3.136392374375088 9
15.53755683549252 -16.683921650161075 -3.1363923743238504 9
15.337559539776903 -16.684961701331783 -3.1363923742731408 9
15.137562244061332 -16.686001752511864 -3.1363923742300677 9
14.937564948345802 -16.687041803700012 -3.1363923741909328 9
14.73756765263026 -16.688081854896183 -3.1363923741497977 9
14.537570356914816 -16.689121906100784 -3.136392374106777 9
14.337573061199423 -16.690161957314 -3.136392374063908 9
14.137575765484074 -16.691202008535722 -3.136392374021738 9
13.937578469768768 -16.692242059765842 -3.1363923739797226 9
13.73758117405345 -16.693282111004432 -3.136392373936991 9
13.537583878338234 -16.694322162251638 -3.1363923738937367 9
13.337586582623064 -16.695362213507366 -3.1363923738521216 9
13.13758928690794 -16.69640226477119 -3.1363923738127264 9
12.937591991192855 -16.697442316042906 -3.136392373771602 9
12.737594695477764 -16.698482367323642 -3.136392373722411 9
12.537597399762783 -16.69952241861497 -3.136392373667746 9
12.337600104047851 -16.700562469915386 -3.1363923736358714 9
12.137602808332938 -16.701602521219144 -3.136392373634364 9
11.937605512618012 -16.7026425725211 -3.136392373647196 9
11.737608216903025 -16.703682623821592 -3.136392373648654 9
11.537610921188099 -16.70472267512292 -3.1363923736403563 9
11.337613625473177 -16.70576272642513 -3.1363923736429853 9
11.137616329758243 -16.70680277772518 -3.136392373662085 9
10.93761903404327 -16.707842829020215 -3.1363923736896986 9
10.737621738328208 -16.70888288031014 -3.1363923737130626 9
10.537624442613183 -16.709922931595823 -3.1363923737323978 9
10.337627146898143 -16.710962982877696 -3.1363923737518205 9
10.137629851183087 -16.71200303415557 -3.136392373772433 9
9.93763255546795 -16.713043085429227 -3.136392373793657 9
9.737635259752855 -16.714083136698672 -3.1363923738145654 9
9.53763796403774 -16.715123187963975 -3.136392373835177 9
9.337640668322608 -16.71616323922515 -3.1363923738558226 9
9.13764337260745 -16.71720329048219 -3.1363923738765918 9
8.937646076892204 -16.718243341735064 -3.1363923738973742 9
8.737648781176988 -16.719283392983797 -3.1363923739179955 9
8.537651485461751 -16.720323444228427 -3.136392373938501 9
8.337654189746498 -16.72136349546892 -3.13639237395939 9
8.137656894031227 -16.722403546705188 -3.1363923739807973 9
7.937659598315882 -16.723443597937173 -3.136392374001803 9
7.737662302600572 -16.724483649165144 -3.1363923740209336 9
7.537665006885238 -16.72552370038947 -3.136392374038336 9
7.337667711169877 -16.726563751610346 -3.136392374055767 9
7.1376704154544965 -16.72760380282768 -3.1363923740736963 9
6.937673119739044 -16.7286438540414 -3.1363923740918906 9
6.737675824023638 -16.729683905251484 -3.136392374109977 9
6.537678528308218 -16.730723956457968 -3.1363923741279556 9
6.337681232592785 -16.73176400766086 -3.136392374145886 9
6.137683936877328 -16.732804058860165 -3.1363923741637847 9
5.937686641161785 -16.733844110055895 -3.1363923741817525 9
5.737689345446277 -16.734884161248004 -3.1363923741999526 9
5.537692049730755 -16.73592421243645 -3.136392374218308 9
5.337694754015223 -16.73696426362128 -3.1363923742359874 9
5.137697458299671 -16.73800431480267 -3.136392374252769 9
4.937700162584034 -16.739044365980693 -3.13639237427027 9
4.737702866868427 -16.74008441715489 -3.136392374291081 9
4.537705571152803 -16.741124468324617 -3.136392374314135 9
4.337708275437165 -16.74216451949049 -3.1363923743278277 9
4.137710979721522 -16.743204570654868 -3.1363923743290556 9
3.9377136840058253 -16.7442446218199 -3.136392374323844 9
3.7377163882901865 -16.74528467298566 -3.136392374321842 9
3.5377190925745485 -16.7463247241515 -3.136392374322882 9
3.3377217968589092 -16.747364775317088 -3.1363923743238704 9
3.1377245011432704 -16.748404826482567 -3.13639237432398 9
2.937727205427574 -16.749444877648084 -3.1363923743236146 9
2.7377299097119345 -16.750484928813663 -3.13639237432342 9
2.5377326139962952 -16.75152497997926 -3.136392374323404 9
2.337735318280656 -16.75256503114484 -3.1363923743235524 9
2.1377380225650167 -16.75360508231038 -3.13639237432386 9
1.93774072684932 -16.754645133475858 -3.136392374323955 9
1.737743431133681 -16.755685184641408 -3.1363923743232367 9
1.537746135418044 -16.756725235807163 -3.1363923743219733 9
1.3377488397024067 -16.75776528697299 -3.136392374323057 9
1.1377515439867654 -16.758805338138288 -3.1363923743272606 9
0.937754248271061 -16.75984538930276 -3.136392374328947 9
0.7377569525554195 -16.76088544046804 -3.1363923743190907 9
0.5377596568398014 -16.761925491636426 -3.136392374298604 9
0.3377623611242121 -16.762965542809063 -3.1363923742783446 9
0.13776506540863998 -16.764005593985434 -3.1363923742612165 9
-0.06223223030698192 -16.76504564516501 -3.1363923742456987 9
-0.2622295260225342 -16.766085696347766 -3.136392374229356 9
-0.46222682173806245 -16.767125747533875 -3.1363923742122353 9
-0.6622241174535644 -16.768165798723413 -3.13639237419518 9
-0.86222141316905 -16.769205849916336 -3.1363923741784157 9
-1.0622187088845851 -16.770245901112595 -3.1363923741617197 9
-1.2622160046000501 -16.77128595231222 -3.136392374144737 9
-1.4622133003154907 -16.772326003515268 -3.1363923741275426 9
-1.662210596030905 -16.773366054721706 -3.136392374110978 9
-1.8622078917463039 -16.774406105931373 -3.136392374095269 9
-2.062205187461753 -16.775446157144184 -3.1363923740788953 9
-2.2622024831771306 -16.776486208360573 -3.136392374059424 9
-2.462199778892482 -16.777526259581144 -3.1363923740378583 9
-2.6621970746078065 -16.778566310805324 -3.136392374025077 9
-2.8621943703231203 -16.779606362030886 -3.1363923740239903 9
-3.0621916660384962 -16.780646413255834 -3.136392374028877 9
-3.2621889617538202 -16.78168646448011 -3.1363923740305806 9
-3.462186257469144 -16.78272651570436 -3.1363923740293194 9
-3.662183553184466 -16.783766566928865 -3.136392374028652 9
-3.8621808488997886 -16.78480661815335 -3.1363923740295303 9
-4.06217814461517 -16.7858466693776 -3.1363923740302635 9
-4.262175440330492 -16.786886720601988 -3.1363923740281456 9
-4.46217273604581 -16.787926771827063 -3.1363923740240405 9
-4.662170031761127 -16.788966823052363 -3.136392374027412 9
-4.862167327476456 -16.790006874275985 -3.1363923740407906 9
-5.062164623191869 -16.79104692549621 -3.136392374059338 9
-5.262161918907248 -16.792086976712977 -3.1363923740753097 9
-5.462159214622641 -16.79312702792681 -3.13639237408884 9
-5.662156510338042 -16.79416707913797 -3.136392374102427 9
-5.862153806053452 -16.795207130346345 -3.136392374116738 9
-6.062151101768928 -16.796247181551802 -3.136392374131408 9
-6.262148397484363 -16.797287232754346 -3.136392374145855 9
-6.46214569319982 -16.798327283954027 -3.1363923741601036 9
-6.6621429889153 -16.799367335150848 -3.1363923741744886 9
-6.862140284630798 -16.80040738634477 -3.1363923741891 9
-7.062137580346364 -16.801447437535764 -3.136392374203578 9
-7.262134876061881 -16.802487488723937 -3.1363923742173485 9
-7.462132171777406 -16.80352753990942 -3.136392374230638 9
-7.662129467492942 -16.804567591092084 -3.136392374245929 9
-7.8621267632085 -16.805607642271422 -3.1363923742638855 9
-8.062124058924143 -16.806647693447182 -3.1363923742796933 9
-8.262121354639746 -16.80768774462076 -3.1363923742856517 9
-8.46211865035535 -16.808727795794123 -3.1363923742825386 9
-8.66211594607095 -16.809767846968224 -3.13639237427961 9
-8.862113241786544 -16.81080789814265 -3.1363923742793403 9
-9.062110537502198 -16.811847949316938 -3.136392374280446 9
-9.262107833217796 -16.812888000491075 -3.1363923742808733 9
-9.462105128933395 -16.813928051665187 -3.1363923742806574 9
-9.662102424648992 -16.814968102839355 -3.1363923742804496 9
-9.86209972036459 -16.81600815401355 -3.1363923742804247 9
-10.062097016080244 -16.81704820518773 -3.1363923742804976 9
-10.262094311795844 -16.818088256361904 -3.1363923742805344 9
-10.462091607511441 -16.819128307536072 -3.1363923742805353 9
-10.662088903227039 -16.82016835871024 -3.136392374280527 9
-10.862086198942636 -16.821208409884417 -3.1363923742805153 9
-11.062083494658292 -16.82224846105859 -3.136392374280505 9
-11.26208079037389 -16.823288512232764 -3.1363923742805038 9
-11.462078086089488 -16.82432856340694 -3.1363923742805104 9
-11.662075381805085 -16.825368614581116 -3.1363923742805144 9
-11.862072677520683 -16.82640866575529 -3.136392374280514 9
-12.062069973236339 -16.827448716929464 -3.1363923742805118 9
-12.262067268951936 -16.828488768103636 -3.136392374280514 9
-12.462064564667534 -16.829528819277808 -3.1363923742805198 9
-12.662061860383131 -16.830568870451984 -3.1363923742805215 9
-12.86205915609873 -16.831608921626156 -3.1363923742805175 9
-13.062056451814385 -16.832648972800328 -3.1363923742805095 9
-13.262053747529983 -16.833689023974504 -3.1363923742805007 9
-13.46205104324558 -16.83472907514868 -3.136392374280493 9
-13.662048338961178 -16.83576912632286 -3.136392374280509 9
-13.862045634676777 -16.836809177497027 -3.136392374280554 9
-14.062042930392431 -16.837849228671192 -3.1363923742805677 9
-14.262040226108029 -16.83888927984536 -3.136392374280453 9
-14.462037521823627 -16.83992933101957 -3.1363923742802537 9
-14.662034817539224 -16.840969382193784 -3.1363923742804443 9
-14.862032113254822 -16.842009433367906 -3.1363923742811513 9
-15.06202940897048 -16.843049484541897 -3.1363923742814226 9
-15.262026704686079 -16.844089535716023 -3.1363923742797377 9
-15.462024000401673 -16.845129586890668 -3.136392374276736 9
-15.662021296117263 -16.84616963806546 -3.136392374279352 9
-15.862018591832861 -16.847209689238984 -3.1363923742894375 9
-16.062015887548526 -16.848249740410726 -3.136392374290389 9
-16.262013183264113 -16.849289791585683 -3.136392374257005 9
-16.46201047897965 -16.85032984277014 -3.136392374201688 9
-16.66200777469513 -16.851369893964968 -3.1363923741543345 9
-16.862005070410568 -16.852409945168443 -3.1363923741138957 9
-17.062002366126016 -16.8534499963801 -3.136392374071917 9
-17.261999661841354 -16.854490047600372 -3.1363923740279267 9
-17.46199695755665 -16.855530098829476 -3.1363923739837536 9
-17.66199425327191 -16.85657015006741 -3.1363923739398154 9
-17.86199154898714 -16.857610201313996 -3.1363923738973503 9
-18.061988844702388 -16.858650252568907 -3.136392373856406 9
-18.261986140417523 -16.859690303832345 -3.1363923738107378 9
-18.461983436132606 -16.860730355105645 -3.136392373758058 9
-18.661980731847645 -16.861770406388406 -3.13639237372249 9
-18.86197802756266 -16.862810457675025 -3.136392373719468 9
-19.06197532327774 -16.863850508960237 -3.1363923737299824 9
-19.26197261899277 -16.86489056024407 -3.1363923737332176 9
-19.461969914707797 -16.865930611527947 -3.1363923737303168 9
-19.66196721042282 -16.866970662812353 -3.136392373728872 9
-19.86196450613785 -16.868010714096762 -3.13639237373027 9
-20.06196180185293 -16.86905076538082 -3.1363923737312067 9
-20.261959097567956 -16.8700908166651 -3.136392373728064 9
-20.46195639328298 -16.871130867950352 -3.1363923737228374 9
-20.661953688998 -16.8721709192357 -3.1363923737286843 9
-20.86195098471303 -16.87321097051853 -3.136392373748005 9
-21.06194828042814 -16.874251021796685 -3.1363923737726394 9
-21.261945576143212 -16.875291073070265 -3.136392373793655 9
-21.461942871858298 -16.876331124339995 -3.1363923738115718 9
-21.661940167573402 -16.877371175606143 -3.1363923738298505 9
-21.861937463288527 -16.878411226868536 -3.1363923738491235 9
-22.061934759003744 -16.879451278127018 -3.1363923738687576 9
-22.261932054718923 -16.88049132938161 -3.136392373888062 9
-22.46192935043412 -16.881531380632367 -3.13639237390711 9
-22.66192664614933 -16.882571431879292 -3.13639237392639 9
-22.861923941864568 -16.883611483122337 -3.1363923739459914 9
-23.061921237579888 -16.884651534361467 -3.1363923739653017 9
-23.261918533295173 -16.885691585596835 -3.1363923739836506 9
-23.461915829010476 -16.886731636828607 -3.136392374001549 9
-23.66191312472579 -16.88777168805655 -3.1363923740223654 9
-23.861910420441124 -16.888811739279976 -3.1363923740467143 9
-24.06190771615654 -16.8898517904987 -3.1363923740666246 9
-24.261905011871917 -16.890891841714758 -3.1363923740733712 9
-24.46190230758729 -16.89193189293072 -3.1363923740687856 9
-24.661899603302654 -16.89297194414767 -3.136392374064963 9
-24.86189689901802 -16.89401199536509 -3.1363923740641098 9
-25.061894194733437 -16.895052046582435 -3.1363923740654247 9
-25.2618914904488 -16.89609209779939 -3.1363923740680293 9
-25.461888786164167 -16.89713214901572 -3.136392374070852 9
-25.66188608187954 -16.898172200232093 -3.136392374066835 9
-25.861883377594904 -16.89921225145008 -3.136392374054691 9
-26.061880673310313 -16.900252302670086 -3.1363923740532 9
-26.261877969025672 -16.901292353887275 -3.136392374082917 9
-26.461875264741078 -16.902332405095926 -3.136392374127017 9
-26.66187256045649 -16.90337245630409 -3.13639237407461 9
-26.861869856171786 -16.904412507534417 -3.1363923739054616 9
-27.061867151886997 -16.905452558793066 -3.136392373883265 9
-27.26186444760235 -16.906492610012616 -3.136392374296647 9
-27.461861743318327 -16.907532661113372 -3.1363923749111473 9
-27.661859039034336 -16.90857271220729 -3.1363923741814608 9
-27.861856334748726 -16.909612763609747 -3.1363923718256417 9
-28.061853630461094 -16.91065281540675 -3.136392371516506 9
-28.261850926176276 -16.911692866659106 -3.136392377274142 9
-28.461848221900155 -16.912732916257 -3.136392385832963 9
-28.661845517624535 -16.913772965759545 -3.1363923756697036 9
-28.861842813326327 -16.914813019559595 -3.1363923428573734 9
-29.061840108999284 -16.915853078854866 -3.1363923385516896 9
-29.26183740471206 -16.916893130564233 -3.136392418745238 9
-29.461834700545964 -16.91793315922986 -3.136392537954213 9
-29.66183199638685 -16.91897318656754 -3.136392396398222 9
-29.861829291913104 -16.92001327376168 -3.1363919393813715 9
-30.0618265870371 -16.92105343749434 -3.136391879411109 9
-30.261823882716424 -16.92209349556901 -3.1363929963633295 9
-30.461821180082822 -16.923133232685828 -3.136394656729935 9
-30.661818477546444 -16.92417295130679 -3.136392685108647 9
-30.861815770627846 -16.925213503620792 -3.136386319684398 9
-31.061813058621876 -16.926255023787874 -3.1363869919040197 9
-31.261810357595376 -16.927294455167456 -3.1364072140639974 9
-31.461807678725933 -16.928329671299775 -3.136412511737188 9
-31.661804958355326 -16.92937278277251 -3.1363258263209386 9
-31.86180211380604 -16.930439450493996 -3.13619679056139 9
-32.061799144409726 -16.93152940088857 -3.1360931273194175 9
-32.261796066997896 -16.93263894471082 -3.135995305077379 9
-32.46179287510162 -16.933768872715856 -3.1358896770163764 9
-32.66178956328072 -16.934919857279578 -3.135786942930661 9
-32.86178613649226 -16.93609071684534 -3.135689241811196 9
-33.06178258645604 -16.937282409678744 -3.1355755584385263 9
-33.26177888973068 -16.93849837352603 -3.1354561238578227 9
-33.46177508431344 -16.93973216200569 -3.1354040307187603 9
-33.66177125588127 -16.94096967959561 -3.1354079029437667 9
-33.86176743268566 -16.94220630210806 -3.135410304623808 9
-34.06176360972034 -16.94344288551069 -3.135408880039481 9
-34.261759785143475 -16.944679743695637 -3.1354079342167336 9
-34.46175596004515 -16.9459166903982 -3.135407991888246 9
-34.6617521353219 -16.947153572728915 -3.1354083845279983 9
-34.86174831096307 -16.948390393698986 -3.1354086055055164 9
-35.06174448676916 -16.94962718856862 -3.135408630504879 9
-35.26174066242858 -16.95086400811118 -3.135408349089016 9
-35.461736837537536 -16.9521009159081 -3.1354077523944808 9
-35.66173301214687 -16.95333790314013 -3.135407845511863 9
-35.861729187780654 -16.954574726603415 -3.1354093901140416 9
-36.06172536598685 -16.955811139436054 -3.1354112486283525 9
-36.261721543765994 -16.957047620522406 -3.1354082545893376 9
-36.461717714359956 -16.958285248660054 -3.1353998431667542 9
-36.66171387758424 -16.959524053250156 -3.1354007542964766 9
-36.86171005478652 -16.96076062641315 -3.1354221578755084 9
-37.06170626783723 -16.961991476841693 -3.1354481518639896 9
-37.261702475056204 -16.963223258231526 -3.135406516268957 9
-37.46169858221101 -16.964471013567078 -3.135288653056282 9
-37.661694517824955 -16.965746052148475 -3.13514960197271 9
-37.861690288784125 -16.96704684839872 -3.1350310711053266 9
-38.061685916717074 -16.96836946184358 -3.1349287776768158 9
-38.261681406543225 -16.96971268424573 -3.1348232716861872 9
-38.461676749363725 -16.971077566959693 -3.1347121883348064 9
-38.66167193778014 -16.97246492251579 -3.134599763397951 9
-38.861666970563206 -16.973874575703416 -3.134489206588276 9
-39.061661847555314 -16.975306176324885 -3.1343799040271194 9
-39.26165656579689 -16.976759765802527 -3.1342690678879808 9
-39.46165112001207 -16.978235709345057 -3.134156376237465 9
-39.661645507341554 -16.979734073353704 -3.134046089599126 9
-39.86163973293143 -16.981253930740603 -3.133941436369862 9
-40.06163380218848 -16.982794319449095 -3.1338381050367317 9
-40.26162769800255 -16.984357027877103 -3.1337165159178295 9
-40.461621384652034 -16.985946117857342 -3.1335745267558175 9
-40.661614858746944 -16.98756170671591 -3.1334675492795583 9
-40.8616082228042 -16.98919099071422 -3.133437570937947 9
-41.061601595607776 -16.990819192955637 -3.1334682884962293 9
-41.26159501226749 -16.992441936865585 -3.133485665401452 9
-41.46158843869717 -16.99406344666154 -3.133480718236941 9
-41.661581850453985 -16.9956867634128 -3.133473354496838 9
-41.861575260843246 -16.997310286110384 -3.1334786587305303 9
-42.0615686886159 -16.99893173746193 -3.133489919922506 9
-42.26156211681101 -17.000553121309892 -3.133476662026411 9
-42.46155549894769 -17.002179980393244 -3.133435491976015 9
-42.66154883255684 -17.003812630613318 -3.133440053821747 9
-42.86154225974013 -17.005434215449075 -3.133546149767799 9
-43.06153588577226 -17.007032236732226 -3.133596332059432 9
-43.2615292307837 -17.008663558407804 -3.133197657203868 9
-43.46152157971925 -17.010412250835856 -3.132508459734885 9
-43.66151279063487 -17.012289012423054 -3.1319299768442868 9
-43.86150297823382 -17.014271642873997 -3.131425356647411 9
-44.06149209523447 -17.016358281087143 -3.1308870321472457 9
-44.26148003158335 -17.01855515986067 -3.130331897381264 9
-44.4614667479128 -17.020861053488478 -3.129797575571616 9
-44.6614522148472 -17.023273136397346 -3.129258688578954 9
-44.861436283711505 -17.02579782292213 -3.1286707941453225 9
-45.06141883283604 -17.02843979677126 -3.1281221792765623 9
-45.261400150265494 -17.03117404363818 -3.1277493546935653 9
-45.461380669242274 -17.0339656618799 -3.1275449490455367 9
-45.66136083015221 -17.036782536812133 -3.127496688315351 9
-45.86134103501133 -17.039596320808112 -3.127548792140948 9
-46.0613213560036 -17.042401909615247 -3.1275744866391437 9
-46.2613017053538 -17.04520547141391 -3.1275699885428727 9
-46.46128202336413 -17.04801122880843 -3.127556723047299 9
-46.66126230376646 -17.050819699758616 -3.1275428503807015 9
-46.86124255303099 -17.053630480785895 -3.1275385832459004 9
-47.06122283461594 -17.056438906867854 -3.1275671650937493 9
-47.26120323789522 -17.05923837311 -3.1276222659959 9
-47.4611836767531 -17.062035210273972 -3.127566575897317 9
-47.66116374335995 -17.064859463585073 -3.1273522090163723 9
-47.86114356630388 -17.067701666688947 -3.127543175200927 9
-48.06112498103971 -17.0704265750309 -3.128493354082747 9
-48.26110916477608 -17.072942965076816 -3.1294911690220024 9
-48.46109554337496 -17.075280605526107 -3.130302103674132 9
-48.66108372363096 -17.07745587455492 -3.131141914638694 9
-48.861073706026 -17.07945730339259 -3.1320244032475895 9
-49.061065352441474 -17.081287341528682 -3.1328491767897164 9
-49.261058445496076 -17.082954215057107 -3.133696143062496 9
-49.46105297813098 -17.084432945683485 -3.134734249628199 9
-49.661048855138176 -17.085715340786976 -3.135507950015102 9
-49.86104528476372 -17.08691426115206 -3.1355814396453114 9
-50.061041605553314 -17.088127933057116 -3.1354830180821622 9
-50.26103785463306 -17.08935172302987 -3.135480145334677 9
-50.461034136290756 -17.09057091633726 -3.1355097018215794 9
-50.66103044516669 -17.091786269222887 -3.1355185504980985 9
-50.86102675290972 -17.093001781955145 -3.1355105818990423 9
-51.06102305001409 -17.09421879578455 -3.135505436649243 9
-51.261019343757646 -17.095436283808677 -3.135505833108373 9
-51.46101564011233 -17.096653403409594 -3.1355079551330416 9
-51.66101193842114 -17.09787024728774 -3.1355085904038655 9
-51.86100823664858 -17.09908710264814 -3.1355080182731596 9
-52.06100453411225 -17.1003040657815 -3.1355076488703713 9
-52.26100083133459 -17.101521062958607 -3.135507677343854 9
-52.46099712874441 -17.102738033683515 -3.135507829695822 9
-52.66099342629452 -17.103954984612937 -3.1355078753036625 9
-52.86098972383878 -17.10517193636716 -3.1355078342257325 9
-53.06098602132826 -17.106388895859066 -3.1355078077044913 9
-53.26098231880036 -17.10760585779506 -3.135507809749446 9
-53.460978616285914 -17.108822817831836 -3.1355078206876454 9
-53.660974913781544 -17.11003977644739 -3.1355078239619547 9
-53.860971211276755 -17.111256735122197 -3.135507821012627 9
-54.0609675087681 -17.11247369435254 -3.13550781910853 9
-54.26096380625814 -17.11369065375835 -3.1355078192553933 9
-54.460960103749144 -17.114907613027803 -3.135507820040713 9
-54.66095640124087 -17.116124572195215 -3.135507820275806 9
-54.860952698732554 -17.117341531366876 -3.1355078200640736 9
-55.06094899622401 -17.118558490578426 -3.1355078199273323 9
-55.26094529371533 -17.119775449802585 -3.1355078199377737 9
-55.46094159120672 -17.120992409016967 -3.135507819994164 9
-55.66093788869817 -17.122209368224002 -3.1355078200113184 9
-55.8609341861896 -17.123426327431265 -3.1355078199964694 9
-56.060930483681084 -17.124643286641398 -3.135507819986116 9
-56.2609267811725 -17.125860245852646 -3.1355078199853113 9
-56.46092307866392 -17.127077205063422 -3.1355078199894275 9
-56.66091937615535 -17.12829416427327 -3.135507819994571 9
-56.86091567364678 -17.129511123481997 -3.1355078200005484 9
-57.06091197113827 -17.130728082689537 -3.1355078200063846 9
-57.260908268629706 -17.131945041895932 -3.1355078200119446 9
-57.460904566121144 -17.133162001101226 -3.1355078200174216 9
-57.660900863612596 -17.134378960305426 -3.135507820022977 9
-57.86089716110405 -17.1355959195085 -3.135507820028595 9
-58.06089345859558 -17.136812878710455 -3.1355078200341846 9
-58.260889756087046 -17.138029837911297 -3.135507820039735 9
-58.46088605357852 -17.139246797111024 -3.1355078200453104 9
-58.66088235107001 -17.140463756309632 -3.135507820050966 9
-58.86087864856148 -17.1416807155071 -3.1355078200566475 9
-59.06087494605303 -17.14289767470346 -3.135507820062087 9
-59.26087124354454 -17.144114633898752 -3.135507820067249 9
-59.46086754103606 -17.145331593092994 -3.135507820072847 9
-59.66086383852759 -17.146548552286013 -3.1355078200794826 9
-59.86086013601913 -17.147765511477623 -3.1355078200864286 9
-60.060856433510736 -17.14898247066815 -3.135507820090012 9
-60.26085273100229 -17.150199429858347 -3.1355078200897286 9
-60.46084902849384 -17.1514163890488 -3.1355078200882462 9
-60.660845325985385 -17.15263334823944 -3.1355078200878084 9
-60.86084162347693 -17.153850307430076 -3.135507820088218 9
-61.06083792096853 -17.155067266620637 -3.135507820088479 9
-61.26083421846006 -17.156284225811174 -3.135507820088454 9
-61.46083051595161 -17.15750118500173 -3.1355078200883426 9
-61.66082681344316 -17.1587181441923 -3.1355078200883106 9
-61.860823110934696 -17.15993510338287 -3.135507820088343 9
-62.060819408426276 -17.161152062573432 -3.1355078200883595 9
-62.26081570591781 -17.162369021763993 -3.1355078200883484 9
-62.46081200340935 -17.16358598095456 -3.1355078200883373 9
-62.6608083009009 -17.164802940145123 -3.1355078200883475 9
-62.86080459839245 -17.166019899335687 -3.135507820088371 9
-63.06080089588404 -17.167236858526245 -3.1355078200883604 9
-63.26079719337559 -17.168453817716813 -3.1355078200883097 9
-63.460793490867125 -17.169670776907385 -3.1355078200883053 9
-63.66078978835867 -17.170887736097946 -3.13550782008842 9
-63.860786085850215 -17.172104695288482 -3.1355078200885718 9
-64.06078238334182 -17.173321654479015 -3.135507820088353 9
-64.26077868083337 -17.174538613669633 -3.1355078200877067 9
-64.46077497832492 -17.175755572860403 -3.1355078200869597 9
-64.66077127581647 -17.176972532051305 -3.1355078200863846 9
-64.86076757330801 -17.178189491242307 -3.135507820085919 9
-65.06076387079962 -17.179406450433422 -3.135507820085242 9
-65.26076016829116 -17.180623409624694 -3.1355078200843103 9
-65.4607564657827 -17.18184036881614 -3.1355078200837205 9
-65.66075276327423 -17.183057328007617 -3.135507820083974 9
-65.86074906076576 -17.184274287198985 -3.135507820084485 9
-66.06074535825734 -17.185491246390487 -3.135507820082294 9
-66.26074165574886 -17.18670820558274 -3.1355078200770063 9
-66.46073795324038 -17.187925164775805 -3.1355078200766076 9
-66.66073425073192 -17.18914212396779 -3.13550782008781 9
-66.86073054822347 -17.19035908315667 -3.135507820102467 9
-67.06072684571508 -17.191576042345986 -3.135507820079505 9
-67.26072314320656 -17.192793001544224 -3.1355078200134394 9
-67.46071944069799 -17.194009960752254 -3.135507820015514 9
-67.66071573818952 -17.195226919943707 -3.135507820179237 9
-67.86071203568133 -17.196443879090364 -3.1355078203913043 9
-68.06070833317317 -17.19766083824138 -3.1355078200806097 9
-68.26070463066421 -17.198877797514704 -3.135507819170903 9
-68.46070092815437 -17.200094756922486 -3.135507819207891 9
-68.66069722564602 -17.20131171609829 -3.1355078214907106 9
-68.86069352314163 -17.202528674650242 -3.135507824442177 9
-69.06068982063692 -17.203745633263264 -3.1355078201131557 9
-69.26068611812128 -17.20496259358008 -3.1355078074425107 9
-69.4606824155937 -17.206179555769438 -3.1355078079590193 9
-69.66067871308671 -17.20739651472755 -3.1355078397555736 9
-69.8606750106352 -17.208613464996496 -3.1355078808629364 9
-70.06067130817833 -17.2098304161165 -3.1355078205645484 9
-70.26066760556992 -17.21104739096791 -3.1355076440829133 9
-70.46066390279503 -17.212264391899524 -3.1355076512873032 9
-70.66066020030742 -17.21348134782368 -3.1355080941666102 9
-70.86065649859232 -17.21469818272273 -3.1355086667019454 9
-71.06065279680156 -17.215915029482215 -3.135507826814886 9
-71.2606490929009 -17.21713220678532 -3.1355053687121583 9
-71.46064538668173 -17.218349747326513 -3.135505469201526 9
-71.66064168446401 -17.219566660965697 -3.135511637859689 9
-71.86063799300578 -17.22078188893393 -3.135519612019026 9
-72.0606343004926 -17.221997282190888 -3.1355079133596124 9
-72.26063057859258 -17.22321727942606 -3.1354736787550976 9
-72.46062682506962 -17.22444223097536 -3.135476581924357 9
-72.66062313095797 -17.225657874650835 -3.1355667593845644 9
-72.86061958464805 -17.226850362472195 -3.1356544685181498 9
-73.06061593390355 -17.2280592118947 -3.1353744982344476 9
-73.26061167993589 -17.229362333562857 -3.13475692669652 9
-73.46060660795618 -17.23078819481386 -3.134187671227284 9
-73.66060077848238 -17.23231745316182 -3.1337139889330596 9
-73.86059419787605 -17.233940541884103 -3.133235932077705 9
-74.06058679482933 -17.235661801060797 -3.132733249805832 9
-74.26057849550283 -17.23748475104053 -3.1322215672572153 9
-74.4605692294442 -17.239410447002612 -3.131707117240043 9
-74.66055896799668 -17.241436632047524 -3.1312232695796367 9
-74.86054775986317 -17.243555256243273 -3.130779685226018 9
-75.06053552288019 -17.245769124839118 -3.1302381198694964 9
-75.26052184444357 -17.248108290017598 -3.129530813494137 9
-75.46050680266222 -17.250562271460016 -3.1292563661676867 9
-75.66049210817737 -17.252985763737595 -3.129835724896832 9
-75.86047940375327 -17.25523864075293 -3.1307855406908964 9
-76.06046858672742 -17.257322945568827 -3.1315202803673947 9
-76.26045905855655 -17.259281110568107 -3.132066519947481 9
-76.46045052232665 -17.261130960608597 -3.132629781266229 9
-76.66044302447735 -17.262862309061422 -3.133251581247521 9
-76.8604366041845 -17.26446563160406 -3.1338974620110878 9
-77.06043118036997 -17.265941538111317 -3.134525690070424 9
-77.26042663785361 -17.267293484689066 -3.1351392365890973 9
-77.46042288389879 -17.26852222411411 -3.1357606755339127 9
-77.66041985131143 -17.269625432671663 -3.136394565955396 9
-77.86041747148566 -17.27060189413145 -3.1370207964445918 9
-78.06041566282948 -17.271456306641465 -3.1376150161389926 9
-78.26041434041429 -17.272194631857012 -3.13819218020427 9
-78.46041343187056 -17.272809591516374 -3.138862820576416 9
-78.66041287911747 -17.273278844259284 -3.1396492536773084 9
-78.86041261158553 -17.273594891897933 -3.140304365979964 9
-79.06041249716263 -17.2738228987932 -3.140529017250965 9
-79.26041238879966 -17.274047421022786 -3.1403780390423646 9
-79.46041222457598 -17.274304064701063 -3.140260084013003 9
-79.66041203941596 -17.274572747352195 -3.1402576491456107 9
-79.8604118662047 -17.2748345591685 -3.1403045530680456 9
-80.06041170398535 -17.275090050334516 -3.1403206830011063 9
-80.26041154220131 -17.275345291082814 -3.1403098445911457 9
-80.46041137640668 -17.275602838012304 -3.140301374292465 9
-80.66041120910806 -17.275861249974128 -3.1403011942556107 9
-80.86041104266619 -17.276119169551446 -3.1403045607383935 9
-81.06041087701499 -17.276376634159263 -3.1403057315792973 9
-81.26041071139963 -17.276634077049103 -3.1403049733883344 9
-81.4604105454969 -17.276891685073984 -3.1403043434137743 9
-81.66041037947433 -17.277149364743494 -3.140304256941123 9
-81.86041021349726 -17.27740702193505 -3.1403044839489476 9
-82.06041004759729 -17.277664630159734 -3.1403047460105036 9
-82.26040988176455 -17.277922184761145 -3.140304968198588 9
-82.46040971591691 -17.278179746622666 -3.140304603420145 9
-82.6604095498896 -17.278437451179986 -3.1403035412394638 9
-82.86040938367873 -17.278695304300705 -3.1403038060317137 9
-83.06040921796222 -17.278952761174054 -3.1403075039201496 9
-83.26040905434529 -17.279208552839243 -3.1403244871467755 9
-83.46040889867162 -17.27945812871174 -3.1403698109719724 9
-83.66040875524644 -17.279698125949558 -3.140398886105404 9
-83.86040860479221 -17.279943415338316 -3.140313953108768 9
-84.06040841872061 -17.28021588721369 -3.140145747619604 9
-84.2604081880186 -17.280520306457205 -3.1400004489291304 9
-84.46040791569682 -17.28085095910921 -3.139879830110567 9
-84.66040760141935 -17.281205649937124 -3.1397578085502285 9
-84.86040724183376 -17.281585227343967 -3.139630371158157 9
-85.06040683030173 -17.28199134431518 -3.139491714136934 9
-85.26040635714003 -17.282426266698693 -3.1393470798695207 9
-85.46040583091256 -17.282884989150634 -3.1392643965054456 9
-85.6604052859932 -17.28335226639783 -3.1392583374448777 9
-85.86040473793109 -17.283820875769965 -3.1392298068652047 9
-86.06040415920788 -17.28430183014937 -3.139134886991923 9
-86.26040352023163 -17.284807047866746 -3.139001650364147 9
-86.46040282228059 -17.28533563556126 -3.1389044421063153 9
-86.66040208360953 -17.285879658096878 -3.1388476238377505 9
-86.86040132622233 -17.286430219705274 -3.138841197826876 9
-87.06040057953122 -17.286976584022604 -3.1388895968840025 9
-87.26039987135029 -17.28750867370308 -3.1389744921401417 9
-87.46039920576425 -17.288024776248395 -3.1390473432095445 9
-87.66039857384607 -17.28852776589976 -3.139106021855334 9
-87.86039796967638 -17.289019461712062 -3.1391629473925247 9
-88.06039739384867 -17.289499397368047 -3.1392236237598325 9
-88.26039684760396 -17.289966875219324 -3.1392869665359355 9
-88.4603963306648 -17.290421692515764 -3.139350103893116 9
-88.6603958419189 -17.29086391905113 -3.139412831920658 9
-88.86039538012712 -17.291293744585747 -3.1394738309729275 9
-89.06039494380559 -17.291711601716734 -3.1395325162278587 9
-89.2603945317017 -17.292117800780993 -3.139592034998883 9
-89.4603941450311 -17.292511215792448 -3.13966072195829 9
-89.66039378633386 -17.292889949693343 -3.139737850348721 9
-89.8603934533675 -17.293254840219902 -3.139792525493051 9
-90.06039313394842 -17.293612410157728 -3.1398110563613737 9
-90.26039281520124 -17.29396959918122 -3.139799413875431 9
-90.46039248936863 -17.294330622106727 -3.1397734095706635 9
-90.66039215151505 -17.294698190756304 -3.1397343297715725 9
-90.86039179850552 -17.295073973697612 -3.1396937509322504 9
-91.06039143087656 -17.29545750930422 -3.139656802980788 9
-91.26039104951793 -17.295848130686146 -3.13962226174287 9
-91.46039065435271 -17.296245729598176 -3.139586885622212 9
-91.66039024477394 -17.296650504019222 -3.139550537234924 9
-91.86038982032301 -17.297062570486204 -3.13951416951526 9
-92.06038938086009 -17.297481870188655 -3.139478204724483 9
-92.2603889262562 -17.29790833539942 -3.1394423773504307 9
-92.46038845611378 -17.29834201955317 -3.1394059843494913 9
-92.66038796989005 -17.298783041604512 -3.139369055099953 9
-92.86038746742221 -17.299231364526406 -3.139333354129562 9
-93.06038694933792 -17.299686626610946 -3.1392996632978756 9
-93.26038641606608 -17.300148546573418 -3.1392654895631 9
-93.46038586523999 -17.300617980755867 -3.139224231935036 9
-93.6603852929911 -17.301096396545464 -3.1391764392070622 9
-93.86038470062131 -17.301583158972797 -3.139145862064497 9
-94.06038410018022 -17.302073262916036 -3.139143023950538 9
-94.26038350367557 -17.30256173169646 -3.139156133001095 9
-94.4603829101484 -17.303048969370053 -3.139153968469445 9
-94.66038231157299 -17.303538312363987 -3.1391363207350125 9
-94.86038170805655 -17.304029711233675 -3.1391416662477045 9
-95.06038111671221 -17.304516036951366 -3.1391870524009593 9
-95.26038055515714 -17.30498993048532 -3.1392590778536613 9
-95.46038002586478 -17.305450147798815 -3.1393222620572208 9
-95.66037952300678 -17.305898797055754 -3.139375056264865 9
-95.8603790426939 -17.306337201998637 -3.1394266848361494 9
-96.06037858523318 -17.306764989137584 -3.139481234550119 9
-96.26037815133301 -17.30718162365275 -3.1395376852963275 9
-96.46037774057669 -17.30758703618732 -3.139593336397971 9
-96.66037735193106 -17.30798141224604 -3.139648089477196 9
-96.86037698457255 -17.30836483206703 -3.1397031597388994 9
-97.06037663812516 -17.308737152300292 -3.1397590855514066 9
-97.26037631220353 -17.30909824444852 -3.1398149870998497 9
-97.46037600581265 -17.309448381455827 -3.1398685352021127 9
-97.66037571762902 -17.309788052199668 -3.139919901153381 9
-97.86037544732436 -17.31011705625562 -3.1399768734485085 9
-98.06037519663944 -17.310433760191767 -3.1400429025078993 9
-98.26037496678498 -17.310736899852493 -3.140106690870504 9
-98.46037475155904 -17.311030365813387 -3.1401383308062925 9
-98.66037454070688 -17.311320868150794 -3.1401369199146627 9
-98.86037432653644 -17.311613514599543 -3.1401208322422094 9
-99.06037410675277 -17.311910032272717 -3.1400982076297117 9
-99.26037388090944 -17.312210879304907 -3.1400865797103905 9
-99.46037365966174 -17.31250851376825 -3.140132364542479 9
-99.66037345971466 -17.312791031052644 -3.1402360959304843 9
-99.86037329082424 -17.313051038248148 -3.14034645384575 9
-100.06037314821789 -17.313290584707797 -3.140440703457732 9
-100.26037302571955 -17.31351262816763 -3.140524293586903 9
-100.46037292092481 -17.313717640260535 -3.140611648408946 9
-100.66037283349661 -17.31390473028458 -3.1407033711298094 9
-100.86037276261978 -17.314073387656 -3.1407950224846286 9
-101.06037270644426 -17.31422391855418 -3.140884635921657 9
-101.26037266301697 -17.31435665829021 -3.1409737035157423 9
-101.46037263062604 -17.314471261405807 -3.1410661749871984 9
-101.66037260769207 -17.314567014922304 -3.141161850102829 9
-101.86037259265629 -17.31464416363193 -3.141249899478768 9
-102.06037258400018 -17.314704944756777 -3.1413255259626673 9
-102.26037258016795 -17.314751094973737 -3.141404170145042 9
-102.46037257920726 -17.314777306238668 -3.141526703793934 9
-102.66037257895296 -17.314774487625286 3.141495587451525 9
-102.86037257800832 -17.314746577212645 3.1414392627440746 9
-103.06037257657314 -17.31472459014376 3.141554820888778 9
-103.26037257461118 -17.31474011611109 -3.1414005800520575 9
-103.46037256799784 -17.314798495418312 -3.141208615722584 9
-103.66037255036726 -17.314890681297666 -3.1410612380353564 9
-103.86037251584914 -17.31501099025504 -3.140918899964661 9
-104.06037245964754 -17.31516101454466 -3.14076408463531 9
-104.26037237709146 -17.315343041247264 -3.1406010936977564 9
-104.46037226343287 -17.31555739493175 -3.1404413127590383 9
-104.66037211387878 -17.31580332543882 -3.1402851810352446 9
-104.86037192327126 -17.316080468347995 -3.1401282296944872 9
-105.06037168569718 -17.316389281385224 -3.1399684794070986 9
-105.26037139546865 -17.316730194212774 -3.1398086163675196 9
-105.46037104990394 -17.317102411020727 -3.139655750117686 9
-105.6603706479349 -17.317504476534783 -3.1395093858476857 9
-105.86037018288796 -17.3179369725008 -3.139346506879156 9
-106.06036963644159 -17.318404715053667 -3.139156919040121 9
-106.26036899361279 -17.31891131633028 -3.1389763283568723 9
-106.46036828447805 -17.319444099254003 -3.1388992354334273 9
-106.66036756371189 -17.319981498852325 -3.138927161491831 9
-106.86036686530936 -17.32051011140824 -3.1389671666917596 9
-107.060366179897 -17.321033631312886 -3.138978088169911 9
-107.26036549391377 -17.321557403882018 -3.13896965770339 9
-107.46036480505956 -17.32208233477156 -3.1389676315680037 9
-107.66036411720573 -17.322606896493042 -3.1389731352098345 9
-107.86036343279302 -17.323130125706623 -3.138979533098241 9
-108.06036275116622 -17.323652279806605 -3.1389838863819137 9
-108.26036207136481 -17.324173736499716 -3.1389868394185267 9
-108.46036139317215 -17.324694579535716 -3.1389900975700895 9
-108.66036071678003 -17.325214731285616 -3.1389937536743666 9
-108.86036004239722 -17.32573410868498 -3.1389978502162794 9
-109.06035937025926 -17.326252620853474 -3.1390024060121964 9
-109.26035870052048 -17.326770208193565 -3.139006755233614 9
-109.46035803254125 -17.327287114859416 -3.139009135696049 9
-109.66035736524677 -17.327803751440097 -3.1390094727053865 9
-109.86035669769323 -17.328320484542814 -3.139008280878322 9
-110.0603560292173 -17.328837586101333 -3.1390057881358104 9
-110.26035535946028 -17.329355206741507 -3.139004256152701 9
-110.46035469060648 -17.32987246531204 -3.139009670670019 9
-110.66035402620223 -17.330387927905093 -3.1390214523799407 9
-110.86035336460823 -17.330902255522158 -3.1390159453157573 9
-111.06035269341282 -17.331420461122672 -3.1389826724269265 9
-111.26035200303261 -17.33194641551231 -3.1389563637540596 9
-111.4603513231137 -17.33246814569832 -3.139028935102111 9
-111.66035070469772 -17.332965033070977 -3.139201924393214 9
-111.86035017779973 -17.333424260142223 -3.1393864763138213 9
-112.06034972841631 -17.33384935595603 -3.139543237847013 9
-112.26034933829276 -17.334245428999324 -3.139681489612686 9
-112.4603490005944 -17.33461335399705 -3.1398257931106497 9
-112.66034871474508 -17.334951685362654 -3.139977225685826 9
-112.86034847872097 -17.33525950568239 -3.140129570172882 9
-113.06034828736571 -17.33553704129022 -3.1402800731337988 9
-113.26034813521595 -17.33578463692288 -3.1404292209468254 9
-113.46034801758144 -17.336002415440603 -3.1405783007796284 9
-113.66034793019593 -17.33619037720747 -3.1407274286625095 9
-113.86034786877023 -17.33634841115278 -3.140877845269152 9
-114.06034782895898 -17.336476177967253 -3.1410301000473804 9
-114.26034780635061 -17.3365734275652 -3.14118176637062 9
-114.4603477959796 -17.336641016831436 -3.141326422538336 9
-114.66034779258219 -17.33668044400286 -3.141461489512508 9
-114.86034779183926 -17.336698433668918 -3.141528187892731 9
-115.06034779139485 -17.336712523527076 -3.1415004875916344 9
-115.26034778926612 -17.336740062236572 -3.1414099942956977 9
-115.46034778469138 -17.336783980987644 -3.1413403447830985 9
-115.66034777757783 -17.33683931048383 -3.141295185105962 9
-115.86034776767067 -17.33690293000791 -3.1412527822937957 9
-116.0603477543654 -17.336975716811168 -3.141203512307995 9
-116.26034773702827 -17.337058928971537 -3.141149756406808 9
-116.46034771516145 -17.337152738331433 -3.141097815859059 9
-116.66034768834089 -17.337256722079793 -3.141047927594297 9
-116.86034765604188 -17.33737068481361 -3.140997461854632 9
-117.06034761752952 -17.337494914892545 -3.140945254124402 9
-117.26034757211487 -17.337629676841164 -3.1408930357508513 9
-117.46034751978841 -17.337774445419786 -3.140845388141162 9
-117.6603474609053 -17.337928270613215 -3.1408019825127327 9
-117.86034739457293 -17.338091537519706 -3.140747735275502 9
-118.06034731730627 -17.338267405957485 -3.1406759671524607 9
-118.2603472255102 -17.338459097405707 -3.140592513668093 9
-118.46034711758531 -17.338667171444346 -3.1405128164076115 9
-118.66034699302584 -17.338890728825117 -3.1404375626499816 9
-118.86034685113393 -17.33912917843156 -3.1403631134272505 9
-119.06034669079031 -17.339382598556842 -3.1402878573479316 9
-119.26034651078487 -17.33965115757553 -3.140211649820053 9
-119.46034630954658 -17.339935089817686 -3.1401341082359795 9
-119.6603460853121 -17.340234662869253 -3.1400554068360873 9
-119.86034583723888 -17.34054969013076 -3.139980663913631 9
-120.06034556639577 -17.340879043466266 -3.1399121459152766 9
-120.26034527333984 -17.341221858656617 -3.139841992956577 9
-120.46034495157711 -17.341580856772513 -3.13974940695172 9
-120.66034459077187 -17.341960711275405 -3.139634287832946 9
-120.86034418488617 -17.342363753143207 -3.1395232399280286 9
-121.06034373686693 -17.34278741935933 -3.1394280439195095 9
-121.2603432500531 -17.343228927812504 -3.1393414273367326 9
-121.46034272245664 -17.343688358295637 -3.139248433049647 9
-121.66034214993076 -17.344166953997902 -3.1391509947859597 9
-121.86034153038268 -17.34466488881465 -3.1390553034143402 9
-122.06034086275541 -17.345181789346988 -3.138960907084306 9
-122.2603401450514 -17.345717677543327 -3.138865272244129 9
-122.46033937476757 -17.346272800433617 -3.1387691057058404 9
-122.66033855112114 -17.346846861149547 -3.1386761999392756 9
-122.86033767440709 -17.34743921719026 -3.1385846271349482 9
-123.06033673937802 -17.348050895552376 -3.138481672277335 9
-123.26033573624179 -17.34868429338873 -3.1383719940858894 9
-123.46033467391429 -17.349336193391565 -3.138302546424411 9
-123.66033358214493 -17.34999713159752 -3.1382788766849257 9
-123.86033247937873 -17.350661289384313 -3.1382649410643695 9
-124.06033136744068 -17.351328173992414 -3.1382516032512804 9
-124.26033024684041 -17.351997677275598 -3.138238725819474 9
-124.46032911778482 -17.35266971569462 -3.1382262517518824 9
-124.66032798044273 -17.353344211361712 -3.138214125040688 9
-124.86032683495807 -17.354021110965995 -3.138202206841387 9
-125.06032568145939 -17.354700374695902 -3.1381904479279368 9
-125.26032451976064 -17.3553820511603 -3.138177879505639 9
-125.46032334905848 -17.356066362436103 -3.138164099660107 9
-125.6603221687588 -17.3567534698173 -3.1381507371172233 9
-125.86032098074854 -17.35744281993347 -3.1381418291956007 9
-126.060319788169 -17.358133498166637 -3.138136899602605 9
-126.26031858940634 -17.358825961745378 -3.138120864077806 9
-126.46031737348555 -17.359523368725426 -3.138087465291773 9
-126.66031613228088 -17.360228054985743 -3.138059563034199 9
-126.86031489242767 -17.36093232634252 -3.1380938175912783 9
-127.06031369852836 -17.361623302715618 -3.1381906377778277 9
-127.26031257856023 -17.362292695485614 -3.1382991643110407 9
-127.46031152754293 -17.36294132200412 -3.1383983014373062 9
-127.6603105372568 -17.36357090038379 -3.1384912615705267 9
-127.86030960476766 -17.364181739322916 -3.138586006266561 9
-128.06030872988936 -17.36477341438095 -3.1386828659193573 9
-128.26030791194398 -17.365345582109157 -3.138780882872815 9
-128.46030714924174 -17.365898070512984 -3.1388796599383935 9
-128.6603064398323 -17.366430810005493 -3.138977539364213 9
-128.8603057805057 -17.3669444582953 -3.1390704129227123 9
-129.06030516742095 -17.367440039230164 -3.139158851568927 9
-129.26030459982576 -17.367917003240443 -3.1392601496578254 9
-129.46030408304512 -17.368371704504458 -3.139381479611285 9
-129.66030362051353 -17.3688014506648 -3.1394964193458743 9
-129.8603031927464 -17.36921514100811 -3.139539493152373 9
-130.06030276835398 -17.369627693449264 -3.139508620494089 9
-130.26030231921737 -17.37005204651738 -3.139426081834787 9
-130.46030182384237 -17.370497149870694 -3.139301117127304 9
-130.66030126304346 -17.370970733447223 -3.1391489126854104 9
-130.86030063119549 -17.37147386488499 -3.139007100324276 9
-131.06029992971207 -17.3720041525111 -3.1388768860702685 9
-131.26029915745258 -17.372560320894273 -3.1387456991780174 9
-131.4602983081415 -17.373143345121854 -3.1386083265214046 9
-131.66029737568434 -17.373754202511073 -3.1384699924857156 9
-131.86029636085644 -17.374391578452585 -3.1383436428737954 9
-132.06029526800023 -17.375052970052586 -3.138229585971069 9
-132.26029410028815 -17.375736478539668 -3.1381210829224413 9
-132.46029285853575 -17.376441411579698 -3.138015339162759 9
-132.66029154170207 -17.377167582457847 -3.137905012523877 9
-132.86029013479182 -17.377918025398404 -3.1377719097930514 9
-133.06028861578204 -17.378697394147427 -3.1376186707552987 9
-133.2602869923642 -17.379503146320438 -3.137524384552346 9
-133.46028533070185 -17.38031858065785 -3.1375218483562577 9
-133.6602836975327 -17.381126911204372 -3.1375796161779235 9
-133.86028210460702 -17.381925146923216 -3.1376197692481176 9
-134.06028053508018 -17.382717470877505 -3.1376391023776105 9
-134.26027897566567 -17.38350721846686 -3.1376475902050647 9
-134.4602774205471 -17.384295939403746 -3.1376493689919855 9
-134.66027586764224 -17.385084217034183 -3.1376596890981743 9
-134.86027434013425 -17.385865944675054 -3.137716337855718 9
-135.06027287421696 -17.38663156952099 -3.137818858445632 9
-135.2602714883656 -17.387376103341513 -3.1379168568562252 9
-135.4602701660418 -17.388103579483122 -3.137989436417579 9
-135.66026888835495 -17.388818637922263 -3.1380455196040034 9
-135.86026765162197 -17.389522004613976 -3.1381072136704375 9
-136.06026646006077 -17.390212371940954 -3.138175316536631 9
-136.26026531600635 -17.390888902652584 -3.1382444771160127 9
-136.46026421796392 -17.391551717434464 -3.1383124766058326 9
-136.66026316399638 -17.392201060117 -3.138379081419238 9
-136.86026215219832 -17.39283727699632 -3.1384437128291363 9
-137.06026118069602 -17.39346076216186 -3.1385066816813243 9
-137.26026024950127 -17.394071212410076 -3.138575640750209 9
-137.46025936232803 -17.39466695459066 -3.1386537630163827 9
-137.66025852164728 -17.395246762551498 -3.1387288546594716 9
-137.86025771516742 -17.395814758811785 -3.1387707069273523 9
-138.06025692291448 -17.396377849362903 -3.1387779369346815 9
-138.26025612500368 -17.396942902426243 -3.138751221232587 9
-138.46025530185597 -17.397516665115614 -3.138690840308862 9
-138.6602544355631 -17.398105279089478 -3.1386086834316393 9
-138.86025352263837 -17.398709671212274 -3.138534202100688 9
-139.0602525670847 -17.399328060036556 -3.138468422162608 9
-139.2602515709641 -17.39995936580417 -3.1384033925911723 9
-139.46025053240197 -17.40060393198254 -3.1383358173758333 9
-139.66024944920653 -17.401262216811112 -3.1382667195005216 9
-139.86024832042992 -17.401934229867916 -3.1381986327314912 9
-140.06024714576745 -17.402619748788105 -3.138131581525852 9
-140.26024592437733 -17.403318743152344 -3.1380634389636834 9
-140.46024465435295 -17.40403156323598 -3.1379933234765707 9
-140.66024333400344 -17.40475848266182 -3.1379236666527692 9
-140.86024196463157 -17.405498708700264 -3.137860490224985 9
-141.06024054901843 -17.406250919317113 -3.137802518198787 9
-141.26023907997583 -17.407017000690825 -3.137714518357753 9
-141.4602375307494 -17.407805137498393 -3.1375833531193957 9
-141.66023594996514 -17.40860232317666 -3.137711194112338 9
-141.8602346336907 -17.40932563078245 -3.1383049076334513 9
-142.06023376234728 -17.409917875962645 -3.138935828180476 9
-142.26023320520076 -17.41039668686675 -3.139451535276429 9
-142.46023285656744 -17.410772400283193 -3.139983964327761 9
-142.66023267897208 -17.41103795643986 -3.1405430801595378 9
-142.86023262487024 -17.411194962865387 -3.1410649605052035 9
-143.06023263368263 -17.411248810538652 3.1415845416563273 9
-143.26023262260574 -17.411183162221583 3.1409228016124144 9
-143.46023252664895 -17.410992320389074 3.140432807601318 9
-143.66023238977456 -17.410750589842397 3.140405229987056 9
-143.86023225909764 -17.410520745276063 3.1404640787401097 9
-144.0602321256467 -17.41029213941653 3.1404177312647175 9
-144.2602319764061 -17.410048648378808 3.140336919335533 9
-144.46023181214338 -17.409791547610276 3.140281633874489 9
-144.6602316365072 -17.409525761351087 3.140246868223252 9
-144.86023145024208 -17.409252775291126 3.1402071599938615 9
-145.06023125149338 -17.40897099712814 3.1401589620049566 9
-145.2602310389749 -17.408679367669958 3.1401114652487254 9
-145.4602308137274 -17.408379088282615 3.1400724626196586 9
-145.66023057708392 -17.408071677012348 3.14003695575352 9
-145.8602303262099 -17.407755219727576 3.139979532051016 9
-146.06023005454045 -17.40742473041087 3.1398965710688906 9
-146.26022974781398 -17.407072357989296 3.1397485980600472 9
-146.4602293651292 -17.406680543791882 3.1395021525807003 9
-146.6602288602649 -17.40623015274138 3.139172698477525 9
-146.86022819726887 -17.405712666308343 3.1388388356665087 9
-147.06022734937875 -17.40512906587754 3.138511613763334 9
-147.26022630396886 -17.404483144346486 3.138226491580716 9
-147.46022509704537 -17.403787413509583 3.138013518094309 9
-147.66022376932912 -17.40305492207691 3.1378345202198683 9
-147.86022224802127 -17.4022725156448 3.1374955159041638 9
-148.06022035876416 -17.401403597669752 3.1369696769324964 9
-148.26021796634308 -17.400422699695856 3.1364281710465187 9
-148.46021508594623 -17.39934643730643 3.1360160202718164 9
-148.66021177372733 -17.39820088574518 3.1357388674013524 9
-148.86020823546934 -17.397015992571962 3.135625382962616 9
-149.06020479309828 -17.395823163765165 3.135590433222381 9
-149.2602007419999 -17.39453711668468 3.1345013807631434 9
-149.460193883602 -17.392903947842346 3.1323347038689957 9
-149.6601839866643 -17.3909071007729 3.131094230156683 9
-149.86017260519955 -17.38875485706239 3.1303152566915964 9
-150.0601566069407 -17.38622374281324 3.127111774130599 9
-150.26012823752444 -17.382784753344577 3.121241149512446 9
-150.4600697103118 -17.377907588872855 3.1127275120921087 9
-150.6599568844709 -17.37111063164042 3.1023078298734843 9
-150.85975710949094 -17.36213149665903 3.090906181390561 9
-151.059444554742 -17.350924106677756 3.0805567729342322 9
-151.25902132833508 -17.33789615493131 3.0726875737824146 9
-151.45850799626618 -17.32358875676565 3.0678415503721808 9
-151.65795078174602 -17.30863773136803 3.06618995626646 9
-151.857367801031 -17.2933190808094 3.062840780498368 9
-152.0566878145641 -17.276841792599463 3.0545631275160594 9
-152.25582478087878 -17.25825678464707 3.0421575112785684 9
-152.45470938494032 -17.237079863156943 3.0287571816406147 9
-152.65328474636016 -17.21317228111843 3.0146838016470836 9
-152.85150094983047 -17.18645409286326 3.0005999340846836 9
-153.04932691701774 -17.156988272129006 2.9869322040965223 9
-153.24673563650512 -17.124863555464923 2.9736974627546333 9
-153.44371057766176 -17.090178446279996 2.960969347432197 9
-153.64024276781734 -17.05303835965275 2.9487338542457007 9
-153.8362962786933 -17.01343595867424 2.9354988749796775 9
-154.03176109887846 -16.97105553670658 2.920337287367951 9
-154.22651931776295 -16.925551345573933 2.9037786394233973 9
-154.42051317212457 -16.876864859691405 2.887740862029483 9
-154.6137268382539 -16.825137950955444 2.872364817459973 9
-154.80610662633995 -16.770390030740437 2.8559855875095947 9
-154.99749833769314 -16.712312019840464 2.837630077115691 9
-155.18773869785574 -16.65056795538873 2.8179021837242897 9
-155.37674892209827 -16.58513145816205 2.7988389006809435 9
-155.56450618655015 -16.516181074170266 2.7806002757695074 9
-155.7510028291113 -16.443908157636123 2.7633439096555046 9
-155.93626600731696 -16.368526564240273 2.7471569179468305 9
-156.1203212260781 -16.29023707892517 2.731638575100846 9
-156.30311613073127 -16.209054862141887 2.7155322830268536 9
-156.4845493559379 -16.124878225746972 2.6987610757145495 9
-156.66454236487903 -16.037659240749814 2.68204034484475 9
-156.8430715500834 -15.947479384175207 2.665732146975046 9
-157.0201251446608 -15.854443512868016 2.6499673866245823 9
-157.19573403149047 -15.758709315242573 2.6351466977291302 9
-157.36995451450017 -15.660465872613404 2.621268047409321 9
-157.5428079951067 -15.55983868063252 2.6074758432638214 9
-157.7142373944317 -15.45681071031763 2.5933548650301956 9
-157.8841843612954 -15.35135989765583 2.5792626558178355 9
-158.05268438722715 -15.243607171779907 2.5662158896300054 9
-158.21982712601294 -15.133755962930376 2.5542549149989036 9
-158.38567814788988 -15.021967738512735 2.5428087716828003 9
-158.55024964292303 -14.908311269118187 2.5316111402504786 9
-158.71355318464725 -14.792849909215956 2.5208507475447806 9
-158.87566228622495 -14.675712058639835 2.511051004233865 9
-159.03668419626382 -14.557061313107791 2.5021009392825673 9
-159.19650641739608 -14.436791593004221 2.490038855108018 9
-159.3545507148685 -14.314225408428813 2.47305897891641 9
-159.51023660805774 -14.18868655376355 2.453097918990943 9
-159.66352816441872 -14.060205513157902 2.4353590716574307 9
-159.81469053846865 -13.929203651995085 2.4200008943880627 9
-159.96381626412477 -13.795899339416378 2.403976811777103 9
-160.11063889449554 -13.660087991269094 2.3859588805600533 9
-160.25488650903557 -13.521553494113842 2.3670618353516573 9
-160.39662761401752 -13.380435690459048 2.350074695343332 9
-160.5361066953018 -13.237058700460803 2.334944430337704 9
-160.6733155595804 -13.091512457218606 2.3179262066862503 9
-160.80776411000235 -12.943439905631022 2.29752722832288 9
-160.93897309281058 -12.792493300235286 2.275441963421632 9
-161.06698347544975 -12.638801401795439 2.2554997180701686 9
-161.19208574758693 -12.482721520207793 2.2377263149295845 9
-161.31443997300656 -12.324491040630875 2.220256503623321 9
-161.43397488741846 -12.164134655358094 2.2024174814974202 9
-161.5506420616378 -12.001686493388744 2.1852487977422723 9
-161.66473606147468 -11.837410256280254 2.1709110248097496 9
-161.77670317104315 -11.671671008077215 2.159307536299544 9
-161.88679534317617 -11.504689765527827 2.1479719616796893 9
-161.99493662764542 -11.33644457802223 2.136062546493678 9
-162.10101858360736 -11.166891195086658 2.1235717268009253 9
-162.2049250660998 -10.995992415178156 2.110483557126553 9
-162.30653630308382 -10.823714109872874 2.0967847982761487 9
-162.40571455567422 -10.650021455171194 2.082313683365177 9
-162.50229270402247 -10.474878467455474 2.067012670032129 9
-162.596178950511 -10.298287045821079 2.0524653751962822 9
-162.6878234802899 -10.12051292591781 2.041735003898457 9
-162.7778989456779 -9.941929955393762 2.0345094856293513 9
-162.86660220701216 -9.762668590556588 2.0255090050855467 9
-162.95337479874703 -9.582472933543858 2.013061453679027 9
-163.03764586069602 -9.401084598826392 1.9983032758521888 9
-163.11921023099907 -9.218458081433585 1.9833387461101228 9
-163.19801824803244 -9.034637139576136 1.9684515438063126 9
-163.27432384180503 -8.849768906680703 1.9567366660125012 9
-163.34884598225977 -8.664158694545929 1.9491360263956277 9
-163.42215322796446 -8.478053760242418 1.9420340354271146 9
-163.4935848508986 -8.291238595628817 1.928966690992286 9
-163.56200422315982 -8.103318504853766 1.9104375890836907 9
-163.62702770179013 -7.9141803210464365 1.8941728992662397 9
-163.68940342726296 -7.724134037847259 1.8824465135145496 9
-163.749882008285 -7.5334874557673865 1.8735295391952191 9
-163.80864276326207 -7.342315140755438 1.864434859636868 9
-163.86563797465175 -7.150600044022423 1.8548943457690588 9
-163.92056046980755 -6.9582739744234825 1.8424241178537266 9
-163.97272605205768 -6.7651945755571345 1.8263147694424136 9
-164.0215694982898 -6.571251909396942 1.809232951123384 9
-164.06742687559702 -6.376567966853603 1.7956091455960692 9
-164.1109656128489 -6.181349807442941 1.7852362546512357 9
-164.15255394275758 -5.985718082078895 1.775217676078999 9
-164.19213800170465 -5.789671565569052 1.764769352944659 9
-164.22960140177466 -5.593199088544533 1.7533723378687491 9
-164.26464886982808 -5.396284969515551 1.7402003235455155 9
-164.2969382771075 -5.198914250635228 1.7259360677004199 9
-164.3268911524455 -5.001173847284365 1.7176180426891243 9
-164.35596937871935 -4.80328944715876 1.7170726200172526 9
-164.38523198986957 -4.605428695148834 1.7162116467510506 9
-164.4131113428265 -4.407385170225115 1.7030156037309716 9
-164.43735300521146 -4.20886051310931 1.6815878080953393 9
-164.45746322972627 -4.009855926377722 1.6617623828140886 9
-164.47384265759274 -3.8105184029630603 1.644408085556533 9
-164.48716800409946 -3.6109588385805824 1.6312620761420054 9
-164.4982804049215 -3.411260417620195 1.621752346618506 9
-164.50747779294213 -3.2114688081585614 1.6116281178098109 9
-164.51452565048655 -3.011593576393727 1.6003564507389803 9
-164.51933900359862 -2.811649437545653 1.58951407322364 9
-164.52206684831327 -2.6116602632241115 1.5794215149972624 9
-164.52269489536104 -2.411653771078805 1.5681162231872505 9
-164.52086136955953 -2.2116638128382937 1.5548752932346415 9
-164.51664284593178 -2.011710449065355 1.5458930740175367 9
-164.5114466385432 -1.8117733971864531 1.545097138550534 9
-164.50659986777353 -1.6118305549503276 1.5477410943898282 9
-164.5021116124713 -1.4118816990039749 1.5486806424547235 9
-164.49764768185327 -1.2119323117471723 1.5481349456329383 9
-164.493053340508 -1.0119850902739322 1.5475465794255545 9
-164.48836314054603 -0.8120397937655814 1.5471761704554097 9
-164.48361201860794 -0.6120961222219328 1.54689115313448 9
-164.47879809203258 -0.4121541207991991 1.5465478476348118 9
-164.47390996301047 -0.21221392387231125 1.546154680164296 9
-164.46894311374697 -0.012275601839224388 1.545766945721251 9
-164.4639002830059 0.18766084238060834 1.545394633410951 9
-164.45878396800535 0.3875954042752362 1.545028738008167 9
-164.4535941648312 0.5875280588552502 1.544659500395737 9
-164.44833020965808 0.7874587754268659 1.54428706719269 9
-164.44299156091225 0.9873875166534956 1.543912419222918 9
-164.43757780595539 1.1873142381929713 1.543535733579753 9
-164.43208896229615 1.3872389091148756 1.5431635055988016 9
-164.42652685029864 1.5871615569407616 1.5428027737228638 9
-164.42089356555982 1.7870822185339417 1.5424471621657132 9
-164.41518603410555 1.9870007737573046 1.542055104796504 9
-164.40939573039873 2.186916936909243 1.5416190940684595 9
-164.40352039281234 2.3868306116539606 1.5412390717689215 9
-164.39758549985146 2.5867425404290323 1.5410233269987585 9
-164.39162432567912 2.786653700844934 1.5409851767367986 9
-164.38568090266656 2.986565382040154 1.541211117740772 9
-164.37981060794175 3.1864792016660006 1.5417167721915734 9
-164.374058246566 3.3863964583980737 1.5423318935698236 9
-164.36842136936272 3.5863170279758596 1.5428720165178593 9
-164.36288532202948 3.78624041859257 1.5433480721711148 9
-164.35744436827528 3.986166406447363 1.5438317644199495 9
-164.35210217590222 4.1860950503532335 1.5443360430443767 9
-164.34686198915992 4.386026397062012 1.5448475424906853 9
-164.3417233426208 4.585960384680372 1.5453517827606698 9
-164.33668484308131 4.785896923873931 1.545850569349373 9
-164.3317465651171 4.985835961470542 1.546355701375603 9
-164.3269101309003 5.185777482426869 1.5468693095334767 9
-164.32217613584655 5.385721450460327 1.5473745392344276 9
-164.3175404967377 5.58566773126711 1.5478531337166466 9
-164.31299834637653 5.7856161739048 1.5483194393370983 9
-164.30855644993608 5.985566865727672 1.5488669501312522 9
-164.30423383607192 6.185520145315513 1.5495125457497272 9
-164.30003558178163 6.385476065952009 1.5500336210950274 9
-164.29590497544655 6.58543341732092 1.5501890828721434 9
-164.29177081414582 6.785390694057823 1.5500389517445334 9
-164.28761061129515 6.985347420121809 1.5499747802837416 9
-164.28345323824232 7.185304204609496 1.550067255753202 9
-164.27931693079083 7.385261432768586 1.550115979664471 9
-164.27516430078146 7.585218318265596 1.5499039098575247 9
-164.2709444015563 7.785173788624189 1.549469035568702 9
-164.26663714172878 7.985127406901057 1.5490593504349077 9
-164.26225495831594 8.185079406147926 1.5487196248193718 9
-164.25780905356172 8.385029993926613 1.548407178271881 9
-164.25329878308656 8.58497913354998 1.5480757867842685 9
-164.24872044708525 8.784926725360028 1.5477282925442586 9
-164.24407266364614 8.984872718116602 1.5473833249816615 9
-164.23935649435114 9.18481711162106 1.5470442470204206 9
-164.23457278869975 9.384759900488739 1.5467060252161486 9
-164.2297209992353 9.58470104694263 1.5463632087115848 9
-164.22480027036417 9.784640506270966 1.546017763059309 9
-164.21981134071078 9.984578276058087 1.5456825024965166 9
-164.21475662937317 10.184514398472942 1.545359739987428 9
-164.2096368210932 10.38444886857126 1.5450216865181952 9
-164.20444488927734 10.584381472149662 1.544638251523242 9
-164.19917254870052 10.784311960887894 1.544234112414661 9
-164.1938315152826 10.984240630194204 1.543970035969196 9
-164.188454587035 11.184168348590791 1.5438750382011601 9
-164.18307609806794 11.384096025856639 1.5439572392728906 9
-164.17773263580173 11.584024630894811 1.5442254314381947 9
-164.172460517686 11.783955124714403 1.54465246073566 9
-164.16727406111713 11.98388787054548 1.5450614957150834 9
-164.1621643950379 12.18382260154828 1.5454206221796385 9
-164.15712353423828 12.383759074876986 1.5457603483349478 9
-164.15215195890528 12.58369727738288 1.546113705306369 9
-164.14725233001354 12.783637255122922 1.546478598221991 9
-164.1424256011265 12.983579008663177 1.5468413038386182 9
-164.1376709262586 13.18352249062401 1.5471993456798054 9
-164.1329876769301 13.38346765844365 1.5475573688076327 9
-164.1283765136049 13.583414499750688 1.547920401861574 9
-164.12383836390288 13.78336300864827 1.5482860981576763 9
-164.11937225276117 13.98331314017358 1.5486391678933789 9
-164.1149751999317 14.183264808193346 1.5489768521710006 9
-164.11064638446504 14.38321797003207 1.549333675892681 9
-164.10639456591733 14.58317277599632 1.5497470111953864 9
-164.1022300633364 14.783129407834986 1.5501860972649775 9
-164.0981382657105 14.983087545866784 1.5504506042054753 9
-164.09407829025457 15.183046341993814 1.550504386996392 9
-164.09001220156085 15.383005010516637 1.55041175705407 9
-164.08591990980347 15.58296313791392 1.550242327174267 9
-164.0817864223553 15.78292041664128 1.5500073400807277 9
-164.07760583204487 15.982876720343034 1.5497798028280476 9
-164.07338180604816 16.18283211360206 1.5495728878131314 9
-164.06911764221738 16.38278665360329 1.5493739491758054 9
-164.0648131293068 16.582740327412925 1.5491692988109198 9
-164.06046715366026 16.78269310407924 1.5489598483408098 9
-164.05607934437325 16.98264496784926 1.5487515662975064 9
-164.0516501132572 17.18259591898661 1.5485455295255801 9
-164.0471797366874 17.382545954586234 1.5483390927524319 9
-164.04266775706182 17.58249505503709 1.5481293927865363 9
-164.03811357374954 17.782443197539962 1.5479180496128395 9
-164.03351789913683 17.982390390888636 1.5477156148726634 9
-164.02888282922723 18.182336677168706 1.5475239922360136 9
-164.02420893319794 18.382282061503396 1.5473187930891605 9
-164.01949001350738 18.58222638524524 1.5470736206321427 9
-164.01471877263455 18.7821694631319 1.5468102436813234 9
-164.009905552594 18.982111537005423 1.5466704159214382 9
-164.0050792830204 19.18205329876821 1.5466797110326653 9
-164.00026324381884 19.381995305364324 1.5467380508467072 9
-163.99545294787285 19.581937449227322 1.5467371185918701 9
-163.99063707901087 19.781879459379976 1.54669385374087 9
-163.98581807478084 19.981821394505317 1.5467187823879707 9
-163.98101286563272 20.18176366066432 1.5468318442731734 9
-163.9762355680462 20.381706595918484 1.546979370876502 9
-163.97148540813546 20.581650179082583 1.5471032761701007 9
-163.9667577694405 20.78159429626348 1.5472070027014815 9
-163.96205084187378 20.98153890124853 1.5473131028556673 9
-163.9573657725398 21.181484019143156 1.5474256451983135 9
-163.9527035809151 21.38142967200745 1.5475405163647744 9
-163.94806414522796 21.58137585451936 1.5476532645030745 9
-163.94344705611445 21.781322554442486 1.5477643695143424 9
-163.9388522942866 21.98126976855405 1.5478769659861629 9
-163.93428025148665 22.181217503129457 1.5479916194018946 9
-163.9297310831582 22.3811657592215 1.5481044117778875 9
-163.925203857674 22.581114513775443 1.5482111028343546 9
-163.92069745964966 22.7810637396467 1.5483149686413602 9
-163.91621342840602 22.98101346820113 1.5484373411528582 9
-163.91175610051081 23.18096379245704 1.5485820685619571 9
-163.9073266319122 23.380914735365515 1.5486984118126563 9
-163.90291210083524 23.58086600974973 1.5487314596112798 9
-163.89849630736364 23.780817256278524 1.548695548348976 9
-163.89407467991825 23.98076837337436 1.5486841173886412 9
-163.88965489942362 24.180719531048908 1.548714022313731 9
-163.88524358695022 24.380670875834614 1.5487600915034145 9
-163.8808403797301 24.580622399519946 1.5487950842052947 9
-163.8764431128747 24.780574053962425 1.5488206138934957 9
-163.87205093674834 24.980525820159343 1.5488472492634446 9
-163.86766438755464 25.180477709811978 1.548876896761677 9
-163.8632839429513 25.380429733327706 1.5489076483500714 9
-163.8589095512183 25.580381889401455 1.5489374391915147 9
-163.85454102671474 25.78033417376318 1.5489664753119636 9
-163.8501783513026 25.98028658581027 1.548996102656271 9
-163.8458216833333 26.18023912880467 1.5490265640100245 9
-163.84147108894317 26.38019180401761 1.5490563187158044 9
-163.83712620681743 26.58014460348412 1.5490836995311295 9
-163.83278660284108 26.780097517663844 1.5491099773234813 9
-163.82845287268148 26.980050559220786 1.5491434266280082 9
-163.82412669702327 27.180003764214618 1.5491855400148282 9
-163.81980852408364 27.379957142134586 1.5492166562763094 9
-163.8154933471434 27.579910584870106 1.5492154989187465 9
-163.81117501280144 27.779863959591182 1.549191482736152 9
-163.8068549992217 27.979817298034835 1.5492059290780962 9
-163.80254282546332 28.179770805332293 1.5492698991308478 9
-163.79824642421318 28.37972465227292 1.5493532357376385 9
-163.79396536117187 28.579678828656466 1.5494233041695107 9
-163.78969704304382 28.779633277579887 1.5494820362256991 9
-163.78544045125176 28.979587976197735 1.5495420852509385 9
-163.78119622641267 29.179542937549506 1.5496057336609041 9
-163.7769649403385 29.379498173193483 1.5496707168807895 9
-163.77274653654365 29.579453681130882 1.5497345842956465 9
-163.76854079906022 29.779409455918127 1.5497975635374186 9
-163.7643476970418 29.979365496028215 1.5498611420924344 9
-163.76016739469324 30.17932180406108 1.5499255882733756 9
-163.7559999644831 30.37927838073774 1.5499893552469808 9
-163.75184504970858 30.579235217964815 1.5500507691103358 9
-163.74770221990624 30.779192306129055 1.550111084908285 9
-163.74357206159831 30.97914965639111 1.550178474124742 9
-163.7394562328328 31.17910730179997 1.5502544107250187 9
-163.73535517615448 31.379065250586503 1.5503195036021788 9
-163.73126395401025 31.579023401131366 1.5503527687723935 9
-163.72717634931806 31.77898162570687 1.550358846970813 9
-163.7230899100677 31.978939873899954 1.5503679906783656 9
-163.7190061512427 32.17889817675894 1.5503856567983012 9
-163.71492643897793 32.37885656227477 1.550406670813096 9
-163.7108507037344 32.57881502895622 1.5504254331607044 9
-163.7067785049679 32.778773567692994 1.550442258077227 9
-163.7027096583793 32.9787321746409 1.5504592045143757 9
-163.69864424965817 33.178690851504676 1.5504766438613484 9
-163.69458237075838 33.37864960011214 1.5504944749409002 9
-163.69052408556234 33.578608421692685 1.5505125882656958 9
-163.68646944348433 33.77856731717464 1.5505307644801842 9
-163.68241831631758 33.97852628389758 1.550547576414244 9
-163.67837038871073 34.178485315420374 1.5505627666405055 9
-163.67432558186331 34.37844441008818 1.5505800932411422 9
-163.67028485965398 34.578403587344916 1.5506036229172449 9
-163.66624935440345 34.77836287004232 1.55062997039923 9
-163.6622174554775 34.97832222552391 1.5506370963414697 9
-163.65818466224275 35.17828156264962 1.5506210254282011 9
-163.65414845408839 35.37824083046921 1.5506141802137035 9
-163.6501153059505 35.57820016058737 1.5506516452751746 9
-163.64609334947903 35.77815971820721 1.5507105769370795 9
-163.64207220484852 35.97811929229411 1.5506422380578686 9
-163.63802198861407 36.17807827541117 1.5504198008380647 9
-163.63391801771743 36.37803616389143 1.5501371151582637 9
-163.62976164740974 36.57799297510845 1.5498957346049025 9
-163.62556095104327 36.77794886086403 1.5496896349544096 9
-163.62131909172928 36.977903874601196 1.5494793639642042 9
-163.61703405938374 37.177857966137196 1.5492578061586988 9
-163.61270407039095 37.37781108995261 1.5490322038081181 9
-163.6083293502704 37.57776324131494 1.5488103921532643 9
-163.60391062944737 37.777714425688906 1.548591487965225 9
-163.5994479208474 37.97766463265057 1.548369726703157 9
-163.59494048162964 38.17761383504031 1.5481440689982977 9
-163.59038802496278 38.3775620166683 1.5479220468752581 9
-163.58579235293587 38.577509211306186 1.547711805755953 9
-163.58115561881928 38.777455461074176 1.54750700334291 9
-163.57647484062664 38.97740068399842 1.5472663872925294 9
-163.57174162909425 39.17734466743792 1.5469825234637427 9
-163.5669537556013 39.37728734774556 1.5467536480002693 9
-163.56213622767467 39.57722931995553 1.5466859337544785 9
-163.5573204192912 39.77717133332328 1.5467526546363377 9
-163.55251605373377 39.97711361994338 1.5467799279320014 9
-163.5477100671392 40.177055867603855 1.5467364395838765 9
-163.542894361153 40.37699788285325 1.5467147712569913 9
-163.5380864965368 40.57694008579365 1.5468149119411936 9
-163.53331026384163 40.776883045367384 1.5470190530514354 9
-163.5285750263109 40.976826982399814 1.5472113523145978 9
-163.52387496995607 41.17677175150474 1.5473709631923183 9
-163.51920486636914 41.376717221407276 1.5475178867524062 9
-163.5145650284232 41.5766633944639 1.5476737089421917 9
-163.50995719313062 41.77661030738232 1.5478370686324308 9
-163.50538199133646 41.97655797038974 1.547999086020153 9
-163.50083889074637 42.17650636586927 1.5481581642273776 9
-163.49632748579134 42.376455479006495 1.548317087130568 9
-163.4918481419423 42.57640531246753 1.5484788572443235 9
-163.48740138693128 42.77635587265241 1.5486421684096825 9
-163.48298669255948 42.97630714342579 1.5487985464196496 9
-163.4786024207805 43.17625908496649 1.548946468273792 9
-163.47424812134747 43.37621168256072 1.5491049062912436 9
-163.46992859734448 43.57616503258627 1.5492943110032504 9
-163.4656494990806 43.77611924934481 1.5494977486144028 9
-163.4614027978117 43.97607415807625 1.54960546027913 9
-163.4571660924567 44.17602928030887 1.5495977305506223 9
-163.45292140859493 44.375984232218244 1.5495526815054785 9
-163.44867239785643 44.57593909165328 1.5495544804965753 9
-163.44442799187985 44.77589404919198 1.5495893872386328 9
-163.44018600808278 44.97584905844408 1.5495682362166792 9
-163.43593259001696 45.175803824119164 1.5494750186102861 9
-163.4316562052757 45.37575810010786 1.5493537345030042 9
-163.4273574988479 45.575711898372965 1.5492517665267183 9
-163.4230402449602 45.77566529719325 1.5491662825157815 9
-163.41870591951974 45.97561832612327 1.549078846521318 9
-163.41435358508286 46.17557096355514 1.5489861500023512 9
-163.4099824094126 46.3755231901317 1.5488915503028915 9
-163.40559248926496 46.57547500627904 1.5487986615008966 9
-163.40118415476098 46.77542641738369 1.5487071027337662 9
-163.39675742778994 46.975377422050364 1.548614401749044 9
-163.39231200665148 47.1753280117644 1.5485201150119785 9
-163.38784777020038 47.37527818213876 1.548427237313551 9
-163.38336542583153 47.57522794767411 1.5483389916485213 9
-163.3788658197351 47.77517732602502 1.5482528787225176 9
-163.37434778128633 47.97512628862662 1.5481527229000382 9
-163.3698080228289 48.175074758398246 1.5480356227312448 9
-163.3652456794108 48.375022713803816 1.5479401495157397 9
-163.36067055654834 48.574970377943934 1.547907808748421 9
-163.35609499482027 48.774918032077686 1.5479297202568212 9
-163.3515241611139 48.97486579397043 1.5479483493301405 9
-163.3469556924092 49.174813609775704 1.547953376417328 9
-163.3423870222313 49.37476142100188 1.5479471438600427 9
-163.3378162320939 49.57470918389275 1.5479321721413448 9
-163.33324178783124 49.77465686344567 1.5479151017105912 9
-163.32866751057932 49.974604546802325 1.5479388830098446 9
-163.32410284261618 50.174552449312436 1.5480112195857965 9
-163.3195555524677 50.374500747946655 1.5481024530437622 9
-163.31502520402884 50.57444943168339 1.5481806699608525 9
-163.31050925424492 50.77439844122384 1.5482477812466573 9
-163.3060067098632 50.97434775276958 1.5483162166313873 9
-163.30151820435816 51.17429737978511 1.5483882054537332 9
-163.29704429893104 51.37424733409162 1.5484614649063855 9
-163.29258492327864 51.57419761309909 1.5485335386715229 9
-163.2881398490327 51.77414821060467 1.548604701660873 9
-163.28370907021235 51.97409912534856 1.5486767374193624 9
-163.27929281425787 52.17405036125958 1.5487499658269415 9
-163.2748911691764 52.37400191925561 1.5488220863432984 9
-163.2705035865582 52.5739537864843 1.548890623643387 9
-163.2661294119968 52.77390594779421 1.5489575155861723 9
-163.26176955471814 52.97385842173641 1.5490353021019247 9
-163.25742656511463 53.173811262236036 1.549126232161549 9
-163.253101113744 53.37376448271242 1.5492003805303465 9
-163.2487855928316 53.5737179182075 1.5492255494670535 9
-163.24447042740425 53.77367136139784 1.5492086071444426 9
-163.24015159043506 53.973624725089934 1.549194046327406 9
-163.2358308778193 54.173578048174626 1.5491898462837865 9
-163.23151027257478 54.373531373590275 1.549194651811652 9
-163.22719138283236 54.57348473614223 1.5492070048459563 9
-163.22287553875327 54.77343816461412 1.549221330313032 9
-163.2185595745708 54.973391590484134 1.5492015728140882 9
-163.21423560587667 55.17334484310502 1.5491412664493731 9
-163.20989714514423 55.3732977819199 1.5490651810031766 9
-163.20554455676591 55.57325041406822 1.5489999654282036 9
-163.20117996448366 55.77320278461234 1.5489440238317786 9
-163.19680419786667 55.973154910711266 1.5488869775518783 9
-163.1924167282206 56.173106780239166 1.5488269654195108 9
-163.18801708700624 56.37305838237541 1.5487658902762111 9
-163.18360533204776 56.57300971768513 1.5487057992640054 9
-163.17918165299142 56.772960789580914 1.5486464660926254 9
-163.17474605644367 56.97291159742627 1.5485864228672637 9
-163.17029835691048 57.172862136335596 1.5485254063618092 9
-163.1658384821049 57.37281240398819 1.5484652862239012 9
-163.1613668769047 57.5727624097625 1.548408073844408 9
-163.15688407238744 57.77271216498284 1.5483521970755305 9
-163.15238933124732 57.97266165219036 1.5482874840335659 9
-163.14788058502722 58.17261082371893 1.5482121107023603 9
-163.1433572900226 58.37255966651171 1.5481503493812914 9
-163.13882561646253 58.57250831990778 1.5481283122724263 9
-163.13429334432865 58.77245695979818 1.5481408804937378 9
-163.12976411856624 58.97240566855586 1.5481548928797586 9
-163.12523724445646 59.17235443040824 1.5481644030125488 9
-163.12071127915965 59.372303212720446 1.5481611159637156 9
-163.11618248537616 59.572251931210594 1.5481361080318252 9
-163.11164694023975 59.77220049743697 1.5481024887554065 9
-163.10711129536043 59.9721490614254 1.5481450604337463 9
-163.10259330008765 60.17209802346988 1.5482790297025923 9
-163.09810757690892 60.37204771263923 1.5484485630298523 9
-163.09365330428423 60.571998106717864 1.5485935946114047 9
-163.08922569536244 60.77194909329481 1.5487177223986393 9
-163.08482288080504 60.971900626284445 1.5488443437179011 9
-163.08044605317173 61.17185272920927 1.5489776541297071 9
-163.07609626884437 61.371805422539836 1.5491133554508605 9
-163.0717733952919 61.57175869990647 1.5492468237368617 9
-163.06747700247033 61.77171254820426 1.5493785772128568 9
-163.06320707948794 61.97166696333086 1.5495119771991848 9
-163.05896405534304 62.17162195063233 1.5496476264347208 9
-163.05474809590274 62.37157751011128 1.5497811842946896 9
-163.05055816633472 62.57153361728714 1.5499079812470458 9
-163.04639303192351 62.77149024358498 1.5500316744956186 9
-163.0422544085985 62.97144742014147 1.550175925387927 9
-163.03814710887406 63.171405240758595 1.5503449767082926 9
-163.0340723975861 63.371363727488095 1.5504823576631914 9
-163.03001591873357 63.57132258645188 1.550527319236551 9
-163.0259596274854 63.77128144924892 1.5504935259441321 9
-163.02189651500078 63.97124017278373 1.5504694760800422 9
-163.0178311542279 64.17119885040951 1.5504710383747322 9
-163.01376754407815 64.37115756376556 1.5504810550876769 9
-163.00970493735466 64.5711162976221 1.55048106870987 9
-163.00564142354463 64.77107501300304 1.5504739055328147 9
-163.00157737631693 64.97103371749567 1.5504778825262098 9
-162.9975155664829 65.17099246755376 1.5504962841090364 9
-162.99345692110435 65.37095128207368 1.5504991918502837 9
-162.98939409133752 65.57091001136631 1.550454421049755 9
-162.98531776635866 65.77086846575315 1.5503689724456176 9
-162.98122428966363 65.9708265701824 1.550288188087567 9
-162.97711593866705 66.17078436989749 1.5502201982217279 9
-162.97299475864995 66.37074190543228 1.5501571595245947 9
-162.96886062531408 66.57069917332537 1.5500906346364356 9
-162.96471285833124 66.77065615884084 1.5500211598398141 9
-162.96055121209608 66.97061285609274 1.549952221188163 9
-162.95637589722006 67.17056926848309 1.5498844437514334 9
-162.9521870728961 67.37052539832595 1.5498167113434855 9
-162.94798458957158 67.57048124147866 1.5497478232712205 9
-162.94376823329165 67.77043679246088 1.5496783146004656 9
-162.9395382218993 67.97039205506506 1.5496116479468267 9
-162.93529522637147 68.17034704281501 1.5495484441577168 9
-162.93103942995768 68.37030175871925 1.5494809198814221 9
-162.92676886304548 68.57025615938126 1.5494007028116212 9
-162.92248121044028 68.77021019395647 1.5493147479098284 9
-162.9181797674784 68.97016393257147 1.5492680457800296 9
-162.91387371707455 69.17011757229801 1.5492686628794512 9
-162.90957061870853 69.37007127538831 1.5492875228621712 9
-162.90526998958237 69.57002503147234 1.5492933507974662 9
-162.90096928842146 69.76997878599653 1.549288210845669 9
-162.89666764666592 69.96993252033165 1.5492855162644292 9
-162.89236595101912 70.16988625354598 1.5492876718164195 9
-162.88806481805915 70.3698399988827 1.5492892782687482 9
-162.88376337102343 70.56979373741486 1.5492845284374115 9
-162.87946043883005 70.76974744387925 1.5492765441100143 9
-162.87515736907292 70.9697011473819 1.5492855217392496 9
-162.87085815220703 71.1696549340792 1.5493150820037134 9
-162.86656386079824 71.36960882712471 1.5493187115065934 9
-162.8622627029187 71.56956257190812 1.5492463850770788 9
-162.8579398462689 71.76951584811604 1.5491092589576128 9
-162.85358946688208 71.96946852852302 1.5489795666498134 9
-162.8492151929642 72.16942068850516 1.5488702569795785 9
-162.84482028256423 72.36937239549603 1.54876883294105 9
-162.8404045374497 72.56932364281249 1.5486618547824271 9
-162.83596687381015 72.76927440478407 1.5485501773341896 9
-162.83150690058244 72.96922467068423 1.5484393553262945 9
-162.82702495355397 73.16917444546657 1.5483303844505418 9
-162.8225212863804 73.36912373220788 1.5482214834400791 9
-162.81799566010503 73.56907252291664 1.5481107367965483 9
-162.81344773310084 73.76902080731875 1.5479989997584234 9
-162.80887785370942 73.96896859126511 1.547891804808942 9
-162.80428709416285 74.1689158975245 1.5477901435725638 9
-162.79967574703565 74.36886273053939 1.547681575188739 9
-162.79504066458904 74.568809013907 1.5475527224347736 9
-162.79037814732953 74.76875465826188 1.5474147048115712 9
-162.78569346282222 74.9686997850488 1.5473394223642583 9
-162.78100128598356 75.16864473687416 1.547339761072229 9
-162.7763137457514 75.36858979696532 1.5473700016917005 9
-162.7716303287091 75.56853495334734 1.5473809884140428 9
-162.7669472591308 75.76848011786748 1.5473751096001116 9
-162.7622626993271 75.96842524758966 1.5473679044996542 9
-162.757576844699 76.16837034701248 1.5473621578120762 9
-162.7528899285811 76.36831542152986 1.5473569789192814 9
-162.74820193804308 76.56826047083575 1.5473514103463415 9
-162.74351279693877 76.76820549316064 1.5473455088063695 9
-162.73882247508377 76.9681504877996 1.5473396428087203 9
-162.73413099050654 77.16809545516492 1.547333878386105 9
-162.72943835980112 77.36804039563414 1.5473281587469438 9
-162.7247445838587 77.56798530921735 1.547322422841052 9
-162.72004965934818 77.76793019582588 1.5473166683145392 9
-162.71535358105697 77.9678750553392 1.5473108800845177 9
-162.7106563417989 78.16781988760386 1.547305055448482 9
-162.705957940548 78.3677646925942 1.5472992899790852 9
-162.70125840270467 78.56770947083432 1.5472936864100872 9
-162.69655775776863 78.7676542229327 1.5472881550651965 9
-162.6918559629342 78.9675989479882 1.5472821162743864 9
-162.6871528995547 79.16754364351623 1.54727546617862 9
-162.68244853666337 79.36748830886332 1.5472695996099275 9
-162.6777432289672 79.56743295143221 1.5472660158643716 9
-162.67303744427866 79.76737758112428 1.5472650659019684 9
-162.6683319328073 79.96732221716664 1.5472690143163845 9
-162.66362774096348 80.16726688856834 1.5472782668440532 9
-162.6589250211004 80.36721160006145 1.5472789435949397 9
-162.65422008836157 80.56715625183884 1.5472561254021575 9
-162.6495086623791 80.76710072780402 1.5472228245542556 9
-162.64479695268452 80.96704519601197 1.5472631495654918 9
-162.64010217138673 81.16699012255668 1.547392169449947 9
-162.6354288107534 81.36693562911688 1.5474075068586874 9
-162.63072541438584 81.5668803224262 1.5470916344895755 9
-162.62593204165282 81.7668225794819 1.5466404585739781 9
-162.6211466795689 81.96676505343315 1.5473202466749725 9
-162.61663214394727 82.16671486044142 1.5492742836961937 9
-162.61227114241268 82.36666882463126 1.5476329795535333 9
-162.6069401123944 82.56659650896103 1.5396684957730995 9
-162.59976342551647 82.76646930312505 1.5303692096454733 9
-162.59086412463154 82.96627374242847 1.522422431899021 9
-162.58049294101073 83.16600436433704 1.5155735978651663 9
-162.56884879989516 83.36566865498723 1.509552763667919 9
-162.5557609466504 83.56524481950717 1.5001943424624706 9
-162.54028462552876 83.76464458668 1.4857474973914002 9
-162.52174623835344 83.96378881182187 1.4703297609850416 9
-162.50021781048875 84.16263406912957 1.4557364329429687 9
-162.4759468884013 84.36116035523484 1.4429084022910836 9
-162.44934639103806 84.55938423848603 1.4323775570528798 9
-162.4211128352992 84.75737952114147 1.4269501972641416 9
-162.39240815155134 84.95531337737557 1.4275049356132967 9
-162.3638142715546 85.15326684832536 1.4260676281116995 9
-162.33427869110986 85.35107184403027 1.4179719051510071 9
-162.30257004569725 85.54853293185052 1.4051863174638315 9
-162.26850680948908 85.74561370618922 1.3945696389259614 9
-162.2326207647922 85.94238577489422 1.3866270000744298 9
-162.1951047166573 86.13885309510671 1.3768695001702338 9
-162.15524592653094 86.33484059009585 1.3627140522090908 9
-162.11226095270973 86.53015981157306 1.3458588538348986 9
-162.0662488300868 86.72480416082453 1.3320635218688965 9
-162.01789608935422 86.91888811651994 1.3217484298552953 9
-161.96770987511167 87.11249431199488 1.3125379419690513 9
-161.91572327909196 87.30562046492199 1.3031161302811642 9
-161.86187336301356 87.49824269948463 1.292927284330485 9
-161.80582723947307 87.69023799972088 1.2801698928477467 9
-161.74707910243032 87.8814197881733 1.264753286979669 9
-161.6852863796786 88.07164475088216 1.2487484061565486 9
-161.6205035687219 88.2608755123139 1.2332433160211396 9
-161.55284556511424 88.44909258998524 1.2182979741782676 9
-161.48245258103253 88.63630274269906 1.2041107317711324 9
-161.40948005808855 88.82252874700535 1.1906594388742882 9
-161.3339845596421 89.0077487636311 1.1766510943020154 9
-161.25579374160762 89.19183735417046 1.1614283058451609 9
-161.17475617979858 89.37468003277333 1.1462601288487786 9
-161.09128006738834 89.55643122135537 1.134908210470529 9
-161.00610696878147 89.73740555725142 1.1274625500575128 9
-160.91958496916288 89.91773361086207 1.118790671005535 9
-160.8311740907179 90.0971303938982 1.106403376631471 9
-160.74026040103644 90.2752751021337 1.091373508491651 9
-160.64669760063992 90.45205351300044 1.076746208159491 9
-160.55061122648277 90.62747158280945 1.062720741793848 9
-160.45216613868402 90.80156945898405 1.049836427373855 9
-160.35160474012665 90.9744578003965 1.0383456179809387 9
-160.24914890044096 91.14623712265107 1.0274900640828661 9
-160.1447224062235 91.31681991703641 1.0151956388186512 9
-160.03808298901853 91.48601401262133 1.0014989520380428 9
-159.9293027890136 91.65383888967631 0.9907192027186627 9
-159.81911797125755 91.8207608638342 0.9848015807232148 9
-159.70823251537655 91.98722500388959 0.9808589122563043 9
-159.59625263440873 92.15294156591884 0.9712091295548777 9
-159.48218136375965 92.3172169324712 0.9555976971642697 9
-159.36533530695732 92.4795484653549 0.9382296389844321 9
-159.24569136912476 92.6398364723581 0.9209510843375527 9
-159.12331962351192 92.79804311119993 0.9040905685254713 9
-158.99839610531663 92.95424098527283 0.8885128285059124 9
-158.87115274049748 93.10856115130709 0.8741766669152117 9
-158.74168909436756 93.26102237642215 0.8591577250372614 9
-158.60984154610267 93.41141994142005 0.8426470465537345 9
-158.47543421325298 93.55953730441301 0.8251103948945384 9
-158.33845138776718 93.70528185097844 0.807669823389517 9
-158.19895847399084 93.84862372889569 0.7903475830095716 9
-158.05699158272455 93.9895109592165 0.7727417616575518 9
-157.9125314615123 94.12784972285829 0.7546969474311552 9
-157.7655328886385 94.26351131984875 0.7355236728509121 9
-157.61579461207813 94.39612999731288 0.7137076573833213 9
-157.4630462256407 94.52523390242813 0.689523597426592 9
-157.30735072657714 94.65077527702823 0.6684983863381193 9
-157.14934230590129 94.77343311094604 0.6525597453939604 9
-156.9896347916197 94.89386517842311 0.6394628037918617 9
-156.82828597480406 95.01205595989705 0.6246676074578358 9
-156.6651096367144 95.12769471602968 0.6081991784747595 9
-156.5000566103305 95.24065393869613 0.5923672816305495 9
-156.33330407349789 95.35110850570436 0.5779316886559172 9
-156.165023802561 95.45922209489986 0.5640227294389719 9
-155.99520471717605 95.5648864756003 0.5489710842605721 9
-155.82375969278206 95.66788056294428 0.5328575728185815 9
-155.65069063611242 95.76812974628285 0.5173710645983796 9
-155.4761403244579 95.86579110552044 0.5030405330697417 9
-155.30024611061506 95.96101103806183 0.4892164423613723 9
-155.1230267279468 96.05372913439739 0.47470714465088154 9
-154.94445350481914 96.14380262047524 0.4595847891508797 9
-154.76455565848357 96.23120592539236 0.44511402462097355 9
-154.58345086728434 96.31609251717825 0.43167376913439354 9
-154.40124730107462 96.39859485501269 0.4185540515614818 9
-154.21794482039493 96.47861491151265 0.404506901013274 9
-154.03350130543404 96.55596521666214 0.3895673050108586 9
-153.84790857907396 96.63052491985847 0.374443924445476 9
-153.66120863768086 96.70227167108845 0.3593377301595267 9
-153.4734488959629 96.77119593768306 0.3443336804381203 9
-153.2846853136514 96.83731834356064 0.3295779726983437 9
-153.09497735805294 96.90067217166315 0.3151205035569281 9
-152.90439733052324 96.96134944369471 0.3015164637618676 9
-152.71303575802915 97.01952560536071 0.2889172415177515 9
-152.5209738148593 97.0753472083591 0.2766866344637784 9
-152.3282294182414 97.12875320924948 0.2638037580350133 9
-152.13479791670213 97.17960857176413 0.25032528996139286 9
-151.94069729905908 97.2278557860403 0.23699243539274012 9
-151.74597678932153 97.27354429323323 0.22399842017234364 9
-151.55068952270034 97.31674300796008 0.21154021707063503 9
-151.35489795059664 97.35758740730432 0.199924820116097 9
-151.15866843665358 97.39624167522963 0.18935395057029872 9
-150.96209316704656 97.4330861069985 0.18179561278549272 9
-150.76529896898464 97.46879095523059 0.1777271671641863 9
-150.56833447049254 97.50355661374685 0.17019883146568704 9
-150.37098043520288 97.53595489638678 0.153778057854844 9
-150.173049216784 97.56467482801902 0.13470253178241304 9
-149.97461795768046 97.58978791789255 0.11735207879912174 9
-149.77579652163902 97.61154948054141 0.10069260625991353 9
-149.5766466644219 97.62999983150422 0.08410880182456128 9
-149.37722896527896 97.64528807760342 0.06940312279039816 9
-149.177621818656 97.65793064948116 0.05754492519483831 9
-148.97789051697396 97.66836191612323 0.046870482647354765 9
-148.77806369416496 97.67669561447647 0.036596440173096115 9
-148.57816670128426 97.68314188280664 0.028335073219603334 9
-148.3782288213806 97.68821126540341 0.022823809946175996 9
-148.17827385193667 97.69245857296274 0.02012566820406924 9
-147.97831387016902 97.69645007383546 0.02024314210301559 9
-147.77835596833685 97.70055949312582 0.020605702209627447 9
-147.5783966098514 97.70459250924503 0.01947897144204022 9
-147.37843066835563 97.70826993595871 0.0173247969328317 9
-147.1784581040079 97.7115858790305 0.016008651795591838 9
-146.97848274141245 97.7147420777677 0.015721306412683402 9
-146.77850751821225 97.7178946715285 0.01578949765404299 9
-146.57853249136352 97.72105104414882 0.015759121221021126 9
-146.37855721535848 97.72419242664014 0.015653482521650407 9
-146.17858157029548 97.72731383929194 0.015566712166651288 9
-145.97860568366133 97.7304207790579 0.015508500775706788 9
-145.77862964528126 97.73351696715353 0.015451837881915871 9
-145.57865341656634 97.73660015710571 0.015378505450497926 9
-145.37867694223056 97.73966741793221 0.015298482128349066 9
-145.1787002651602 97.74272172340484 0.01525207135520752 9
-144.97872350281324 97.74577053244903 0.01524326842872112 9
-144.77874674101463 97.74881929102865 0.015243904898095049 9
-144.5787699674789 97.75186722102228 0.015234981742498165 9
-144.3787931532195 97.75491248399763 0.015218315665709973 9
-144.17881628637542 97.75795431654605 0.015201244248128552 9
-143.97883936810288 97.76099277244772 0.015184583713425692 9
-143.77886240489337 97.76402826224127 0.015172792464623434 9
-143.57888541791007 97.76706218160088 0.015168877574801343 9
-143.37890842987238 97.77009603184338 0.015171009488342215 9
-143.17893144711633 97.77313023165148 0.015171798800784057 9
-142.97895446352993 97.77616437713746 0.01517048022419396 9
-142.77897747454747 97.77919816656335 0.015168680180416104 9
-142.57900048104145 97.78223165756434 0.015167495632308358 9
-142.37902348476845 97.78526496618292 0.015166751931690245 9
-142.17904648592045 97.78829810511513 0.015165743702117934 9
-141.97906948350052 97.79133100856671 0.015164402189682976 9
-141.77909247719032 97.79436365546687 0.015163346209901132 9
-141.5791154687436 97.79739616147663 0.015162993123975484 9
-141.37913846019066 97.80042866047971 0.015163177301688854 9
-141.17916145207553 97.80346118835081 0.015163229801953903 9
-140.97918444381287 97.80649370650316 0.015163081683856421 9
-140.7792074349994 97.8095261883217 0.015162916290561887 9
-140.5792304258455 97.812558647702 0.015162857275842214 9
-140.37925341665886 97.81559110492064 0.015162879922620697 9
-140.17927640752524 97.81862356562843 0.015162884406177898 9
-139.97929939836163 97.82165602436412 0.0151628603897275 9
-139.77932238910643 97.82468847705327 0.01516282993428693 9
-139.57934537977155 97.8277209244959 0.015162807918454412 9
-139.3793683703812 97.83075336828018 0.015162791873214945 9
-139.1793913609374 97.83378580853328 0.015162771827086209 9
-138.97941435142502 97.83681824427293 0.01516274681768912 9
-138.77943734184018 97.83985067522612 0.015162726614155112 9
-138.57946033221126 97.84288310327838 0.015162717805016332 9
-138.3794833225713 97.84591553060332 0.015162717786079886 9
-138.17950631293004 97.84894795783353 0.01516271603999326 9
-137.9795293032791 97.85198038443099 0.015162711471556387 9
-137.77955229361189 97.85501280995345 0.015162705740427641 9
-137.57957528392714 97.85804523432547 0.015162699965914425 9
-137.37959827422517 97.86107765755956 0.015162694673304573 9
-137.17962126451093 97.86411007997908 0.015162691984029242 9
-136.97964425479273 97.86714250214335 0.015162692102401563 9
-136.7796672450769 97.87017492445736 0.015162692903757779 9
-136.57969023536225 97.87320734685666 0.01516269295518528 9
-136.37971322564675 97.87623976919805 0.015162692425431702 9
-136.1797362159298 97.87927219143823 0.015162691996000916 9
-135.97975920621172 97.88230461360976 0.015162691738242542 9
-135.77978219649313 97.88533703574211 0.015162691585964115 9
-135.57980518677402 97.88836945785008 0.015162691494524311 9
-135.37982817705475 97.89140187994529 0.01516269145018443 9
-135.1798511673355 97.89443430203123 0.015162691397459536 9
-134.9798741576159 97.89746672410517 0.015162691330548783 9
-134.77989714789624 97.90049914616479 0.015162691255714468 9
-134.57992013817622 97.90353156820909 0.015162691177179964 9
-134.37994312845595 97.9065639902377 0.015162691104797935 9
-134.1799661187357 97.90959641225612 0.015162691078358874 9
-133.97998910901526 97.91262883427426 0.01516269110171707 9
-133.78001209929508 97.91566125629933 0.015162691137416182 9
-133.58003508957486 97.91869367833026 0.015162691160195429 9
-133.38005807985468 97.92172610036454 0.015162691172690134 9
-133.18008107013463 97.92475852240126 0.015162691185543042 9
-132.9801040604145 97.92779094444073 0.01516269119990826 9
-132.78012705069443 97.93082336648344 0.01516269121905695 9
-132.58015004097456 97.93385578853069 0.015162691245195158 9
-132.38017303125466 97.93688821058376 0.015162691276016913 9
-132.18019602153498 97.93992063264263 0.01516269130220982 9
-131.98021901181525 97.94295305470615 0.015162691322796368 9
-131.78024200209555 97.94598547677329 0.015162691338397162 9
-131.58026499237602 97.94901789884308 0.015162691349430728 9
-131.38028798265637 97.95205032091462 0.015162691355899543 9
-131.18031097293692 97.955082742987 0.015162691357813625 9
-130.98033396321733 97.95811516505931 0.015162691355208225 9
-130.78035695349774 97.96114758713091 0.015162691351769798 9
-130.58037994377824 97.964180009202 0.015162691349984306 9
-130.3804029340586 97.96721243127286 0.01516269134914782 9
-130.1804259243391 97.97024485334337 0.015162691346417817 9
-129.98044891461944 97.97327727541315 0.015162691341545655 9
-129.7804719048998 97.97630969748212 0.01516269134007995 9
-129.58049489518027 97.9793421195515 0.015162691345762298 9
-129.38051788546068 97.98237454162266 0.015162691355721548 9
-129.1805408757412 97.98540696369514 0.015162691358363841 9
-128.98056386602158 97.9884393857673 0.01516269135252981 9
-128.780586856302 97.99147180783795 0.015162691345187052 9
-128.58060984658246 97.99450422990746 0.015162691341033955 9
-128.38063283686282 97.9975366519764 0.01516269133869994 9
-128.18065582714326 98.00056907404453 0.015162691332650715 9
-127.98067881742354 98.00360149611103 0.015162691322332682 9
-127.78070180770379 98.00663391817528 0.015162691311052749 9
-127.58072479798416 98.00966634023742 0.015162691301040782 9
-127.38074778826437 98.01269876229765 0.015162691291933296 9
-127.18077077854466 98.01573118435601 0.015162691282262527 9
-126.98079376882482 98.01876360641238 0.015162691271886037 9
-126.78081675910497 98.02179602846668 0.01516269126215182 9
-126.58083974938519 98.02482845051921 0.015162691253968835 9
-126.38086273966526 98.0278608725702 0.015162691246058901 9
-126.1808857299454 98.03089329461916 0.01516269123326088 9
-125.98090872022537 98.03392571666501 0.01516269121507252 9
-125.78093171050529 98.03695813870704 0.015162691196084672 9
-125.58095470078528 98.03999056074548 0.015162691179392947 9
-125.38097769106513 98.04302298278077 0.01516269116390106 9
-125.18100068134503 98.04605540481269 0.015162691145182382 9
-124.98102367162477 98.04908782684048 0.015162691122858597 9
-124.78104666190444 98.05212024886414 0.015162691106519697 9
-124.58106965218418 98.05515267088579 0.015162691102632159 9
-124.38109264246384 98.05818509290778 0.015162691107994127 9
-124.18111563274361 98.06121751493058 0.015162691109677065 9
-123.9811386230233 98.0642499369532 0.015162691106352218 9
-123.78116161330294 98.06728235897494 0.015162691101908406 9
-123.58118460358268 98.07031478099594 0.01516269109896781 9
-123.38120759386231 98.07334720301648 0.015162691097053316 9
-123.18123058414203 98.07637962503657 0.015162691094238446 9
-122.98125357442161 98.079412047056 0.015162691090342706 9
-122.7812765647012 98.0824444690747 0.015162691087830539 9
-122.58129955498092 98.08547689109321 0.015162691088363638 9
-122.38132254526055 98.08850931311201 0.015162691089347508 9
-122.18134553554026 98.09154173513011 0.015162691080306538 9
-121.98136852581979 98.09457415714527 0.015162691060425315 9
-121.78139151609926 98.09760657915767 0.01516269106098452 9
-121.5814145063789 98.10063900117433 0.015162691103074891 9
-121.38143749665862 98.10367142320318 0.015162691177843303 9
-121.18146048693872 98.10670384524698 0.015162691249545838 9
-120.98148347721892 98.10973626730443 0.015162691314368806 9
-120.78150646749928 98.11276868937382 0.015162691367922965 9
-120.58152945777992 98.11580111145251 0.015162691407249086 9
-120.38155244806053 98.11883353353778 0.015162691435617838 9
-120.1815754383413 98.12186595562882 0.01516269146623323 9
-119.98159842862209 98.12489837772638 0.015162691500467375 9
-119.78162141890299 98.12793079983096 0.015162691536008396 9
-119.58164440918412 98.13096322194262 0.015162691571297777 9
-119.3816673994652 98.1339956440613 0.015162691605879595 9
-119.18169038974649 98.13702806618664 0.01516269163791344 9
-118.98171338002777 98.14006048831813 0.015162691667282518 9
-118.78173637030916 98.14309291045583 0.01516269170231444 9
-118.58175936059081 98.14612533260166 0.015162691748622371 9
-118.38178235087247 98.14915775475751 0.015162691797159091 9
-118.18180534115433 98.15219017691993 0.015162691811409654 9
-117.98182833143608 98.15522259908138 0.015162691787695066 9
-117.78185132171772 98.15825502123566 0.015162691744665164 9
-117.58187431199934 98.16128744338066 0.015162691694888732 9
-117.3818973022807 98.1643198655152 0.015162691642864944 9
-117.18192029256201 98.1673522876408 0.015162691606749549 9
-116.98194328284315 98.17038470976094 0.01516269158837011 9
-116.78196627312425 98.17341713187851 0.015162691578326773 9
-116.58198926340546 98.17644955399427 0.015162691570285793 9
-116.38201225368648 98.17948197610842 0.015162691559143923 9
-116.18203524396756 98.18251439821812 0.015162691524312235 9
-115.98205823424837 98.18554682031827 0.0151626914637904 9
-115.78208122452897 98.1885792424051 0.015162691395896395 9
-115.5821042148095 98.19161166447883 0.015162691332970081 9
-115.38212720508973 98.19464408654048 0.015162691275212645 9
-115.18215019536991 98.1976765085912 0.015162691223435483 9
-114.98217318564984 98.20070893063215 0.015162691177634012 9
-114.78219617592963 98.20374135266384 0.01516269112817189 9
-114.58221916620937 98.2067737746846 0.015162691068561057 9
-114.38224215648881 98.20980619669336 0.015162691016749077 9
-114.18226514676826 98.21283861869665 0.015162691015678078 9
-113.98228813704766 98.21587104070422 0.015162691051192332 9
-113.78231112732716 98.2189034627189 0.0151626910859948 9
-113.58233411760688 98.2219358847397 0.015162691106155821 9
-113.38235710788649 98.22496830676035 0.015162691083567992 9
-113.18238009816612 98.22800072877376 0.01516269104928804 9
-112.98240308844561 98.231033150786 0.015162691074140958 9
-112.78242607872525 98.2340655728082 0.01516269113759692 9
-112.5824490690052 98.23709799484212 0.015162691190183293 9
-112.38247205928518 98.24013041688531 0.015162691230599108 9
-112.18249504956538 98.24316283893546 0.015162691259590197 9
-111.98251803984552 98.24619526099022 0.015162691276166217 9
-111.78254103012567 98.24922768304685 0.015162691278269453 9
-111.58256402040593 98.2522601051025 0.015162691267306379 9
-111.38258701068602 98.2552925271551 0.015162691248122025 9
-111.18261000096616 98.2583249492031 0.015162691221262544 9
-110.98263299124612 98.26135737124554 0.015162691194654054 9
-110.782655981526 98.26438979328314 0.0151626911726749 9
-110.58267897180593 98.2674222153169 0.015162691157490702 9
-110.38270196208575 98.27045463734896 0.015162691156254855 9
-110.18272495236569 98.27348705938223 0.01516269116929062 9
-109.98274794264555 98.27651948141867 0.015162691184903031 9
-109.78277093292543 98.27955190345781 0.015162691196632794 9
-109.58279392320549 98.28258432549897 0.015162691205547937 9
-109.38281691348546 98.28561674754198 0.015162691215176185 9
-109.18283990376555 98.28864916958699 0.015162691225781863 9
-108.98286289404558 98.29168159163417 0.015162691236680941 9
-108.78288588432564 98.29471401368353 0.015162691247495625 9
-108.5829088746058 98.29774643573504 0.015162691258089063 9
-108.38293186488592 98.30077885778859 0.01516269126800921 9
-108.18295485516617 98.30381127984407 0.01516269127726944 9
-107.98297784544634 98.3068437019015 0.015162691288246153 9
-107.78300083572658 98.30987612396143 0.015162691302251818 9
-107.58302382600698 98.31290854602437 0.01516269131697473 9
-107.38304681628729 98.3159409680896 0.015162691324779364 9
-107.1830698065677 98.31897339015565 0.0151626913251866 9
-106.983092796848 98.32200581222149 0.015162691324180569 9
-106.78311578712831 98.32503823428732 0.015162691325066223 9
-106.58313877740872 98.3280706563535 0.015162691327401253 9
-106.38316176768903 98.33110307842014 0.01516269132972472 9
-106.18318475796947 98.33413550048724 0.015162691331905188 9
-105.98320774824981 98.3371679225547 0.015162691333160883 9
-105.78323073853012 98.34020034462229 0.015162691333060049 9
-105.58325372881055 98.34323276668978 0.015162691333122352 9
-105.38327671909084 98.34626518875777 0.015162691338367121 9
-105.18329970937131 98.34929761082736 0.015162691348842265 9
-104.98332269965168 98.35233003289831 0.015162691347677452 9
-104.78334568993206 98.3553624549669 0.015162691325555576 9
-104.58336868021243 98.35839487702924 0.015162691288062262 9
-104.38339167049257 98.36142729908427 0.015162691253646136 9
-104.18341466077273 98.36445972113287 0.015162691223689424 9
-103.98343765105268 98.36749214317567 0.015162691194619325 9
-103.78346064133254 98.37052456521252 0.015162691164462703 9
-103.58348363161244 98.37355698724325 0.015162691133416525 9
-103.38350662189211 98.37658940926775 0.015162691102131342 9
-103.1835296121718 98.37962183128597 0.015162691070685068 9
-102.98355260245125 98.38265425329799 0.015162691040364674 9
-102.78357559273066 98.38568667530413 0.015162691011880893 9
-102.58359858301009 98.38871909730466 0.015162690983256306 9
-102.38362157328932 98.39175151929885 0.015162690947960375 9
-102.18364456356855 98.39478394128525 0.015162690905925848 9
-101.98366755384752 98.39781636326423 0.015162690878849073 9
-101.78369054412643 98.40084878524047 0.015162690878710687 9
-101.5837135344055 98.40388120721926 0.015162690902315885 9
-101.38373652468456 98.40691362920414 0.015162690939114638 9
-101.18375951496391 98.40994605119762 0.015162690988077206 9
-100.9837825052433 98.41297847320138 0.015162691039649638 9
-100.78380549552284 98.41601089521518 0.015162691088556828 9
-100.5838284858026 98.4190433172385 0.015162691135016079 9
-100.38385147608238 98.42207573927095 0.01516269117974492 9
-100.18387446636241 98.42510816131217 0.015162691222944589 9
-99.9838974566425 98.4281405833624 0.015162691271614159 9
-99.78392044692272 98.4311730054233 0.015162691329617693 9
-99.58394343720326 98.43420542749631 0.015162691387085809 9
-99.38396642748376 98.4372378495777 0.015162691411434096 9
-99.18398941776442 98.44027027166038 0.015162691400794192 9
-98.98401240804496 98.44330269374001 0.015162691389105188 9
-98.78403539832547 98.44633511581905 0.015162691395102443 9
-98.58405838860612 98.44936753790057 0.015162691407229908 9
-98.38408137888663 98.45239995998156 0.01516269138733791 9
-98.18410436916716 98.45543238205506 0.015162691333001606 9
-97.98412735944741 98.45846480411637 0.015162691272447645 9
-97.7841503497275 98.46149722616653 0.015162691221256831 9
-97.58417334000754 98.46452964820726 0.01516269117687423 9
-97.38419633028732 98.46756207023901 0.015162691130865769 9
-97.18421932056707 98.47059449226134 0.015162691082592154 9
-96.98424231084653 98.47362691427388 0.015162691033298781 9
-96.78426530112586 98.47665933627653 0.015162690983673045 9
-96.58428829140516 98.47969175826925 0.015162690934604879 9
-96.38431128168423 98.48272418025249 0.015162690889031903 9
-96.18433427196328 98.48575660222699 0.015162690847300802 9
-95.98435726224209 98.48878902419396 0.015162690814974933 9
-95.78438025252082 98.49182144615571 0.015162690795124995 9
-95.58440324279965 98.49485386811541 0.01516269080107607 9
-95.38442623307846 98.49788629008191 0.015162690864290116 9
-95.18444922335765 98.50091871206602 0.015162690967141042 9
-94.98447221363699 98.5039511340697 0.01516269105752192 9
-94.78449520391659 98.50698355609006 0.015162691136673909 9
-94.58451819419653 98.51001597812645 0.01516269121819147 9
-94.38454118447665 98.51304840017944 0.015162691302800279 9
-94.18456417475711 98.51608082224956 0.01516269138938524 9
-93.98458716503772 98.5191132443371 0.01516269147570703 9
-93.78461015531856 98.52214566644102 0.015162691552370407 9
-93.58463314559978 98.52517808855914 0.015162691616901373 9
-93.38465613588106 98.52821051068833 0.015162691662192942 9
-93.18467912616256 98.53124293282453 0.015162691687330995 9
-92.984702116444 98.5342753549638 0.015162691692978842 9
-92.78472510672543 98.53730777710231 0.015162691680460829 9
-92.5847480970069 98.54034019923769 0.015162691664256218 9
-92.3847710872882 98.54337262136988 0.015162691648590177 9
-92.18479407756958 98.54640504349908 0.015162691634627353 9
-91.98481706785078 98.54943746562586 0.015162691624400482 9
-91.78484005813199 98.55246988775092 0.015162691616767426 9
-91.58486304841325 98.55550230987356 0.015162691597620466 9
-91.38488603869432 98.55853473199079 0.015162691562843516 9
-91.1849090289754 98.56156715409986 0.015162691518694284 9
-90.98493201925622 98.56459957620025 0.015162691476093403 9
-90.7849550095369 98.56763199829228 0.015162691435660569 9
-90.5849779998176 98.57066442037689 0.015162691402427996 9
-90.38500099009809 98.5736968424557 0.01516269137786376 9
-90.18502398037862 98.57672926453024 0.015162691357802788 9
-89.98504697065897 98.57976168660049 0.015162691334976807 9
-89.78506996093925 98.58279410866592 0.015162691309605361 9
-89.58509295121958 98.58582653072635 0.015162691285898677 9
-89.38511594149972 98.58885895278235 0.015162691265084969 9
-89.18513893177993 98.5918913748344 0.015162691246270869 9
-88.98516192205996 98.59492379688275 0.015162691227897412 9
-88.78518491233993 98.59795621892746 0.015162691209634992 9
-88.58520790261994 98.60098864096823 0.015162691187880842 9
-88.38523089289976 98.60402106300418 0.01516269116158396 9
-88.18525388317963 98.60705348503488 0.01516269113876622 9
-87.98527687345934 98.61008590706275 0.015162691133425723 9
-87.78529986373906 98.61311832909128 0.015162691144167137 9
-87.58532285401894 98.61615075112192 0.015162691151250542 9
-87.38534584429873 98.61918317315303 0.01516269114891746 9
-87.18536883457858 98.62221559518333 0.015162691147747747 9
-86.98539182485835 98.62524801721533 0.015162691166203071 9
-86.78541481513821 98.62828043925298 0.015162691203061933 9
-86.5854378054183 98.63131286129828 0.015162691239691009 9
-86.38546079569835 98.63434528335036 0.015162691270654666 9
-86.18548378597863 98.63737770540821 0.015162691298946724 9
-85.9855067762589 98.64041012747198 0.015162691329791167 9
-85.78552976653926 98.64344254954216 0.01516269136227694 9
-85.58555275681982 98.64647497161799 0.01516269138437018 9
-85.38557574710033 98.64950739369684 0.01516269139256071 9
-85.18559873738097 98.65253981577732 0.01516269141092256 9
-84.98562172766162 98.65557223786658 0.015162691481457697 9
-84.78564471794256 98.65860465997477 0.015162691582617046 9
-84.58566770822362 98.66163708208394 0.015162691447613768 9
-84.38569069850371 98.66466950413475 0.015162690998642632 9
-84.18571368878256 98.66770192609528 0.015162690782113622 9
-83.98573667906237 98.67073434812949 0.01516269175114947 9
-83.78575966934676 98.6737667704697 0.015162693576287209 9
-83.58578265963288 98.67679919291444 0.01516269211241418 9
-83.38580564990772 98.67983161461669 0.015162686150909868 9
-83.18582864016454 98.68286403510969 0.01516268333689126 9
-82.98585163043721 98.68589645666597 0.015162697003249747 9
-82.7858746207743 98.68892888251536 0.015162722577754579 9
-82.585897611134 98.69196130986639 0.015162702530366147 9
-82.38592060133982 98.69499372696978 0.015162620089691645 9
-82.18594359129511 98.6980261273677 0.015162581632726997 9
-81.98596658147463 98.70105854271726 0.015162772654204383 9
-81.78598957255323 98.70409101798948 0.015163129462901681 9
-81.58601256394755 98.70712351429468 0.015162850829789219 9
-81.38603555320196 98.71015586798923 0.015161703195692398 9
-81.18605853896725 98.7131879891363 0.015161168253448385 9
-80.98608152785933 98.71622031868182 0.015163829633470426 9
-80.78610452927684 98.71925348300988 0.01516880019203879 9
-80.58612753509216 98.72228694043255 0.015164919844030778 9
-80.38615051110477 98.72531841160115 0.01514893541548163 9
-80.18617343931443 98.72834669683829 0.01514242210930534 9
-79.98619641770881 98.73137832674271 0.015183000603424684 9
-79.78621957723374 98.73442202845528 0.015243956968858753 9
-79.58624268461121 98.7374622546872 0.015122135861236435 9
-79.3862651000656 98.7404563525657 0.014799715008125646 9
-79.18628652582703 98.74338394666029 0.014487283832476985 9
-78.98630712838342 98.7462549459184 0.014229886289309433 9
-78.78632701327105 98.74907528126418 0.013971691161948246 9
-78.58634615570524 98.75184237976929 0.013698324830089847 9
-78.3863645442978 98.75455454966091 0.013425034637445316 9
-78.18638220517418 98.7572125579181 0.013156388322406029 9
-77.98639915942579 98.75981681843416 0.012886345215150734 9
-77.78641541307324 98.76236671616165 0.012613024127140703 9
-77.58643098160111 98.76486233680185 0.012345429743224851 9
-77.38644590320558 98.76730543427699 0.012089905074502022 9
-77.18646030326924 98.7697053713861 0.011933874349785501 9
-76.98647449973231 98.77208840224684 0.01192062184658798 9
-76.78648875572188 98.77447635829483 0.011954069156171435 9
-76.58650305325294 98.77686774144705 0.011954895405631901 9
-76.38651731675101 98.77925627471417 0.011929836078922548 9
-76.18653152531046 98.78164022563278 0.011912234873062397 9
-75.98654570605824 98.7840218546908 0.01190658339756871 9
-75.78655987521495 98.78640250685206 0.011897948431197142 9
-75.58657400574923 98.78877990105596 0.011874001535022743 9
-75.38658806283463 98.79115110317403 0.011838237803972928 9
-75.18660203968419 98.79351553724581 0.0118079592545202 9
-74.98661595414558 98.79587469920219 0.011785484629710139 9
-74.78662981410157 98.7982292366096 0.01175776318469104 9
-74.58664359017658 98.80057662812422 0.011714020779109663 9
-74.38665724656919 98.80291380491772 0.011657946382273668 9
-74.18667077695522 98.80524018711179 0.011607801446983201 9
-73.98668420090932 98.80755738170828 0.011566066387343678 9
-73.78669753928516 98.80986713970682 0.01153372944888884 9
-73.58671081430694 98.81217145208227 0.011511606471361485 9
-73.38672404485898 98.81447203244636 0.011490715594820717 9
-73.18673718288514 98.8167645343604 0.011426594855316597 9
-72.98675012151838 98.81903928736678 0.011313353352260412 9
-72.78676280060637 98.82129091546197 0.011214557229128085 9
-72.58677532799801 98.8235294773116 0.011182682099929295 9
-72.38678784940558 98.82576842089064 0.01121949019459121 9
-72.18680054138433 98.82802238293773 0.011333704750615915 9
-71.98681360757747 98.8303070439391 0.011526294362743167 9
-71.78682715480244 98.8326313742317 0.011701448514547484 9
-71.58684095278794 98.83498108134894 0.011780074588462823 9
-71.38685477256034 98.83734207816667 0.011904556243027034 9
-71.18686974619938 98.83979633706674 0.012779686247392135 9
-70.98688820156664 98.84251022400547 0.01450005506129448 9
-70.78691225291412 98.84562010840118 0.01659888048971363 9
-70.58694313758446 98.84914901815803 0.01869086531356582 9
-70.38698190363348 98.85309605550032 0.020789321765108417 9
-70.1870295916583 98.85746929306828 0.022960041930947705 9
-69.98708723580725 98.86228468432083 0.025212724012852916 9
-69.78715682015645 98.86758236809835 0.027887107798839936 9
-69.58724360124897 98.87348485902818 0.031263234500070194 9
-69.3873535672679 98.88013062434636 0.0352929717794833 9
-69.18749321366936 98.88762567491038 0.039738769345266385 9
-68.98766948078759 98.89604756826463 0.044568993609223485 9
-68.78789063171861 98.90548483178185 0.049953576028167614 9
-68.58816941920803 98.91606696467858 0.05603215143625792 9
-68.38851972933074 98.92793188170435 0.06279509219294387 9
-68.18895855527612 98.94121075086035 0.07019480499525121 9
-67.989505602031 98.95602885059675 0.0782249210030643 9
-67.79018130605947 98.97250093264647 0.08674102656011361 9
-67.59100828508572 98.99070656925416 0.09562624675151078 9
-67.39200944349568 99.01071631810971 0.10483977274323762 9
-67.19320450842557 99.03257329003225 0.11418118452176516 9
-66.99461046420559 99.05629689479831 0.12362781925908167 9
-66.7962576698847 99.08198160796603 0.1342601610913185 9
-66.59822157895209 99.10997591347963 0.1469395663227799 9
-66.40058634579235 99.14067181903465 0.1614122708907818 9
-66.20342349417885 99.17429504340805 0.1764829179919392 9
-66.00679385932585 99.21093054399536 0.19200526241768856 9
-65.81077257002923 99.25070710350023 0.20867819991714162 9
-65.61548222591794 99.29391011091417 0.22703968587468495 9
-65.42105470102507 99.34085018169755 0.24692916459540665 9
-65.22761640188449 99.39173257614986 0.2676215371380514 9
-65.03528929716072 99.44667692994588 0.2890403895521758 9
-64.84420503909486 99.50581091034235 0.31136844814701015 9
-64.6545250533541 99.56929408280794 0.334741127159299 9
-64.46641763176267 99.63729272605133 0.35919643494563397 9
-64.2800688442454 99.70998294953479 0.3848504955297832 9
-64.09567821100671 99.78754842801149 0.4117544396656764 9
-63.913538981135964 99.87030285353407 0.4419226011730332 9
-63.73419645601488 99.95891027711872 0.47661702063063144 9
-63.55822765389405 100.05405771476406 0.5150444323476896 9
-63.38608702964817 100.15601223582723 0.554543552283133 9
-63.2181492547929 100.26476692474836 0.594992794220277 9
-63.05483620073503 100.38035188324761 0.6371787928876975 9
-62.896676931825766 100.50288930975105 0.6815213647317531 9
-62.744227487822734 100.63250572958567 0.7281242673992043 9
-62.59814980243409 100.76926090788997 0.777199368900567 9
-62.45915589470368 100.9131784888766 0.8287098542578373 9
-62.32779987814997 101.06411435314703 0.8805320154412712 9
-62.20439232861014 101.22166664648356 0.93210182411321 9
-62.08925811674689 101.38540998547067 0.9839975584468655 9
-61.982895933243825 101.55491114019671 1.0370155343355736 9
-61.8857760353465 101.72970672187606 1.0889315144126646 9
-61.796671929754815 101.90876122840153 1.12639319591644 9
-61.71276352771803 102.09050194302277 1.1476067364372748 9
-61.63297270091817 102.2740738222783 1.1784748253884285 9
-61.56151038705454 102.46078729799467 1.2366014013774767 9
-61.50225253316346 102.65179382777232 1.3009724896867527 9
-61.45399192975208 102.84607833500111 1.3513738866319684 9
-61.41451862744163 103.04225111214444 1.3925870503366875 9
-61.38289336453131 103.23974323904375 1.4309702480455586 9
-61.35852009549591 103.43825282355807 1.4651535311437869 9
-61.340237790818705 103.63745208355394 1.4921897323494204 9
-61.32666969448648 103.8370157757196 1.5129410315827743 9
-61.3168921991891 104.03678041160579 1.5303108474839182 9
-61.31029897380829 104.23668449392112 1.5453418857855041 9
-61.30685254523839 104.43666571110369 1.5621836199643024 9
-61.30697802027423 104.63666060238212 1.5801612496080568 9
-61.309898588023216 104.83664000309525 1.5886535723757136 9
-61.313337147773176 105.03661726423354 1.58578645858958 9
-61.31587823938706 105.23660186317156 1.581633943932181 9
-61.317838610363914 105.43659145565039 1.579979103884288 9
-61.319668656552615 105.63658277730246 1.5798712642516974 9
-61.32142536859636 105.83657518445571 1.5791778183772172 9
-61.3229774321787 106.0365692877114 1.5778503989382815 9
-61.32424738850945 106.2365653262266 1.5764692194310306 9
-61.32525750542791 106.43656285184791 1.5752519626895345 9
-61.326038167663484 106.63656137181243 1.5741522601298683 9
-61.326600585920325 106.83656061612817 1.5730662114034475 9
-61.326946623771406 107.03656042066275 1.5719818498032998 9
-61.32706396066499 107.23656052582237 1.5707503518785404 9
-61.32691470571833 107.4365604979917 1.5693159313490153 9
-61.32647391905156 107.63655994749391 1.5679810509244185 9
-61.32584168956006 107.83655898229209 1.567422973335406 9
-61.32517733776707 108.03655794739213 1.567628244637139 9
-61.32457300235282 108.23655704271404 1.5678852278094486 9
-61.323998572664664 108.4365562029244 1.5679273024802585 9
-61.32341531012363 108.6365553439696 1.5678364952112258 9
-61.322818378530094 108.83655445535611 1.5677964310750898 9
-61.32221914142828 109.03655356174009 1.5678111715266732 9
-61.321624213360664 109.23655267747381 1.567829621007602 9
-61.32103143221101 109.43655179786575 1.5678326407499137 9
-61.32043801675716 109.63655091688146 1.567826121064366 9
-61.31984361996063 109.83655003376789 1.5678232448788993 9
-61.31924905769128 110.03654915029516 1.5678243033843584 9
-61.3186548048004 110.23654826749386 1.5678256279197695 9
-61.318060706035745 110.43654738502684 1.5678258446497644 9
-61.31746656172049 110.63654650246109 1.56782537655615 9
-61.31687234695166 110.83654561974248 1.5678251700761732 9
-61.3162781203064 111.03654473699798 1.567825246087027 9
-61.31568391587379 111.23654385430184 1.5678253411787846 9
-61.3150897225058 111.43654297162959 1.5678253567335922 9
-61.31449552586672 111.63654208895035 1.5678253231258077 9
-61.31390132416958 111.83654120626014 1.5678253083029687 9
-61.31330712162011 112.03654032356795 1.5678253137618303 9
-61.31271292066551 112.23653944087933 1.5678253205883959 9
-61.31211872050503 112.43653855819228 1.5678253217031586 9
-61.31152452010931 112.63653767550485 1.5678253192891543 9
-61.31093031935069 112.83653679281664 1.5678253182286768 9
-61.310336118532085 113.03653591012821 1.5678253186283124 9
-61.309741917828624 113.23653502744015 1.5678253191138978 9
-61.30914771717946 113.43653414475209 1.5678253191712066 9
-61.30855351650837 113.63653326206408 1.567825318982926 9
-61.30795931581462 113.836532379376 1.5678253189575322 9
-61.30736511513329 114.03653149668783 1.567825319092566 9
-61.30677091446892 114.23653061399985 1.5678253190646496 9
-61.30617671377057 114.43652973131164 1.5678253187528008 9
-61.30558251300083 114.63652884862337 1.567825318531171 9
-61.30498831227678 114.83652796593522 1.5678253192361389 9
-61.304394111786316 115.03652708324758 1.5678253207267363 9
-61.303799911418274 115.23652620056039 1.5678253198499723 9
-61.30320571052022 115.4365253178717 1.5678253154265278 9
-61.30261150864452 115.63652443518053 1.5678253125126802 9
-61.302017307431335 115.83652355249113 1.5678253224085597 9
-61.30142310947615 116.03652266981021 1.5678253431416043 9
-61.30082891321744 116.23652178713387 1.5678253308913694 9
-61.30023470957174 116.43652090443787 1.5678252692715269 9
-61.2996404923108 116.63652002170593 1.567825228708503 9
-61.299046284281914 116.83651913899847 1.5678253665587971 9
-61.298452121633424 117.03651825641096 1.5678256553270258 9
-61.29785798260682 117.23651737388606 1.5678254846525437 9
-61.29726374068286 117.43651649108882 1.5678246263500273 9
-61.296669309127125 117.63651560778999 1.5678240615096661 9
-61.29607500619227 117.8365147248314 1.5678259816969127 9
-61.295481335354424 118.03651384354501 1.5678300036637567 9
-61.294887993437 118.23651296312896 1.5678276258027053 9
-61.294293218210036 118.43651207892077 1.567815670518932 9
-61.29369580181049 118.63651118772509 1.5678078051056779 9
-61.29310017735454 118.83651030127024 1.567834552372172 9
-61.2925133572851 119.03650943810854 1.5678905703697852 9
-61.29193111723495 119.23650858706407 1.56785744167571 9
-61.29132891188595 119.43650768319846 1.5676909166985091 9
-61.29068596366487 119.63650666973241 1.567504971905257 9
-61.290028530659534 119.83650559990306 1.5675540871726261 9
-61.28940464053119 120.03650457819955 1.5678081999058773 9
-61.28879383545924 120.23650358026492 1.5675452569572923 9
-61.288052018745766 120.43650234898068 1.5665277312160044 9
-61.28723093820181 120.63650096750021 1.5674701237510904 9
-61.28696309323664 120.83650050513113 1.5718812546485375 9
-61.28766209185859 121.03649979098755 1.5765782482343627 9
-61.289226625939754 121.2364939318275 1.580537217049258 9
-61.29150944773356 121.43648101761858 1.5837618285524342 9
-61.29441918712868 121.63646101166431 1.587403781706858 9
-61.298394387794104 121.83642173603745 1.5945571071803524 9
-61.30408677274906 122.03634286727367 1.6040731159363149 9
-61.31174150850347 122.23619733578745 1.61414089748272 9
-61.3211950700738 122.43597363658448 1.6211308215153821 9
-61.33151692014637 122.63570877784946 1.623062163569069 9
-61.34204428351853 122.83543155420658 1.6238722823601721 9
-61.352745216625294 123.03514464514964 1.6248087056801768 9
-61.363672700172565 123.23484603749705 1.6262224834648733 9
-61.37494800762807 123.43452815716843 1.628292280810134 9
-61.3866932859206 123.63418313106585 1.6308259834956553 9
-61.398935874633835 123.83380834942137 1.6332429118629157 9
-61.41164533100047 124.03340441076043 1.6355057054704571 9
-61.42479725451447 124.23297168651737 1.6376957271061163 9
-61.438383023845596 124.43250992114952 1.6398538698731933 9
-61.45239966372856 124.63201849458258 1.6420550119887394 9
-61.46688084111471 124.8314938365256 1.6445230112125757 9
-61.48188229089709 125.03093059907373 1.6472662049841928 9
-61.497440034566 125.23032482567935 1.6500477424566535 9
-61.513544412177325 125.42967579093256 1.6527496329678217 9
-61.53018074213593 125.62898311149758 1.6554005242110235 9
-61.547348273246676 125.82824528019582 1.6580852410884885 9
-61.56505458785166 126.02746011841703 1.6608071866584202 9
-61.58330095057259 126.22662615545701 1.6634903706101067 9
-61.60207408957047 126.42574354136379 1.6660973618203911 9
-61.621362581866876 126.62481217808197 1.6687114600805548 9
-61.64119506166898 126.82382706417609 1.671576238886039 9
-61.66162363089266 127.02278032586156 1.674682461872776 9
-61.682630319495864 127.22167273533266 1.6772017620842676 9
-61.70403989409384 127.42052446837118 1.6787317347731285 9
-61.72570926014821 127.61935173137267 1.6804237932468484 9
-61.748044171214005 127.81810297118922 1.6855973573120446 9
-61.77177103700813 128.0166870391362 1.69432863232148 9
-61.79725752459641 128.21505544144424 1.7023711333428186 9
-61.824069488790876 128.41325506218396 1.7076903419124096 9
-61.85170600206611 128.6113407427051 1.7111535329403478 9
-61.88007559631394 128.8093187527217 1.7152203299488733 9
-61.9093241067562 129.00716721490923 1.7200180547173793 9
-61.93954082161819 129.20487148523952 1.724855763900179 9
-61.97068579661651 129.40243339165372 1.7294091646539904 9
-62.002710102621975 129.59985553797327 1.7338487441114172 9
-62.03564351409762 129.79712685328911 1.738646748378761 9
-62.06956007198524 129.99422859156772 1.7437922557565224 9
-62.10443949309014 130.19116118902565 1.7481812734456519 9
-62.14005958576826 130.3879661102768 1.7513080210131569 9
-62.176244449680695 130.58467517105655 1.7547068796823244 9
-62.21351291462219 130.78117668288633 1.7625292990706443 9
-62.252768656425175 130.9772794486837 1.7747883530715487 9
-62.2944031651297 131.17289575186905 1.785520894540098 9
-62.33772717249588 131.36815626913994 1.792053681270442 9
-62.38198197006319 131.56320593590632 1.7957848277398578 9
-62.42703443258533 131.75806541105635 1.8004157655248805 9
-62.47309471928409 131.9526871530791 1.8061109058123872 9
-62.52030051321123 132.14703734831963 1.8120039076629177 9
-62.56863361485666 132.34111177656095 1.8177163743743139 9
-62.618054358497204 132.5349109012718 1.8231968655154756 9
-62.668501537652006 132.72844484350622 1.8283121460015055 9
-62.71990329180665 132.92172864949816 1.8331140212582584 9
-62.77230849943634 133.11474317082215 1.8389918587961818 9
-62.82600743475806 133.3074008566691 1.8465343093299247 9
-62.88130314854352 133.49960918820705 1.8554153659132202 9
-62.93835740284394 133.6913037186677 1.864822916800905 9
-62.997256031162514 133.88243536742127 1.8745929417237712 9
-63.05783890646069 134.0730384721585 1.8818935296283739 9
-63.11946698928901 134.263309972837 1.8855583813740027 9
-63.181506678527334 134.45344663628285 1.8868603917229487 9
-63.243852234841796 134.643480532828 1.8889018607622643 9
-63.3066687167155 134.83335922985876 1.8917984293816144 9
-63.37007680474575 135.0230427199405 1.8950250645574025 9
-63.43410757086786 135.21251622170396 1.8983697641792439 9
-63.49876205355667 135.4017753063437 1.9014119650839423 9
-63.56387211160358 135.59087933565678 1.9031456292120221 9
-63.62918765935008 135.7799186099833 1.903750279291243 9
-63.694858624832385 135.96883710317007 1.9078214698365739 9
-63.761793608424334 136.15730124979123 1.9171820541745555 9
-63.83086742331477 136.34498876268478 1.9293593522624288 9
-63.90196483600378 136.53193048140133 1.93854522617312 9
-63.97447958019362 136.7183323840611 1.944646046998563 9
-64.04805498200774 136.90431127484754 1.950530573524213 9
-64.12280448845257 137.08981599802786 1.9573082237569874 9
-64.19887525683819 137.27478355025593 1.9646190506851984 9
-64.27627399422481 137.4592026893088 1.9716493761362865 9
-64.35493995305426 137.64308700014035 1.9783950565776394 9
-64.43485331800552 137.8264320250882 1.9853300459970193 9
-64.51606827977965 138.0092007423414 1.9926297621078368 9
-64.59862460192977 138.1913637884926 1.9998244815035995 9
-64.68239205969256 138.37297667314482 2.0059027366552886 9
-64.76716566109673 138.55413220475114 2.0110632734704375 9
-64.85307012773376 138.7347560284162 2.0191059657540213 9
-64.9407977997949 138.91448601480758 2.03136821128354 9
-65.03094762246606 139.09300714290512 2.044714318194283 9
-65.1230162972647 139.2705614307224 2.052686024780032 9
-65.21601319119374 139.44763723274258 2.0554173827149325 9
-65.30938717739014 139.624504722522 2.057901120539239 9
-65.4033253003526 139.80106759387675 2.0618284251045047 9
-65.49805851263866 139.97720743613823 2.066659549461356 9
-65.59363034584212 140.1528967076564 2.071322797149329 9
-65.69000247375084 140.32814763228367 2.0757663361914225 9
-65.78710906951517 140.50299102236983 2.079664569576249 9
-65.88484031825443 140.67748752601972 2.082911373177624 9
-65.9831379274501 140.85166815166738 2.0866776100744504 9
-66.08232463173835 141.02534187609652 2.0931933476202307 9
-66.18288009998953 141.19822607595438 2.1023592220691754 9
-66.28510089137754 141.3701354794632 2.1121385963223087 9
-66.38899600551268 141.54103774180172 2.1218980901223468 9
-66.49450571433911 141.71094334266826 2.130695773963635 9
-66.60128330237384 141.88005663698848 2.1368168308317577 9
-66.70887005025153 142.04865786412117 2.1404255615575525 9
-66.81702372097253 142.21689324215183 2.1439726607459018 9
-66.92582860784236 142.38470681121763 2.1481844272488377 9
-67.03538518127057 142.55203211985165 2.152841183236159 9
-67.14572599193649 142.71884178955796 2.1575641399759458 9
-67.25685610985312 142.88512444723318 2.1622846117791052 9
-67.3687204166151 143.05091314543256 2.166300068085354 9
-67.48117696335393 143.21630504049892 2.169413298695464 9
-67.59415591602682 143.3813459093737 2.173299593897937 9
-67.70805824569297 143.5457450536197 2.1806932870395515 9
-67.82344832262802 143.70909494033916 2.191118658910623 9
-67.94041586033146 143.87132472988793 2.1992088905587033 9
-68.05839260964215 144.03283030420948 2.2035402814754845 9
-68.1768501199717 144.19397993052328 2.2059424103388223 9
-68.2957616278326 144.35478951403257 2.209241700817443 9
-68.41527612618619 144.5151514597171 2.2134023132889435 9
-68.5354826621452 144.67499794886203 2.217773911520791 9
-68.65639041645956 144.8343141675158 2.2221937669345833 9
-68.77798115516885 144.9931071100191 2.2261885656995672 9
-68.90011828943757 145.15148185103078 2.2290690143117806 9
-69.022635303116 145.30956854179567 2.2312932271281833 9
-69.14573011543314 145.4672055112408 2.236978501512915 9
-69.27006317362013 145.62386071706433 2.2470953579090334 9
-69.39622297944119 145.77905424729383 2.2595673578728075 9
-69.52427574240009 145.9326962955976 2.271554650508317 9
-69.65411709954233 146.08482539500707 2.2828693307817427 9
-69.78552634125673 146.23559810408202 2.2920928094642847 9
-69.91814226596158 146.3853135247539 2.298912713692033 9
-70.05165729960471 146.53422591069304 2.3046380608158055 9
-70.18606283719178 146.68233227189077 2.310929217995082 9
-70.32143913731142 146.8295530244246 2.317746481564803 9
-70.45783393061485 146.97583264695768 2.324753323816652 9
-70.5952577568241 147.12114313266585 2.3318820269437706 9
-70.73369523989471 147.2654837347791 2.338585094265388 9
-70.87302316549216 147.4089700027137 2.344221041255076 9
-71.01310029071631 147.55173735229965 2.349360863451924 9
-71.15411575834347 147.69357619970484 2.357893706167433 9
-71.29661643461846 147.83390341434009 2.3705523883518094 9
-71.44096129140956 147.97233092743815 2.382786094211123 9
-71.5866297134519 148.1093842752552 2.3896291411376356 9
-71.73288405566255 148.2458146826436 2.3918762161886558 9
-71.87943102370261 148.38191840152058 2.394604301136702 9
-72.02643985329459 148.51751809693718 2.3987124569893035 9
-72.17406668617963 148.65244890566015 2.403460375972652 9
-72.32232546873945 148.78668772479745 2.408083711048945 9
-72.4711917670452 148.92025024414326 2.4124883942198028 9
-72.62059618048261 149.0532092182771 2.416106394564821 9
-72.7704242385669 149.18569459751697 2.418842656651691 9
-72.92065944166133 149.31772184642168 2.422990070577058 9
-73.07167755787889 149.44884726135865 2.4307851894860764 9
-73.2239386678675 149.5785274687329 2.441713421154547 9
-73.37764487183235 149.7064999007067 2.45284355092336 9
-73.53274894314363 149.83277337607646 2.463713968505783 9
-73.68914516538064 149.95743567280658 2.4731061963734784 9
-73.84654632078036 150.0808295978435 2.4798960840445083 9
-74.00463245156452 150.20334553517432 2.4845323968424045 9
-74.16328345369844 150.3251248788245 2.4894237436850943 9
-74.32256492179532 150.44607766805578 2.4949276282436808 9
-74.48253783814516 150.5661177220571 2.5007979641058493 9
-74.64322128983079 150.68520398980587 2.5068211927537885 9
-74.80462089787366 150.80331174903512 2.5127935714098 9
-74.96666547284354 150.92053351298847 2.51767967303754 9
-75.12921523554155 151.03706648381407 2.521342357277689 9
-75.29225706197717 151.15291999290818 2.5270584623052623 9
-75.45622214726866 151.2674439455804 2.537528890380393 9
-75.62160620903393 151.37989205323134 2.5512669647172306 9
-75.78834899581393 151.49033537140406 2.5610790260709884 9
-75.95590984304488 151.59955122336876 2.566028894860728 9
-76.12387213119307 151.70813623270917 2.5695787384496795 9
-76.29228468295443 151.81600829593717 2.574460759534664 9
-76.4612869484334 151.92295327042333 2.5803885722532622 9
-76.63091492908299 152.0289098667658 2.586041035553333 9
-76.80111806191206 152.1339447001208 2.591255697256627 9
-76.97186207995045 152.23809749069963 2.5965310928240277 9
-77.14317329246836 152.3413094562641 2.602241358331682 9
-77.31508451802837 152.443512202602 2.6080920203830904 9
-77.48753939624143 152.54479794907613 2.6127926881952757 9
-77.66040979479575 152.64538817618867 2.6162163311453335 9
-77.83369071225927 152.7452791489039 2.6218880156807636 9
-78.00776050220176 152.8437661227981 2.6323204952429027 9
-78.18303832905642 152.94006923392138 2.645829686277983 9
-78.3594516627555 153.03430025453451 2.655382597286269 9
-78.53654544962889 153.1272646251019 2.6602370910522373 9
-78.7139837159376 153.21955424333058 2.663922268442972 9
-78.89181162718238 153.31107692170386 2.668839209697375 9
-79.07013900388571 153.40162420349415 2.674724665939432 9
-79.24899934678622 153.49112139671678 2.6805356644766576 9
-79.42836891565427 153.57959414165285 2.6861629226263033 9
-79.60821779761696 153.66708458094396 2.6914147452214534 9
-79.78850259162313 153.75367451808432 2.696167489781843 9
-79.96918663041679 153.83943274814467 2.700946005283612 9
-80.15035602817565 153.92415874390397 2.7077141242223592 9
-80.33218498435727 154.0074587400203 2.716642202130033 9
-80.51480787624976 154.08901308165397 2.7266007998681934 9
-80.69824684006905 154.16871272259763 2.7369051377490203 9
-80.88249283171817 154.24651598505505 2.746748020377892 9
-81.06737791544094 154.32279187043153 2.753271433595505 9
-81.25262507526652 154.3981913560583 2.756275478924532 9
-81.43804215408242 154.47316482686801 2.758555247243981 9
-81.62366077896709 154.5476324572829 2.7617205599458963 9
-81.8095447424275 154.62143775471438 2.765586379550115 9
-81.99571793004311 154.69451327202998 2.7695318044623622 9
-82.1821777783594 154.76685061425383 2.7734927274043075 9
-82.36890398051416 154.8384934382953 2.7768105161402845 9
-82.55583365901525 154.90961109980304 2.779124684327267 9
-82.74291445879881 154.9803444409153 2.7815612943132066 9
-82.9302873638069 155.05029256217202 2.787711930715376 9
-83.11821579967722 155.11871145817233 2.797727469252833 9
-83.30683025207996 155.18522381011496 2.8068535872514264 9
-83.495942040392 155.25033285520792 2.812615643129069 9
-83.68533219819567 155.3146255690607 2.81602726690875 9
-83.87495325469956 155.3782177528817 2.8201578380394183 9
-84.06486243770638 155.44093756241645 2.8251933433906293 9
-84.25509469297668 155.5026761534323 2.8302973016866826 9
-84.44563121891183 155.56347637503552 2.8350579848216357 9
-84.63644850472399 155.62339308195638 2.839671806929142 9
-84.82755017605679 155.68239147740482 2.844699039145313 9
-85.01895551488941 155.7403851065937 2.8501311937258182 9
-85.21065525132 155.79739374402735 2.85470033133966 9
-85.40257836925561 155.85366671882187 2.8578192289091646 9
-85.59466775447487 155.90940048083203 2.8612614206447446 9
-85.78707540936479 155.96400262184216 2.869787517497017 9
-85.98006834500322 156.0164467962781 2.8833983247202335 9
-86.1737587092418 156.06627816779007 2.89540896120636 9
-86.36793902306903 156.1142216631033 2.9029022100959234 9
-86.56238298380237 156.1610727543133 2.90743302956119 9
-86.75704706334986 156.2069618766821 2.9129283810218034 9
-86.95198428497264 156.25166810709734 2.9195406276336797 9
-87.14722613201182 156.29504283455987 2.9264121693819294 9
-87.34276056786086 156.33708403123163 2.933193152096922 9
-87.5385692990519 156.377816748528 2.939681408615117 9
-87.73462345581021 156.41735205642644 2.9453992737295946 9
-87.93088934913737 156.4558413450393 2.9504753450626704 9
-88.12737906025708 156.49317468163053 2.957723611385212 9
-88.32418853551752 156.52876313632459 2.9682145558924136 9
-88.52141141763514 156.56201340152637 2.9810260852452695 9
-88.71905296370791 156.59269938390236 2.994135261556705 9
-88.91707637707917 156.62077195697466 3.0072868540458946 9
-89.11541703023659 156.6464837927482 3.0173715192175874 9
-89.31396247251936 156.67060901607042 3.0232844475351635 9
-89.51260752625866 156.69388559150894 3.026694254649007 9
-89.71133596449884 156.716400269845 3.0310388629308975 9
-89.91017124532941 156.73794905015833 3.036373486851865 9
-90.10912516513687 156.75839783670926 3.0419715055347463 9
-90.30818992148605 156.77773042897866 3.0475903433376215 9
-90.50735519574579 156.79596261604635 3.052847136744521 9
-90.70660594252455 156.8132562003077 3.0569985022536588 9
-90.90592546891111 156.82982869826995 3.0603234624963602 9
-91.10532013274388 156.84548927755836 3.066846875527478 9
-91.30483267754575 156.85940237077605 3.07783784056297 9
-91.50449842101335 156.87084931769476 3.090167789637232 9
-91.70428223583657 156.88026248055706 3.098100268176117 9
-91.90412084227538 156.8885346644197 3.101850428850098 9
-92.10397885778535 156.89612828573632 3.105585997539786 9
-92.30386324551239 156.90285235115394 3.110549821464686 9
-92.50378248559102 156.90849449539175 3.116158672814892 9
-92.7037324264061 156.91305006860233 3.1214037962535164 9
-92.90370404678886 156.91659390626103 3.1263119919214883 9
-93.10368975629447 156.9191479787484 3.131382525045605 9
-93.30368404366469 156.92065774901326 3.1367553407537354 9
-93.50368207147223 156.92108754021018 -3.1411826998282195 9
-93.70368204052237 156.92054895326314 -3.136754961885526 9
-93.90368306547863 156.9192007590456 -3.1328811742514877 9
-94.10367530673015 156.91689456814103 -3.1267412789120073 9
-94.30363662443702 156.91306002047028 -3.1175945736380437 9
-94.50354871186634 156.90726097987027 -3.108228807773849 9
-94.70341983523888 156.89998824618334 -3.102893582060604 9
-94.90326729511894 156.89204580378583 -3.101232576295343 9
-95.10309854906134 156.88381601447105 -3.0994564183715423 9
-95.30290809546551 156.87512623952838 -3.0966276612661865 9
-95.50269001672973 156.8657951722048 -3.0932296115357474 9
-95.70244088899204 156.85579721920533 -3.0899567012567504 9
-95.90215822132093 156.8451595434685 -3.086848120342472 9
-96.10184323966506 156.8339428099202 -3.084198834969018 9
-96.30150183987034 156.8222497376709 -3.0820774332429615 9
-96.50113513306296 156.81011354265274 -3.079306542416088 9
-96.7007185053667 156.79720205058356 -3.0743003819969625 9
-96.9002194834366 156.78307387441836 -3.0672643483697146 9
-97.09961413482158 156.76748786888908 -3.0599148095192055 9
-97.29888875933477 156.750442750405 -3.0526239443139103 9
-97.49803697178423 156.73200495038455 -3.046251361070801 9
-97.69708444622367 156.71249680825989 -3.041876520537832 9
-97.89606553593275 156.69230810923227 -3.039206172645679 9
-98.09498876919089 156.67156876600467 -3.036061463633376 9
-98.293833333278 156.65011344181337 -3.0320033011251524 9
-98.49258604735255 156.62783624311044 -3.028217002778863 9
-98.69127512456008 156.60496990155815 -3.0260795273191765 9
-98.88993703686499 156.58181661436788 -3.0247749526924017 9
-99.08852001016065 156.55800679377654 -3.0188041249159907 9
-99.28687735328619 156.5324482829447 -3.0071432526362347 9
-99.48487870599718 156.50422110083642 -2.992980981476414 9
-99.68248232132 156.47328158750824 -2.979730922072196 9
-99.8796713061636 156.43982113966752 -2.967521365752721 9
-100.07646404452056 156.40412876497123 -2.9571535840986747 9
-100.27291454859999 156.3665920526956 -2.9487631889185906 9
-100.4690643188587 156.32752155518375 -2.9411243539824556 9
-100.66490033414883 156.2869128138824 -2.9330641827393045 9
-100.86039618406427 156.24468581853745 -2.9245991454514066 9
-101.05552134376897 156.20077356703877 -2.9158179952419103 9
-101.25024145328068 156.1551211918908 -2.9067343888309467 9
-101.44454399604578 156.10774498281475 -2.898405504165965 9
-101.63849392313422 156.05891027352982 -2.8917295716298526 9
-101.832160137347 156.00889359132063 -2.8854811370676994 9
-102.0253776667452 155.95719262920804 -2.8737526162216374 9
-102.21777995924805 155.9026337936009 -2.8557928941044843 9
-102.40914747855734 155.8445416565911 -2.8391270839431364 9
-102.59976086776415 155.78393440207446 -2.829536002768378 9
-102.78998633810883 155.72211845859246 -2.8255108354976315 9
-102.97992934238768 155.65949313384698 -2.8203965936632187 9
-103.16948361183074 155.59572120398255 -2.813413044247997 9
-103.35856392223523 155.53054007894903 -2.805903265817804 9
-103.54716774265036 155.4639791760054 -2.7988156859706907 9
-103.73530799404054 155.39612151121247 -2.7921063810827835 9
-103.92299428842996 155.32702422758734 -2.785601037078246 9
-104.1102336937835 155.2567247181416 -2.7792720102748754 9
-104.29701013392389 155.185202388627 -2.772311082817034 9
-104.48324228787236 155.11227412210778 -2.7641959496785193 9
-104.66883752375385 155.03773096237887 -2.754986946958489 9
-104.85370503462414 154.96139973865758 -2.7449070734867047 9
-105.03775552173367 154.8831332551876 -2.7340286550684616 9
-105.22101074151047 154.80302751351653 -2.725727951810575 9
-105.4037863176 154.72182075643022 -2.7220191718521063 9
-105.58642510190285 154.64030805618484 -2.721687282560829 9
-105.76901115449932 154.55868564738452 -2.7205294966358533 9
-105.95145342180224 154.47674455888472 -2.7182057984783814 9
-106.13368391049147 154.3943302766146 -2.715550279228054 9
-106.31570095626009 154.31144452719641 -2.7130304752119123 9
-106.49751543675842 154.22811763912125 -2.7107581788110204 9
-106.67916470130533 154.1444313613148 -2.7090967317269636 9
-106.86070290788156 154.0605000542919 -2.7080224427790496 9
-107.04210761281317 153.97627790046042 -2.7053871277014245 9
-107.22317289220256 153.8913355161357 -2.700060428851701 9
-107.40368824154626 153.8052344282599 -2.693178102485327 9
-107.58368451061989 153.71804600201045 -2.6882006480798597 9
-107.76334034487508 153.63015380595786 -2.6853149890452053 9
-107.94277119814005 153.54180767717912 -2.682723923524416 9
-108.12194473818415 153.45294471414633 -2.6795415735067807 9
-108.30081241754054 153.36346757146475 -2.6759693999369807 9
-108.47936722331015 153.2733654804946 -2.6725809456925065 9
-108.65762623113092 153.18267789628388 -2.6693997087828185 9
-108.83559323453339 153.09141875537676 -2.6660887426416164 9
-109.01324299071169 152.9995461032077 -2.662492897160629 9
-109.19055388515063 152.907024257864 -2.6589295601831386 9
-109.3675739869741 152.81394494184292 -2.65624251807868 9
-109.54438883950266 152.72046840241413 -2.654357762285004 9
-109.72095713109226 152.62652432303443 -2.650337598246755 9
-109.896980164927 152.53157457091422 -2.6429180744435787 9
-110.07217068964826 152.43510240052336 -2.6338849518944603 9
-110.24661786083752 152.33728038852792 -2.627682217909372 9
-110.42060643896023 152.23863931590955 -2.624395174632542 9
-110.59430689973718 152.13949938029052 -2.6213873424234255 9
-110.76766720383621 152.03977080566582 -2.6175966978534295 9
-110.9406161966024 151.93932887635162 -2.6132775478200636 9
-111.11313302467373 151.83814387043932 -2.609020873491374 9
-111.28522184180495 151.73623323340624 -2.6048637759487083 9
-111.45690008030265 151.6336339072942 -2.601050390107893 9
-111.62820892262548 151.5304175712922 -2.597672451978483 9
-111.79917273450137 151.42662851205233 -2.594031707266369 9
-111.96966634847597 151.322070668511 -2.588616225073058 9
-112.13949555597051 151.21643711791376 -2.581446369786031 9
-112.30852212511994 151.10951966216263 -2.5736919766174013 9
-112.47670440541074 151.00128033618392 -2.5657614810256626 9
-112.64403716176793 150.89173695192554 -2.558536415500287 9
-112.81071020820892 150.7811902100915 -2.553797783568118 9
-112.97699761000013 150.67006285432126 -2.551453283282807 9
-113.1430618179315 150.55860546240396 -2.54944844353142 9
-113.30888337197767 150.4467880697445 -2.5471118515693014 9
-113.47441640664293 150.3345417310934 -2.5441444410050504 9
-113.63954865417307 150.2217069686239 -2.5399805216464015 9
-113.80414132288244 150.10808825441953 -2.5347002016068987 9
-113.96812565874596 149.99359222777545 -2.5295102017657647 9
-114.13154116556775 149.87828343517253 -2.524779778605056 9
-114.29442386941277 149.76222225170892 -2.5201216854730424 9
-114.45672799760402 149.64535552676583 -2.5148501402242505 9
-114.61837780077698 149.52758840737937 -2.509119387451581 9
-114.77942018119558 149.40899112303762 -2.5048821956680936 9
-114.94008226435352 149.2898764788463 -2.502698442541506 9
-115.10057276577461 149.17053171290743 -2.501600202538987 9
-115.26090112826505 149.0509710620486 -2.499976101037413 9
-115.42100264752827 148.93110718224918 -2.4978495227978637 9
-115.58084512107393 148.81089724761753 -2.495733855784676 9
-115.74044215062561 148.69036117091633 -2.493767718091758 9
-115.89980814267766 148.56951997617233 -2.4918752579294354 9
-116.05894236482543 148.44837400311485 -2.4899374710226456 9
-116.21783876837137 148.3269163250176 -2.487959329504999 9
-116.37649545609658 148.2051455698805 -2.4860038570549268 9
-116.53491611671598 148.08306784000655 -2.484087092558084 9
-116.69310414613501 147.96068885179884 -2.4821899287907656 9
-116.85105917972916 147.838009322207 -2.480284060063991 9
-117.00877957766598 147.7150282738676 -2.478369749694049 9
-117.16626400791971 147.59174517744657 -2.476451828184572 9
-117.32351153640256 147.4681600826511 -2.4745314508308787 9
-117.48052161035257 147.3442735018745 -2.4726177179791 9
-117.63729553411768 147.22008816764682 -2.4707233777796027 9
-117.79383507091651 147.09560735871602 -2.4688402814832253 9
-117.95013687920046 146.9708281690559 -2.466898614560879 9
-118.10619130355875 146.84574004297062 -2.464882498181778 9
-118.26199426307721 146.72033918426544 -2.4629437721466227 9
-118.4175714784534 146.59465793148914 -2.46128367833371 9
-118.57295567556176 146.46873711681633 -2.459779070646862 9
-118.72810615904561 146.34252854139058 -2.457444521976163 9
-118.88289485126063 146.21587804606253 -2.454067803763966 9
-119.03723357059337 146.08867988001325 -2.4507775228253843 9
-119.19124953001611 145.96108962558395 -2.448993724639982 9
-119.34513070836168 145.83333657342175 -2.4485297929792837 9
-119.49895683306414 145.70551815135815 -2.4479539453752355 9
-119.65268318479922 145.577580196638 -2.4469727888679618 9
-119.80626762154162 145.4494716836126 -2.4458206141245573 9
-119.95971152396777 145.32119459153262 -2.444778604499734 9
-120.11302849758526 145.1927657888332 -2.4438317416661466 9
-120.26622362551645 145.06419179164607 -2.4428692985954723 9
-120.41929250480703 144.935467593181 -2.441869622049896 9
-120.57223169657556 144.80658932666776 -2.440868059531299 9
-120.72504425180757 144.67756087068477 -2.4399051400634666 9
-120.87773467254725 144.54838784251214 -2.438963661874055 9
-121.03029815894762 144.4190649417408 -2.43792699973161 9
-121.1827198707999 144.28957508352272 -2.4367733466805586 9
-121.3349954835561 144.1599134952656 -2.4357632920933243 9
-121.48716797815712 144.03013079810185 -2.4351828777931077 9
-121.63929171562766 143.90029093313078 -2.4349689647857957 9
-121.79138799278172 143.77041897657176 -2.4347125479629845 9
-121.94344342323787 143.64049923675057 -2.434340339921041 9
-122.09544607711699 143.51051773306176 -2.43392496755253 9
-122.24739690230646 143.38047561791248 -2.433542858456981 9
-122.39930006181176 143.25037782232042 -2.433187877395355 9
-122.55115659749077 143.1202256199668 -2.4328220330478714 9
-122.70296436959941 142.99001655635615 -2.4324388054209716 9
-122.85472225347608 142.85974935578585 -2.4320648836512655 9
-123.00643378196861 142.72942815726577 -2.431727145470802 9
-123.15810320280976 142.59905793220878 -2.431404819576836 9
-123.30972447273668 142.46863171717536 -2.4309752000266527 9
-123.46128136157725 142.3381307345859 -2.430418180523759 9
-123.61277066725474 142.20755131263832 -2.4300399379430733 9
-123.7642415074988 142.07695044358218 -2.4301351698304594 9
-123.91575462574333 141.94639860329295 -2.430655740724633 9
-124.06734758984722 141.81593947709388 -2.4313299366379635 9
-124.21903570530355 141.68559101540933 -2.4321151759015214 9
-124.37083014677332 141.5553663785333 -2.432938833128741 9
-124.52272995936266 141.4252646490466 -2.4337341044668035 9
-124.67473144082378 141.29528172029725 -2.434505253724287 9
-124.82683288274308 141.16541578709828 -2.4352752889993745 9
-124.9790344351932 141.03566718949668 -2.436047655213498 9
-125.13133670760473 140.90603681882587 -2.436831176661907 9
-125.28374171841524 140.77652726919544 -2.437633621799781 9
-125.43625148092373 140.64714113416267 -2.4384409242642295 9
-125.58886172972308 140.51787352895118 -2.4391803776135386 9
-125.74156251702338 140.3887128007081 -2.4398419792467556 9
-125.89435275242292 140.25965783923758 -2.4406272043353723 9
-126.04726315110716 140.1307453920544 -2.4417061017969313 9
-126.20032646681338 140.00201463338885 -2.442869088031686 9
-126.35348437564787 139.87339633389166 -2.4430767673531664 9
-126.50659843369783 139.74472590274237 -2.442189849343988 9
-126.65956239872644 139.61587707859766 -2.440975235437025 9
-126.81238879854504 139.48686497087056 -2.4400547683576628 9
-126.96511397268877 139.35773303199366 -2.4393698909542914 9
-127.11774946117188 139.2284951988038 -2.4386414495807007 9
-127.2702855793659 139.09914014724646 -2.437833397877008 9
-127.42271467993959 138.96965897355827 -2.437004695392313 9
-127.57503808917659 138.8400534394637 -2.4362013388275785 9
-127.7272587930069 138.71032728164832 -2.4354157415244564 9
-127.87937662055795 138.58048052550518 -2.4346130912326545 9
-128.03138877152625 138.45051010512603 -2.4337892944608726 9
-128.18329457229186 138.3204154186848 -2.432990879069918 9
-128.33510040983234 138.19020404948205 -2.432252820935705 9
-128.4868128895924 138.05988383729033 -2.43152802810549 9
-128.63841929575742 137.9294402754471 -2.4306081549464826 9
-128.78989124196656 137.79884073316484 -2.4294721837939646 9
-128.94122873685038 137.6680854143255 -2.4287200459702074 9
-129.09252146751075 137.53727822319857 -2.428787014518998 9
-129.24387205331328 137.40653801293448 -2.4295000998088443 9
-129.39531373837556 137.2759033291139 -2.4301200973147172 9
-129.54682484484442 137.14534914060798 -2.4305639781849915 9
-129.69838857930677 137.01485607151074 -2.430963209664918 9
-129.8500075024495 136.88442715315506 -2.431410211447308 9
-130.00168753857392 136.75406931094676 -2.431893921075249 9
-130.15343025732676 136.62378442630245 -2.432368399447518 9
-130.30523385195232 136.49357046975936 -2.4328287329564815 9
-130.457097100314 136.36342609251847 -2.4332886768365745 9
-130.6090207747378 136.23335226633628 -2.4337576441725983 9
-130.76100586686601 136.10335021658304 -2.4342299522037263 9
-130.91305118449134 135.97341860475532 -2.4346825981633993 9
-131.06515387598998 135.84355414417524 -2.4351137312096447 9
-131.21731400517973 135.71375697807542 -2.4355836583091235 9
-131.36954023032163 135.58403736043732 -2.436132673713672 9
-131.52184106855526 135.45440537876485 -2.4366965257008206 9
-131.67420072897832 135.3248425172985 -2.4370209435212202 9
-131.82658523356722 135.1953088594801 -2.4370816927152057 9
-131.97896889650997 135.06577422795627 -2.4370553111047504 9
-132.13135097363266 134.93623774209058 -2.4370572932153753 9
-132.28373496265982 134.8067035041522 -2.4370807879504985 9
-132.436121801017 134.67717261361216 -2.437099284845411 9
-132.58851054148803 134.54764395957432 -2.437110213285871 9
-132.7409004907354 134.41811672892263 -2.43711953256172 9
-132.8932917888881 134.2885910861182 -2.437131047882532 9
-133.04568470332364 134.15906734485927 -2.437144109518402 9
-133.19807926246776 134.0295455383821 -2.437156264733657 9
-133.35047532218206 133.90002549738156 -2.4371673059390346 9
-133.5028728427403 133.77050717534917 -2.43717938364488 9
-133.65527208139628 133.64099087502012 -2.4371938373253226 9
-133.8076732876475 133.51147688996778 -2.437208529459166 9
-133.96007593839244 133.38196460465355 -2.4372155925266377 9
-134.11247896310016 133.2524527593819 -2.4372143906126498 9
-134.26488160715772 133.1229404661991 -2.4372113709419576 9
-134.41728399593043 132.9934278726215 -2.43721044843815 9
-134.56968638909606 132.86391528421197 -2.4372111899512037 9
-134.72208889226764 132.73440282524717 -2.4372120416652 9
-134.87449150388218 132.60489049389045 -2.4372128649077895 9
-135.0268942213644 132.475378287114 -2.4372136822635473 9
-135.17929704518838 132.3458662054752 -2.437214507101238 9
-135.33169997627223 132.216354250054 -2.4372153375875 9
-135.48410301489184 132.08684242117525 -2.4372161673097414 9
-135.63650616088495 131.95733071864822 -2.4372169957027854 9
-135.78890941404427 131.82781914222952 -2.437217822062462 9
-135.9413127740687 131.69830769156476 -2.4372186459819973 9
-136.09371624072176 131.56879636637598 -2.437219470289888 9
-136.24611981474263 131.43928516753337 -2.437220304646176 9
-136.39852349752044 131.30977409667153 -2.437221149223426 9
-136.55092728873927 131.18026315341925 -2.4372219711617005 9
-136.703331183741 131.05075233229473 -2.437222751910988 9
-136.85573517839381 130.9212416284363 -2.4372235337631696 9
-137.00813928295415 130.79173105391376 -2.4372244579469626 9
-137.1605435170904 130.6622206318723 -2.437225526265907 9
-137.31294787627542 130.5327103569851 -2.4372262763292087 9
-137.465352295452 130.40320015269415 -2.4372264527009726 9
-137.6177567049365 130.27368993699787 -2.4372262161728004 9
-137.77016108904152 130.1441796914358 -2.437226092483154 9
-137.92256546705866 130.01466943870952 -2.4372261197207132 9
-138.0749698522556 129.88515919443242 -2.4372261733534697 9
-138.22737424174397 129.75564895520523 -2.4372261859912765 9
-138.37977863054886 129.6261387151737 -2.437226169180395 9
-138.53218301752372 129.4966284729888 -2.4372261598997693 9
-138.68458740396298 129.36711823017347 -2.4372261607680374 9
-138.83699179083695 129.23760798786984 -2.437226164996563 9
-138.98939617824317 129.10809774619239 -2.4372261689865184 9
-139.14180056608967 128.97858750503303 -2.437226170649616 9
-139.29420495360077 128.84907726347916 -2.437226163434477 9
-139.44660933957763 128.7195670201197 -2.4372261476258608 9
-139.59901372445768 128.59005677546975 -2.4372261536632007 9
-139.7514181125581 128.46054653460914 -2.4372261973552263 9
-139.90382250842706 128.33103630289048 -2.4372262675654435 9
-140.05622691301255 128.20152608142928 -2.4372263300690533 9
-140.20863132504013 128.07201586872563 -2.4372263826860023 9
-140.3610357436579 127.94250566377725 -2.437226433789271 9
-140.51344016907214 127.81299546682673 -2.4372264876422087 9
-140.66584460161312 127.68348527826272 -2.4372265433746447 9
-140.81824904133276 127.5539750981466 -2.4372265983611285 9
-140.97065348811427 127.42446492634046 -2.437226652456521 9
-141.12305794190382 127.29495476278149 -2.437226706864696 9
-141.27546240279912 127.16544460758423 -2.43722676218838 9
-141.4278668708923 127.03593446085719 -2.4372268175431664 9
-141.5802713459952 126.90642432237925 -2.4372268703016826 9
-141.73267582775364 126.77691419173318 -2.437226920534485 9
-141.8850803162773 126.64740406904849 -2.437226976715182 9
-142.03748481273314 126.51789395569797 -2.4372270430271916 9
-142.1898893180837 126.3883838528146 -2.437227107850768 9
-142.34229382963983 126.25887375723396 -2.4372271370985006 9
-142.49469834254523 126.12936366324095 -2.4372271295012142 9
-142.64710285366004 125.99985356714099 -2.437227116617313 9
-142.79950736376176 125.87034346984866 -2.437227113854907 9
-142.95191187406647 125.74083337279514 -2.4372271180767715 9
-143.10431638481026 125.61132327625859 -2.437227120175164 9
-143.2567208956515 125.48181317983652 -2.4372271196395108 9
-143.40912540636506 125.35230308326435 -2.4372271187101826 9
-143.56152991700296 125.22279298660297 -2.4372271184697096 9
-143.71393442764875 125.09328288995087 -2.437227118735036 9
-143.86633893832925 124.9637727933398 -2.4372271189802444 9
-144.01874344903806 124.83426269676187 -2.437227119163687 9
-144.17114795975246 124.70475260019067 -2.437227119004505 9
-144.32355247041542 124.57524250355878 -2.437227118368391 9
-144.4759569809836 124.44573240681538 -2.437227117862071 9
-144.6283614916007 124.31622231012975 -2.4372271192106014 9
-144.78076600251904 124.18671221379839 -2.4372271224662776 9
-144.93317051389934 124.05720211801079 -2.437227125976761 9
-145.0855750257002 123.92769202271796 -2.4372271289600707 9
-145.23797953785848 123.79818192784573 -2.4372271315856024 9
-145.3903840503629 123.66867183338105 -2.437227134330128 9
-145.5427885632324 123.53916173934576 -2.4372271372176453 9
-145.6951930764779 123.40965164575314 -2.4372271401072596 9
-145.84759759009359 123.28014155259596 -2.4372271429329286 9
-146.0000021040724 123.15063145986615 -2.437227145737953 9
-146.15240661842057 123.02112136757108 -2.4372271486431 9
-146.30481113315187 122.89161127572675 -2.437227151644839 9
-146.4572156482622 122.76210118432859 -2.4372271544276445 9
-146.60962016370937 122.63259109332658 -2.4372271568448793 9
-146.76202467945942 122.50308100268104 -2.437227159334441 9
-146.91442919561118 122.37357091250844 -2.437227163107806 9
-147.06683371233808 122.24406082301248 -2.4372271680879214 9
-147.21923822957157 122.11455073411287 -2.437227169991475 9
-147.37164274672452 121.98504064511827 -2.437227166842787 9
-147.52404726327762 121.8555305554178 -2.437227163014159 9
-147.67645178003235 121.72602046595476 -2.437227170517185 9
-147.82885629852527 121.596510378537 -2.4372271887500974 9
-147.98126081820928 121.46700029252099 -2.4372271808404844 9
-148.13366533408214 121.33749020202006 -2.4372271298954065 9
-148.28606984219095 121.20798010238272 -2.437227088227585 9
-148.43847435432173 121.07847000747843 -2.437227198581082 9
-148.59087889094243 120.94895994139267 -2.437227450949235 9
-148.74328344370971 120.81944989430771 -2.437227337134299 9
-148.89568794304884 120.68993978435054 -2.4372266258745783 9
-149.048092334325 120.5604295472295 -2.4372260491882085 9
-149.20049678225033 120.43091937677092 -2.4372275910398695 9
-149.3529015718006 120.30140960832199 -2.4372311057873466 9
-149.50530658490533 120.17190010294263 -2.437229503841283 9
-149.65771085169564 120.04238971933185 -2.4372195807033803 9
-149.81011337711004 119.91287728654758 -2.4372039888076364 9
-149.9625139576486 119.7833625651618 -2.4371898684974465 9
-150.11491283001118 119.65384583377522 -2.437177589602863 9
-150.26731019686693 119.52432733093141 -2.4371664739783974 9
-150.41970617963887 119.39480719953994 -2.4371562170605214 9
-150.572100909636 119.2652855941345 -2.4371474626958327 9
-150.7244947096869 119.13576289455672 -2.4371419341941554 9
-150.87688798680603 119.0062395796845 -2.437138466508461 9
-151.02928031120217 118.87671514388686 -2.4371255550881976 9
-151.18167020248885 118.74718784549896 -2.4371020317463095 9
-151.33405705788394 118.61765697540694 -2.437080318833751 9
-151.48644136470037 118.48812310705517 -2.437061915342711 9
-151.63882307774503 118.35858618747153 -2.437039383160104 9
-151.7912015825829 118.22904549403403 -2.437014369634161 9
-151.94357768603663 118.09950197586704 -2.4370041639370377 9
-152.0959535263021 117.9699581481167 -2.4370081957585574 9
-152.2483298393962 117.84041487655466 -2.437009877286239 9
-152.4007060947017 117.71087153702022 -2.437007881045798 9
-152.55308209791616 117.58132790095661 -2.4370063333209515 9
-152.70545796530985 117.45178410512943 -2.4370058808780506 9
-152.85783388297665 117.3222403684397 -2.4370071559497264 9
-153.01021006442593 117.19269694203821 -2.4370093798351116 9
-153.16258627898867 117.06315355458774 -2.437007007770208 9
-153.3149618230039 116.9336093783707 -2.4369990271225763 9
-153.46733649747185 116.8040641793029 -2.4369979417790026 9
-153.61971236387228 116.67452038230829 -2.4370174363842105 9
-153.77209202769913 116.54498105224215 -2.437054542642264 9
-153.92447652172797 116.41544740412614 -2.4370896881047805 9
-154.07686521023902 116.28591869049666 -2.4371193059331424 9
-154.22925751918996 116.15639423643574 -2.4371467641715254 9
-154.38165348282877 116.02687408250355 -2.437175741577955 9
-154.53405329315027 115.89735845480315 -2.4372060024744084 9
-154.6864570167957 115.76784743197972 -2.437235987616488 9
-154.83886458756942 115.63834093641914 -2.437265413336164 9
-154.99127595857658 115.50883891322773 -2.4372948883702654 9
-155.14369119274198 115.37934143676956 -2.4373250766739316 9
-155.29611037522167 115.24984860757134 -2.4373556343969827 9
-155.4485334097306 115.12036031252072 -2.4373843042687797 9
-155.60096000785916 114.99087621228831 -2.4374106760949896 9
-155.753390089518 114.86139621284302 -2.4374399038247705 9
-155.9058245037897 114.73192131426251 -2.437477604223794 9
-156.05826425318915 114.60245269729174 -2.437519196858485 9
-156.21070792509533 114.47298869882212 -2.437534640242209 9
-156.3631515504947 114.34352464556164 -2.4375184781844226 9
-156.51559184704124 114.21405667273905 -2.4374898865793315 9
-156.66802898910893 114.08458498575224 -2.437469757931551 9
-156.82046404815767 113.95511084628689 -2.4374568716099314 9
-156.9728974474425 113.82563475279 -2.4374431650851487 9
-157.1253289241431 113.69615639587998 -2.437427174187454 9
-157.27775824205182 113.56667549750901 -2.437410310194831 9
-157.43018541935103 113.43719207916129 -2.437394110555809 9
-157.58261053964796 113.30770623935564 -2.437378456922496 9
-157.73503362381956 113.17821800275867 -2.437362569135634 9
-157.88745462635208 113.0487273158764 -2.437346305531912 9
-158.0398735230754 112.91923415033247 -2.4373302470558524 9
-158.19229039455988 112.78973860102107 -2.4373150265239953 9
-158.34470534031183 112.6602407851234 -2.4373002078129513 9
-158.4971182298329 112.53074054914923 -2.4372829312292272 9
-158.64952868921847 112.40123745316727 -2.4372626775549526 9
-158.80193661677148 112.27173137757823 -2.4372461690056415 9
-158.95434312277524 112.14222362903774 -2.437240727295598 9
-159.10674960760164 112.01271585557475 -2.437244744552061 9
-159.25915662254909 111.88320870598498 -2.4372476641735954 9
-159.41156382042865 111.75370177167946 -2.437247569644561 9
-159.56397089174985 111.62419468843352 -2.437246375526946 9
-159.71637787218157 111.49468749822401 -2.437246166928679 9
-159.8687848849435 111.36518034606144 -2.437246725339922 9
-160.02119193761567 111.23567324086711 -2.4372466130539037 9
-160.17359891541588 111.10616604756237 -2.4372455690846335 9
-160.3260057215682 110.97665865225837 -2.437244158923505 9
-160.47841236124012 110.8471510610368 -2.4372429983764503 9
-160.63081886604272 110.71764331109918 -2.4372420513613746 9
-160.7832252484294 110.588135417101 -2.437241079699387 9
-160.93563150058253 110.4586273698429 -2.437240040158106 9
-161.08803761552068 110.32911916110882 -2.437238975576603 9
-161.24044359398442 110.19961079177095 -2.437237932601243 9
-161.39284943867926 110.07010226501365 -2.437236906646528 9
-161.54525514988387 109.94059358116482 -2.4372358675397203 9
-161.69766072530862 109.81108473753082 -2.437234809804596 9
-161.8500661639869 109.68157573297393 -2.437233767671036 9
-162.00247147112194 109.55206657361788 -2.437232778407771 9
-162.15487665298195 109.42255726683939 -2.43723181390132 9
-162.30728170101435 109.29304780257404 -2.4372306899117824 9
-162.45968659098676 109.16353815230633 -2.4372293730033214 9
-162.61209131634712 109.03402830832587 -2.437228299573033 9
-162.76449594920555 108.90451835549092 -2.4372279447198153 9
-162.91690058049943 108.77500840081493 -2.4372282044313054 9
-163.06930524625707 108.64549848669515 -2.437228396144205 9
-163.22170992441949 108.51598858717324 -2.437228395997374 9
-163.374114595002 108.38647867873128 -2.4372283191176596 9
-163.52651925877097 108.25696876227123 -2.4372282908315555 9
-163.67892392190532 108.12745884506455 -2.437228305313061 9
-163.83132858748573 107.99794893073617 -2.4372283240454267 9
-163.98373325531483 107.86843901905411 -2.437228340039803 9
-164.1361379243312 107.73892910876911 -2.4372283365609877 9
-164.28854259045696 107.6094191950825 -2.437228295392631 9
-164.44094724892284 107.47990927238207 -2.4372282219995647 9
-164.59335189784287 107.35039933844816 -2.4372281522175787 9
-164.74575653838022 107.22088939464982 -2.437228092548526 9
-164.89816117158446 107.09137944222185 -2.437228036829771 9
-165.05056579739428 106.96186948109226 -2.4372279783546915 9
-165.20297041546087 106.83235951085086 -2.437227917541493 9
-165.35537502565768 106.7028495313482 -2.43722785714654 9
-165.5077796280921 106.5733395427111 -2.4372277976696934 9
-165.660184222846 106.44382954503557 -2.4372277382311887 9
-165.81258880984262 106.31431953823142 -2.4372276778743136 9
-165.9649933889715 106.18480952216889 -2.437227617019426 9
-166.117397960344 106.0552994969786 -2.437227558417335 9
-166.26980252430496 105.9257894630668 -2.4372275025663916 9
-166.42220708095078 105.79627942054651 -2.4372274433114334 9
-166.5746116292694 105.66676936822688 -2.4372273739674295 9
-166.727016168067 105.53725930470335 -2.4372273000099494 9
-166.87942069902968 105.40774923195974 -2.4372272571958336 9
-167.03182522688294 105.27823915555717 -2.437227251993009 9
-167.18422975553068 105.14872908008934 -2.4372272615247734 9
-167.3366342847616 105.01921900530782 -2.437227260989707 9
-167.48903881330108 104.88970892971277 -2.4372272518477667 9
-167.64144334064616 104.76019885271202 -2.4372272436726625 9
-167.79384786710696 104.6306887746708 -2.437227238192622 9
-167.94625239296354 104.50117869591841 -2.437227233775315 9
-168.09865691820255 104.37166861643931 -2.4372272286550314 9
-168.25106144273477 104.24215853612861 -2.437227222926039 9
-168.40346596652094 104.11264845493982 -2.4372272172050886 9
-168.55587048957378 103.98313837288825 -2.437227211603242 9
-168.70827501191113 103.85362828999453 -2.4372272061722984 9
-168.86067953355985 103.72411820629038 -2.4372272009681417 9
-169.0130840545461 103.59460812180691 -2.4372271958456957 9
-169.1654885748206 103.46509803648571 -2.437227189865248 9
-169.31789309425406 103.3355879501749 -2.437227182858062 9
-169.47029761281374 103.20607786283571 -2.4372271771876943 9
-169.6227021308902 103.07656777492785 -2.4372271753962726 9
-169.77510664897324 102.94705768702796 -2.437227176882873 9
-169.92751116723917 102.81754759934306 -2.437227177763598 9
-170.07991568553484 102.68803751169331 -2.4372271773433316 9
-170.23232020372566 102.55852742392003 -2.437227176417954 9
-170.38472472181914 102.42901733603222 -2.437227175840595 9
-170.53712923985927 102.29950724808174 -2.4372271755601638 9
-170.6895337578635 102.16999716008888 -2.4372271752464543 9
-170.84193827582106 102.04048707204127 -2.4372271748405723 9
-170.99434279372247 101.91097698392741 -2.43722717439697 9
-171.14674731156776 101.7814668957475 -2.437227173973809 9
-171.29915182935943 101.65195680750469 -2.4372271735699123 9
-171.4515563470997 101.52244671920123 -2.437227173177637 9
-171.60396086478974 101.39293663083883 -2.4372271727956254 9
-171.7563653824296 101.26342654241719 -2.437227172389125 9
-171.90876990001283 101.13391645392892 -2.437227171921158 9
-172.06117441753207 101.00440636536555 -2.4372271714266316 9
-172.21357893499845 100.87489627673972 -2.437227171128286 9
-172.36598345244133 100.74538618808647 -2.4372271710655435 9
-172.51838796986834 100.61587609941442 -2.437227170696349 9
-172.67079248719054 100.48636601061895 -2.437227169446307 9
-172.82319700430645 100.3568559215809 -2.437227167922714 9
-172.97560152142836 100.22734583254963 -2.4372271699835313 9
-173.12800603909307 100.09783574415759 -2.4372271763086917 9
-173.2804105574294 99.96832565655617 -2.4372271769528346 9
-173.43281507480225 99.83881556782032 -2.4372271614225105 9
-173.58521958930788 99.70930547570904 -2.4372271388001083 9
-173.73762410371464 99.57979538348117 -2.4372271665259375 9
-173.89002862562305 99.4502853000854 -2.4372272546797538 9
-174.0424331569145 99.3207752277364 -2.437227263826931 9
-174.1948376747928 99.19126513959571 -2.437227047464492 9
-174.34724215273388 99.06175500443575 -2.4372267326532864 9
-174.49964662938393 98.9322448677557 -2.4372271196530946 9
-174.65205121062903 98.80273485421894 -2.437228348338494 9
-174.8044559224376 98.67322499439868 -2.4372284729272025 9
-174.95686044706125 98.54371491419944 -2.437225456621744 9
-175.10926441528332 98.41420417893053 -2.4372210756051755 9
-175.26166836664012 98.28469342380548 -2.437226475983702 9
-175.4140737761082 98.15518438536274 -2.4372435991181547 9
-175.56648100244652 98.02567748598075 -2.4372452990938673 9
-175.7188856170965 97.89616751177248 -2.437203253098577 9
-175.87128248019494 97.7666484114087 -2.437142278051548 9
-176.0236791217715 97.63712905023978 -2.437217617087565 9
-176.17609608757016 97.50763361744386 -2.4374562272553906 9
-176.3285495592817 97.37818116549016 -2.43774209034823 9
-176.48103528471884 97.24876669446256 -2.4379544979439105 9
-176.63354426665222 97.11937962032758 -2.4381179718662676 9
-176.78607999542083 96.99002408672446 -2.438385540456814 9
-176.93865876702375 96.86071934011953 -2.43878370489443 9
-177.09128531826715 96.73147098277748 -2.439028076747055 9
-177.24391444477953 96.60222566993635 -2.4388235559961227 9
-177.39648955740958 96.47291662008884 -2.43823885444218 9
-177.54898896161558 96.3435182638598 -2.4377015649830156 9
-177.70142668426644 96.21404722049688 -2.4372855426850695 9
-177.85381506432657 96.0845181174285 -2.4369133727773775 9
-178.0061528679841 95.9549295588819 -2.436504965010354 9
-178.158435533961 95.82527622014048 -2.4360675544760237 9
-178.31066217686237 95.69555709838114 -2.435646011416131 9
-178.4628356649449 95.56577560411155 -2.4352480568152948 9
-178.61495730024416 95.43593332230273 -2.4348333896269327 9
-178.76702128617515 95.30602355695672 -2.434360503062188 9
-178.9190202344412 95.17603775270224 -2.4338397468309276 9
-179.07095204686232 95.04597346497587 -2.4333349302656875 9
-179.22281949292173 94.91583387058601 -2.432817010489646 9
-179.37458441477304 94.78557475428352 -2.431640441296693 9
-179.52614388933105 94.65507691787035 -2.4298687194466253 9
-179.67755190733837 94.52440318206173 -2.429581278229314 9
-179.82903430672653 94.3938156957801 -2.4307472527047107 9
-179.98066016380713 94.26339480177262 -2.4316521739571035 9
-180.1323784861875 94.13308154807395 -2.4322051349546445 9
-180.2841573064944 94.0028387076332 -2.4325861966465077 9
-180.43599749692632 93.87266727611818 -2.4333540868017174 9
-180.58800820852463 93.74269527419148 -2.435204376171055 9
-180.7402780972164 93.61302690053147 -2.437043190347086 9
-180.89273629378968 93.48357986739379 -2.438116872761764 9
-181.04529219077293 93.35424822766974 -2.438587927137507 9
-181.1978744148957 93.22494740405851 -2.4385334262073224 9
-181.350467928631 93.09565956821324 -2.4390531389840997 9
-181.50321156880372 92.9665496609342 -2.440861439704939 9
-181.65626197317152 92.83780382818975 -2.4436073724363436 9
-181.80964519650587 92.70945397341676 -2.4459334456334267 9
-181.96329120083698 92.58141849651867 -2.4477082257276463 9
-182.11714379633668 92.45363188291095 -2.449252913754397 9
-182.27119202683352 92.32608128293788 -2.4507737654176798 9
-182.4254362081425 92.19876722587023 -2.4524007285486364 9
-182.57992326315483 92.07174802719095 -2.454630114727722 9
-182.73473405295854 91.94512408186341 -2.457502168675738 9
-182.8899171513201 91.81895643795497 -2.4603417351124692 9
-183.04542914488584 91.69319399805076 -2.4627210022429953 9
-183.20121223554654 91.56776801847805 -2.464694279179332 9
-183.35722884633932 91.44263292371106 -2.4664659171783074 9
-183.51345604506355 91.31775992514908 -2.4680665256898022 9
-183.6699111885069 91.19317187627739 -2.470333340429207 9
-183.82672147440442 91.06903254449078 -2.473789047213547 9
-183.98402116172633 90.94551489650495 -2.477984662077793 9
-184.141788832086 90.82259406091447 -2.481255632337327 9
-184.299892118501 90.70010416998976 -2.4834571554667586 9
-184.4582353154879 90.57792564841176 -2.4853945234339507 9
-184.61682859121746 90.45607265995493 -2.487562158985708 9
-184.77569946504147 90.33458139942084 -2.4899462401293464 9
-184.93486997533117 90.2134826201051 -2.4924965375458625 9
-185.09435825324118 90.09280317721701 -2.4951987158781463 9
-185.25415226817674 89.97252925881523 -2.4974111432984776 9
-185.4141597882764 89.85253884145924 -2.498747759079066 9
-185.5742863356444 89.73270677004776 -2.4996383378939173 9
-185.7345779544754 89.61309619303368 -2.501613123983952 9
-185.89517781843895 89.49390041690336 -2.5047939963919394 9
-186.0561917586876 89.37526361031887 -2.5083629126481597 9
-186.21762279013018 89.25719452656887 -2.51183866842341 9
-186.37945341840984 89.13967446278588 -2.5150638067207893 9
-186.54161755128155 89.02261516803841 -2.5174909197962796 9
-186.70401614922227 88.90588123700084 -2.5190826377961124 9
-186.86657388681678 88.7893695438086 -2.520351977272426 9
-187.02927778495655 88.67306194054362 -2.5215929267852526 9
-187.19213000129915 88.55696129160043 -2.5230175011633875 9
-187.3551968669681 88.4411625449803 -2.5253424081235463 9
-187.5185872824 88.32582173472544 -2.528609663273132 9
-187.68237193982574 88.21104105969734 -2.531988603085021 9
-187.84652400191385 88.09678525009751 -2.5350164482459627 9
-188.01100603047956 87.98300429649032 -2.5378690074043755 9
-188.17583232598707 87.86972349213057 -2.541123221092112 9
-188.3410506556654 87.75701683373846 -2.544797565792027 9
-188.50665422564037 87.64487708070057 -2.547687265264019 9
-188.67250171313034 87.53309673582791 -2.5491411744289096 9
-188.83844763554256 87.42146204472039 -2.5497968543961727 9
-189.00452820212385 87.3100289756917 -2.551683637206834 9
-189.17089479324613 87.19902447088869 -2.5549255733554306 9
-189.33764902381392 87.08860204471638 -2.5584148723946143 9
-189.50476969746973 86.97873396699288 -2.5615707399390373 9
-189.67221947807687 86.86936858088575 -2.564459345095778 9
-189.8399801524769 86.76048126555904 -2.5672847852400302 9
-190.00804542831767 86.65206426650838 -2.5700714288797184 9
-190.17642580763774 86.54413683070405 -2.5731940046456585 9
-190.3451703707541 86.43678030974574 -2.5768432289098824 9
-190.51432962051732 86.33007855050563 -2.580856519686487 9
-190.68391086687927 86.22404806145137 -2.5847461346364167 9
-190.8538952718902 86.11866458765249 -2.5884841725854577 9
-191.02427124468298 86.0139155350137 -2.5922402028309905 9
-191.19504445211408 85.90981603622498 -2.596098067610123 9
-191.36622090795436 85.80638158206733 -2.5999716940495037 9
-191.53778558215586 85.70359178867936 -2.603610582395981 9
-191.70971115506686 85.601405325147 -2.6070225389455666 9
-191.88200293366367 85.49983724531447 -2.6109683710579987 9
-192.05473869299365 85.39902783265619 -2.6158128264156155 9
-192.227999131651 85.299122776488 -2.621275627114725 9
-192.40179680248798 85.20015356347947 -2.6265650844583037 9
-192.57610489999163 85.10208571815068 -2.631638299622341 9
-192.75090274711027 85.00489447378891 -2.6366378144592133 9
-192.92618390900304 84.90857772090634 -2.64162990857761 9
-193.10194522320197 84.81313915093835 -2.6466812948256395 9
-193.27819733210444 84.71861020031317 -2.6519740720599647 9
-193.4549585575882 84.62503774700843 -2.6575055717756246 9
-193.6322327163363 84.53244070732036 -2.662916958303324 9
-193.80999303676197 84.44077901756245 -2.6680470429496337 9
-193.9882156213614 84.35001857530047 -2.6732045394719264 9
-194.16693956794202 84.26025067493904 -2.679202035307886 9
-194.34623829559638 84.17163497850456 -2.6860693569429666 9
-194.52616954490242 84.0843068419083 -2.693477871692904 9
-194.7067585530346 83.99835091918504 -2.7012864800945904 9
-194.88801089173842 83.91380992284168 -2.7087042030445483 9
-195.0697909356428 83.83040520191713 -2.713734633784306 9
-195.2518895670255 83.74769076912045 -2.7164373382266453 9
-195.43422933452484 83.66551177983044 -2.7203312670977184 9
-195.616992000885 83.58428665308568 -2.7268713288403554 9
-195.80037031504145 83.50445921104478 -2.7351540671366585 9
-195.98439242599227 83.42611879079841 -2.7429942150471613 9
-196.16900247732485 83.3491737413962 -2.7502973096492496 9
-196.35414851712412 83.27353283102819 -2.7571014552337143 9
-196.53978724889276 83.19910836382624 -2.7634215495146495 9
-196.72588169177953 83.12582739513248 -2.7695575755741864 9
-196.91243898196907 83.05373530433334 -2.7762029632841267 9
-197.09948745633704 82.98293427323509 -2.783303636393367 9
-197.287006665191 82.91338994083266 -2.7893236276405537 9
-197.4748870892695 82.84481869226295 -2.793683203433351 9
-197.66303177580147 82.77697199341978 -2.7976374466439085 9
-197.85151678085305 82.71008478895968 -2.8039480114688704 9
-198.0404992094096 82.64461869026347 -2.812610108790337 9
-198.23007474581757 82.58087841833883 -2.821864904639534 9
-198.4202307340444 82.51889174984647 -2.8310818143916627 9
-198.61093364231286 82.45862157634474 -2.8395415946008087 9
-198.80207537315886 82.39975376261518 -2.8457346701771873 9
-198.99351504382525 82.34185193638216 -2.8497971035643683 9
-199.1851931734684 82.28474907388001 -2.8545987757229345 9
-199.3771879620356 82.22873383548377 -2.861124870889552 9
-199.56957377055886 82.17407943435629 -2.868227739909358 9
-199.76230144121484 82.12063047092376 -2.8735975589799176 9
-199.95526842255404 82.06804632043998 -2.8773211588755903 9
-200.14843244592333 82.01619916767025 -2.8816250635609943 9
-200.34185045421978 81.96531140966174 -2.887245544425667 9
-200.53558504388405 81.91563054173258 -2.8940350677748166 9
-200.7296740096746 81.86735246921845 -2.901707719561015 9
-200.9241436733152 81.82064704281193 -2.910064864185284 9
-201.118962633035 81.77542125570248 -2.91644385238037 9
-201.31400732030232 81.73116224145814 -2.9199925427501845 9
-201.50916764044976 81.68741479458188 -2.922485966073158 9
-201.70448134846995 81.64437193337761 -2.9272729288831734 9
-201.90004702475707 81.60249353172985 -2.9342862694859435 9
-202.09591734400334 81.56204897443084 -2.9416002033935116 9
-202.29207298528019 81.52300882071206 -2.948617200787327 9
-202.48848640544796 81.4853006419835 -2.955031392787798 9
-202.6851170996559 81.44873982349336 -2.960284157072725 9
-202.88192005410082 81.41310076986528 -2.9645601527680134 9
-203.07889177475184 81.37840701276396 -2.9702945669583714 9
-203.2760916634485 81.34505953133082 -2.9782148260318433 9
-203.47357151283705 81.3134146611407 -2.9869557834865144 9
-203.6713014903227 81.28334537393515 -2.9941284441908027 9
-203.86922023028086 81.25453767104456 -2.9997846898119325 9
-204.0672877952518 81.22679196053633 -3.005032673497639 9
-204.2654958144986 81.20007725132189 -3.010189882703257 9
-204.46383840151103 81.17437736140425 -3.0152796485998254 9
-204.6623094541056 81.14968439438809 -3.0203412840133157 9
-204.860902831813 81.12599394595144 -3.0253903089061636 9
-205.05961448655265 81.1033188043306 -3.0305886836617817 9
-205.25844335100965 81.0816962396555 -3.0359811041135467 9
-205.45738882145258 81.06117051670391 -3.0416559406926926 9
-205.65645169131523 81.04181627651032 -3.0477563773694105 9
-205.85563318009875 81.02371878455476 -3.0542631466894945 9
-206.0549305797311 81.00693936438059 -3.0609533338956685 9
-206.25433573891223 80.99150614133997 -3.0677681498905116 9
-206.4538391517595 80.97742085427025 -3.0743003862987965 9
-206.65342584905136 80.9645481730617 -3.0799159415749915 9
-206.85307917669425 80.9527095350121 -3.084819020534257 9
-207.05279321044972 80.94195523986313 -3.0910894689784847 9
-207.2525764437139 80.93264312001826 -3.099257290310786 9
-207.45243488845733 80.92509472745053 -3.1083491904608067 9
-207.65235527834392 80.91931225341904 -3.1169144479236466 9
-207.8523178122522 80.91519010069277 -3.1250054951145274 9
-208.05230567131764 80.91269008110498 -3.1332252486850334 9
-208.25230590970833 80.91186150383615 3.1414650404827027 9
-208.45230589989987 80.91273828186029 3.133044876446943 9
-208.65229333270022 80.91524235653235 3.125195027949692 9
-208.8522560675217 80.9192594284519 3.1178985723982566 9
-209.0521842525903 80.92469486388374 3.1109831078619696 9
-209.25207089875835 80.93147865311383 3.104408693920515 9
-209.45190929660288 80.93954897908878 3.098067037061831 9
-209.6516932398359 80.94887771966772 3.0918120707556165 9
-209.85141650960455 80.9594493849909 3.0855734927111746 9
-210.05106717092187 80.97131400556776 3.0787851835737325 9
-210.25062637636657 80.98460083873712 3.0713220344967587 9
-210.45007891439488 80.99939321328547 3.064001147274491 9
-210.64942940216375 81.0155263524104 3.057879706121293 9
-210.8486882069878 81.03276402218582 3.0528120216648205 9
-211.04785600636762 81.05100663483425 3.047635521249292 9
-211.24692209099038 81.07031517703311 3.0421043402499537 9
-211.44587650753294 81.09074396773487 3.036471184286414 9
-211.64471595913147 81.11227234827601 3.0310493788308595 9
-211.84343884397634 81.1348596223892 3.02576865158592 9
-212.0420355661859 81.15852731330301 3.0201046928699222 9
-212.24048742114982 81.18336784048779 3.013951181624836 9
-212.4387795229231 81.20944712735356 3.0077892771739196 9
-212.6369167199023 81.2366922545862 3.0021913840381758 9
-212.83490826116252 81.26499816071266 2.9969100904952866 9
-213.03272892826456 81.2944694289644 2.990195778168105 9
-213.23031534644275 81.32544272451415 2.9817083062382763 9
-213.42762129150898 81.35815093019448 2.973269131317391 9
-213.62468512472336 81.39231480900465 2.9669537850360497 9
-213.82156674313055 81.42752456648748 2.9624111776538724 9
-214.01827769534052 81.463658661351 2.957268256316146 9
-214.21477750990294 81.50090569575802 2.951083327037392 9
-214.4110341723473 81.53941239764272 2.944750585678524 9
-214.6070628922759 81.57908054151842 2.939247872906158 9
-214.80288893044508 81.61975773020423 2.934213015138969 9
-214.99847298278888 81.66157565357518 2.9273143936438055 9
-215.19370823304442 81.70496305720484 2.9181353617613097 9
-215.38852077646501 81.75020689434461 2.909102836802649 9
-215.58298625515704 81.7969486195068 2.902760094943687 9
-215.7772145132708 81.84468124814285 2.8985206017730913 9
-215.97120789312353 81.89334257528753 2.8927715470614084 9
-216.16485935672813 81.9433229475787 2.884894296294105 9
-216.35809373587443 81.99489276559238 2.8770667898974307 9
-216.55098357862042 82.04775911567094 2.8714790849817438 9
-216.74363317333524 82.10150681835334 2.8675386886235277 9
-216.9360260820314 82.15615341679852 2.8617467139522845 9
-217.1280263347726 82.21214489563953 2.8535286437871044 9
-217.3195312369995 82.26981198740785 2.8449498471966352 9
-217.51058753214545 82.3289654336656 2.8380029116877936 9
-217.7012755246724 82.38929900714838 2.8323962358326047 9
-217.89161516421512 82.45071244008874 2.826481276253128 9
-218.08156827096474 82.5133038301757 2.819998980137259 9
-218.27110760568715 82.57713862244385 2.8135784541491695 9
-218.4602560529412 82.64212885946887 2.8078012848996154 9
-218.64904636201763 82.7081559745958 2.8024999201884473 9
-218.83747144110015 82.77521474283363 2.796763703799775 9
-219.0254868539121 82.84340617844947 2.790456150320971 9
-219.213075602827 82.91275991569235 2.7847512469931854 9
-219.40032631746163 82.98302952300209 2.780693590639981 9
-219.58734425956112 83.05392484257032 2.7777001215902204 9
-219.7740870817554 83.12553645913368 2.772715766306211 9
-219.9603775730549 83.19830282447877 2.7653021200617074 9
-220.14610316768616 83.27249946238759 2.7581764449178605 9
-220.3313989269004 83.34777675083996 2.753672202918252 9
-220.51644522148183 83.42367013441037 2.7510735000020374 9
-220.7012384656321 83.50016912284882 2.746758097920455 9
-220.88561093060827 83.57766838450155 2.7402250438548785 9
-221.06943019113498 83.6564752404863 2.7330322785905423 9
-221.25270592925668 83.73654552913548 2.726471242384735 9
-221.43547646930736 83.81776401911641 2.72039696467026 9
-221.61774255350616 83.90010432876826 2.714105253601292 9
-221.79947226863916 83.98361727945513 2.7075035587114202 9
-221.98064734954787 84.06832575830109 2.701067236172984 9
-222.16129890883548 84.15415043216207 2.695174932628654 9
-222.34146180095127 84.2410035313218 2.6894409995987907 9
-222.52105732031018 84.32902047783314 2.682065287817856 9
-222.69991101803677 84.41852486810647 2.6728286530040393 9
-222.87791600030914 84.50970669888103 2.663893247170668 9
-223.055193508332 84.60230491620885 2.6569058765102276 9
-223.23190396222788 84.69598122864824 2.6514663794063082 9
-223.4080954832708 84.790623046632 2.645790977044595 9
-223.58372442157832 84.88630222450504 2.6396665318332486 9
-223.75874962447568 84.98308396926188 2.6332710569798388 9
-223.93314613127927 85.08099586169202 2.6267340753117043 9
-224.10689228594296 85.18005782606751 2.6200646191545887 9
-224.27996884470176 85.28028453578891 2.6133024704200123 9
-224.4523584860484 85.3816864852027 2.606454429455404 9
-224.62405747417804 85.48425262360335 2.5998605623456252 9
-224.79510294385443 85.58790717905939 2.593759061679398 9
-224.96553549240056 85.69256890745426 2.5879518188754407 9
-225.13533256476762 85.7982567351668 2.58162526865889 9
-225.30442306251882 85.90506659008705 2.5747054507297076 9
-225.4727973612385 86.01300070041492 2.568706131995047 9
-225.64062892942164 86.12178199527014 2.564644292162257 9
-225.80810743150977 86.2311088061384 2.561755725808543 9
-225.9751791448537 86.34105228935853 2.5570286656872865 9
-226.14160875589795 86.45196176255574 2.5501719357706167 9
-226.30721701940826 86.56409805370717 2.542655294913494 9
-226.47199540046293 86.67745313907349 2.5354269111779044 9
-226.63596887822348 86.79196737970821 2.5286236966521964 9
-226.7992113909347 86.90751997944774 2.522766283352449 9
-226.9618323024068 87.02394589886657 2.5178969356744862 9
-227.12391589343235 87.14111721445352 2.5134236684769973 9
-227.28547565322916 87.25901025468428 2.5089790894851913 9
-227.44650708962698 87.3776266273751 2.5043341962033256 9
-227.6069271697502 87.49706784041831 2.498654349110871 9
-227.76659767816207 87.61750558750678 2.4918808356304787 9
-227.92543440144595 87.73904080123606 2.485164818832032 9
-228.08349934702352 87.86158293225573 2.4791942187530123 9
-228.24086369714166 87.98502827677552 2.473423491669257 9
-228.3974127177047 88.10950226306572 2.465942695045705 9
-228.55290498496385 88.23528645945068 2.456632060940793 9
-228.70722416528454 88.36250903561636 2.4480080970019507 9
-228.86058068658573 88.49089741325642 2.441513243184423 9
-229.01322236736112 88.62013360719203 2.43662588566582 9
-229.16522601780915 88.75011477779215 2.431595376645279 9
-229.31655516281086 88.88088059138592 2.426270575797326 9
-229.4671455979537 89.01249901026578 2.4202058913962206 9
-229.61686941232873 89.14510181491706 2.4131555549577266 9
-229.76559625647226 89.27882204774019 2.4053693028080287 9
-229.913279669282 89.41369506958596 2.3976547089184463 9
-230.05992711480994 89.54969345974763 2.390077697451531 9
-230.2055597000178 89.6867769829287 2.3828471347323115 9
-230.3502291497207 89.82487712447832 2.3760736886973666 9
-230.49398700218472 89.96392616092682 2.369606555885399 9
-230.6368327349145 90.10391132904189 2.362977164245045 9
-230.77873342590198 90.24485407191482 2.356160569878588 9
-230.9196754341301 90.38675608610691 2.3494938421850553 9
-231.05969113540482 90.52957190405235 2.3431487535916733 9
-231.1988211160271 90.67324836683147 2.3371661545220563 9
-231.33712387047933 90.81772168131653 2.3316693917017206 9
-231.47466819649458 90.96292209521509 2.3266127404964183 9
-231.61140616361493 91.10888432105797 2.3201578471992357 9
-231.74702670948935 91.2558784566642 2.3114027450735595 9
-231.88122270471433 91.40417057613513 2.301497157191062 9
-232.01409516012484 91.5536564806646 2.293744067933098 9
-232.14598347946838 91.70401570236712 2.2882843699901754 9
-232.27710440114134 91.85504014329139 2.2831509602599422 9
-232.40740084569867 92.00677248325437 2.2774176262162755 9
-232.5367854727505 92.15928313248445 2.271248782035858 9
-232.66522772253614 92.31259065278152 2.2650975580239674 9
-232.79272894436323 92.46668442633992 2.2589645674507466 9
-232.9192417298641 92.62159133155252 2.252145502341469 9
-233.04461507396425 92.77741802803425 2.24432105968852 9
-233.168710258543 92.93426156018442 2.2361552625718466 9
-233.29162819499754 93.092032989298 2.2294085549038907 9
-233.41360026169068 93.25054209399958 2.224079887422649 9
-233.53468864351174 93.40972654269898 2.217780441450855 9
-233.6546079640258 93.56978677422188 2.2094728231872764 9
-233.77307774078275 93.7309203792807 2.2003480094464325 9
-233.8902441585937 93.89301007157589 2.1934315792672283 9
-234.00647864237385 94.05577234361346 2.188769424573141 9
-234.12198328667444 94.21904918761992 2.1840170346569274 9
-234.2366223721038 94.3829329546537 2.178198100975814 9
-234.35021967424547 94.54754435397335 2.171306867807153 9
-234.46259028026418 94.71299611444618 2.163328153148007 9
-234.5735463389411 94.87939588151369 2.154366408641658 9
-234.68307300946825 95.04673989291952 2.1466458770737096 9
-234.79148544168194 95.21481200258819 2.1410561343209857 9
-234.8990955846872 95.38339862498064 2.136648719995438 9
-235.00587872988757 95.55250703293154 2.1312001289329934 9
-235.1116430878616 95.72225408663948 2.1246548262186766 9
-235.21625061706646 95.89271902789146 2.117726012947978 9
-235.31966498510033 96.06391001102848 2.110687840050578 9
-235.4218835639669 96.23581496616681 2.104042045691341 9
-235.52308637947948 96.40832098490147 2.0989216197963447 9
-235.62353930207277 96.58126781170688 2.0952303060823363 9
-235.72330179204272 96.75461332922734 2.090468163552542 9
-235.82206243810634 96.92852766661399 2.08370974349221 9
-235.91951706935814 97.10317685656663 2.075962794874391 9
-236.01571663404957 97.27852406579005 2.069413229423669 9
-236.1108770034081 97.454438264072 2.0640781773340677 9
-236.20513442226985 97.63083535025305 2.0589926205991214 9
-236.29848513750434 97.80771370364832 2.0538131032786247 9
-236.39089769579505 97.98508621019752 2.0482563254860695 9
-236.48223813769602 98.16301258011164 2.0417297642362358 9
-236.57232831703794 98.34157262889933 2.03433947694445 9
-236.66116218974665 98.52076153009153 2.0280389143345485 9
-236.7490244896011 98.70043146260004 2.023498183611769 9
-236.83618343002047 98.88044302184721 2.0197927647385665 9
-236.92258575401888 99.06081700253907 2.0150629439778918 9
-237.00803717438097 99.24164440496193 2.0092656318985465 9
-237.09235323253182 99.42300613075237 2.0025397450556537 9
-237.17536655424755 99.60496605287486 1.9949305204986987 9
-237.2569549245113 99.78756750623253 1.9873083193553027 9
-237.3372996866871 99.97072173997387 1.9813588928822292 9
-237.41670867724977 100.15428499262583 1.9769907193829088 9
-237.49532035582467 100.33818910851274 1.972367213232027 9
-237.57300323027303 100.52248642351562 1.9669047277236156 9
-237.64960838900478 100.70723618757063 1.9607400091538727 9
-237.72503134940058 100.89247202481218 1.9541276066470052 9
-237.79918788058424 101.07821627628542 1.9471647225232145 9
-237.87210818443924 101.26444892061636 1.9410378276747244 9
-237.9439991240213 101.45108455569746 1.936110443298161 9
-238.0150220585485 101.63805453055613 1.9312286839421506 9
-238.0849437139296 101.82543566239045 1.9243178955062 9
-238.15337770624893 102.01336122184138 1.9155587687816873 9
-238.22020291662002 102.20186750881507 1.907665296423217 9
-238.28569698580898 102.3908450500418 1.9014379099025314 9
-238.35011551262238 102.58019171757577 1.8958504173234954 9
-238.41336883947181 102.76992711395155 1.8891263653853911 9
-238.47523560513147 102.9601172973934 1.881334971255591 9
-238.53561013723873 103.15078854124624 1.8736358435105709 9
-238.5945559066296 103.34190894752788 1.8663580596019198 9
-238.65213049901556 103.5334476754707 1.8591518077463545 9
-238.70827446826033 103.72540825892774 1.8514348276905594 9
-238.76288837285614 103.91780611358266 1.8433648281324924 9
-238.816061067411 104.11060772602666 1.836753906663963 9
-238.868147873935 104.30371033703098 1.8320966423538065 9
-238.91942889116154 104.49703069231617 1.8276990970479892 9
-238.9696234777337 104.6906310020163 1.8208447142628714 9
-239.01825563353196 104.88462425563321 1.811858844559092 9
-239.06524257241088 105.07902590258969 1.804467179148712 9
-239.11104344529008 105.27371695559121 1.7996503871892746 9
-239.1560460986604 105.46859462039093 1.7954739559599238 9
-239.2000064455975 105.66370433604929 1.7889408373496787 9
-239.24246535670616 105.85914210608706 1.7803602416733941 9
-239.2833267434041 106.05492387555799 1.7731073042434013 9
-239.3229822415916 106.25095803065166 1.7680401533641488 9
-239.36178676063943 106.44716085353122 1.763937860458017 9
-239.39970253170367 106.64353409888622 1.7589744497533328 9
-239.43655786038914 106.84010862702169 1.7531769188954058 9
-239.47222617892737 107.03690368920465 1.7469624222971256 9
-239.5066400402354 107.23392333403504 1.7404329685625344 9
-239.53973244291302 107.43117043763102 1.733530733054238 9
-239.57141742385116 107.62864708514117 1.7261722390260432 9
-239.60160857583145 107.82635434021616 1.7185736392517623 9
-239.63043656765012 108.0242652844309 1.7126648229818537 9
-239.65830761308652 108.22231748131539 1.7089006121147035 9
-239.68552427856886 108.42046234444211 1.7052705378654465 9
-239.71175980309482 108.61873494680466 1.6989897493852852 9
-239.73649637454392 108.8171958485459 1.690480504455128 9
-239.75964119871765 109.01585223834306 1.6834709809197488 9
-239.78162668147448 109.21464535215387 1.6788068667323934 9
-239.8028064386091 109.41352514923676 1.6746697350537736 9
-239.82297511995765 109.61250590126977 1.6686344293878965 9
-239.8417586923486 109.81162126141155 1.6609143456123803 9
-239.85899366999038 110.01087978805427 1.653328390877493 9
-239.8747695298579 110.21025988971103 1.646272624303893 9
-239.88921537198885 110.40973828956027 1.6401401937968514 9
-239.90257991855344 110.60929219672308 1.6354351854892006 9
-239.91513874672268 110.80889954071021 1.63183961319478 9
-239.92687779005908 111.00855592932336 1.6269009528571565 9
-239.93744531895888 111.20827757890152 1.6201063934393767 9
-239.94649743040236 111.4080774054526 1.611884989157388 9
-239.95381641289944 111.60794737707151 1.6027622464307 9
-239.95923189360653 111.80787329666356 1.5930810310724566 9
-239.96287391808656 112.00784022053885 1.5853408056731078 9
-239.96521224785633 112.20783236162971 1.5800418552500493 9
-239.96658445708633 112.40783466656568 1.5748305109832565 9
-239.96664747372333 112.60783560652254 1.5669459363660931 9
-239.96488152324508 112.80782468732717 1.5568896729775152 9
-239.96119457790988 113.00779245954493 1.5481652653001217 9
-239.9559630388078 113.20773061774317 1.5414410192823027 9
-239.94950869439512 113.40763067456014 1.5355050742663485 9
-239.94181170065343 113.60748309690491 1.52900457258201 9
-239.932762298275 113.80727812166825 1.5220336160287407 9
-239.92232811497388 114.0070073751723 1.5152148298353463 9
-239.91055862067347 114.20666395312934 1.5086608179351215 9
-239.89748364863283 114.4062394138361 1.5020114430216025 9
-239.88303439853598 114.60571858515323 1.4948843413523039 9
-239.86712183680964 114.80508502554143 1.4874502395179632 9
-239.8497912619068 115.00433414294224 1.4807781672538871 9
-239.83122585511953 115.20347350799413 1.4750532965113483 9
-239.8115741698966 115.40250796497514 1.4696568643333294 9
-239.79081882823505 115.60142905242952 1.4639587040081814 9
-239.7689027433387 115.80022517541246 1.458029655012489 9
-239.74582285564193 115.99889023320478 1.4522941971636343 9
-239.72163003263242 116.1974236091245 1.446822699898008 9
-239.69635420324772 116.39582198393546 1.4412650122916497 9
-239.6699337374574 116.59407047248028 1.435278662755776 9
-239.64228596664339 116.79215148664974 1.4289068540582437 9
-239.61336038648815 116.99005051120092 1.4223984090854915 9
-239.58313774567893 117.18775601669228 1.4157927275394924 9
-239.55159739953282 117.38525586518635 1.4090487704067396 9
-239.51870849857636 117.5825351356817 1.402128031423427 9
-239.48444240013566 117.77957911867054 1.3951655029051317 9
-239.44886659747095 117.97639122255566 1.388904474628092 9
-239.41213926623269 118.17299194589104 1.3834575993596454 9
-239.3743986815714 118.36939932443906 1.3784804147681988 9
-239.33569666804206 118.56561985027957 1.373663465381238 9
-239.2960572293408 118.76165550237786 1.3687782205806478 9
-239.25534740472108 118.95747143326986 1.3626147823011137 9
-239.21328985879617 119.15299892277906 1.3549981493367569 9
-239.16973011268007 119.34819681270415 1.3478229421191787 9
-239.12497317858134 119.54312722621205 1.3427311496358252 9
-239.07941132057414 119.7378719371903 1.3392786019786878 9
-239.03313825181888 119.93244635486559 1.3351965591389345 9
-238.98597950655514 120.12680627520827 1.330167270960375 9
-238.93780451691612 120.3209177064394 1.3249732277052826 9
-238.88866921418693 120.51478969897073 1.3202701484382013 9
-238.83866741474358 120.70844005885714 1.3159801048209043 9
-238.787841824803 120.9018750193997 1.3117189268539837 9
-238.73619030051725 121.09509065850354 1.307434007108474 9
-238.6836952009845 121.28807882164793 1.302920501844584 9
-238.6302913931197 121.48081814217151 1.2980123918625202 9
-238.57589973253556 121.67328304033596 1.292597758020555 9
-238.52037136943815 121.86542295712088 1.2861406278644756 9
-238.463497649685 122.05716590125114 1.2785760651533187 9
-238.40517426167568 122.24847218557342 1.2714587246926257 9
-238.34564895885507 122.4394114347816 1.266009051207673 9
-238.28522104441913 122.63006911771498 1.2616381083988235 9
-238.22382815368738 122.82041566265056 1.255628209460125 9
-238.1611053491349 123.01032525408934 1.2476458324736441 9
-238.0967732895449 123.19969817960089 1.2390595442214098 9
-238.03085733705905 123.38852804050596 1.2309018132841882 9
-237.9634422781184 123.57682686750934 1.223130563346783 9
-237.8945870027169 123.76460250767663 1.2155634112033598 9
-237.82432935960182 123.9518594017636 1.2081735417690054 9
-237.75265348633604 124.138579606778 1.2001800048186286 9
-237.67937958972206 124.32467638481494 1.1910204017820423 9
-237.60430880975687 124.51005464630776 1.1810321941729518 9
-237.52743338402576 124.69469413030289 1.171635650583707 9
-237.44889502603323 124.8786331087231 1.162987379652365 9
-237.36883509359606 125.06191259152439 1.1550394370071562 9
-237.28738205294206 125.2445770867768 1.1477593671571613 9
-237.2046557899202 125.42666897172393 1.1409789343403345 9
-237.12068586951276 125.60819015060908 1.1340238551716233 9
-237.03543356888773 125.78911192835155 1.1268268678893072 9
-236.94888203974168 125.96941599187576 1.1197294095673702 9
-236.86108179964273 126.14911587305559 1.112954950918521 9
-236.77209342391407 126.32822996316051 1.1064531906581097 9
-236.6819510259712 126.50676560289546 1.1000320990198043 9
-236.5906693169344 126.68472202727631 1.0936696915501019 9
-236.49824732150182 126.86208954821875 1.0871389707244883 9
-236.40464189363627 127.03883430308434 1.0802968168271452 9
-236.30981358051918 127.21492440073618 1.0734408692051793 9
-236.2138683579662 127.39040937893249 1.0676712026531343 9
-236.11701544581888 127.565396586161 1.0630729977425992 9
-236.01938589896324 127.73995076930385 1.0584800570465533 9
-235.9208952227226 127.91401910778605 1.0531857320054032 9
-235.82142678899726 128.08753106755407 1.047284574815447 9
-235.72091046851466 128.26043907851897 1.0411137832536126 9
-235.6193083629198 128.43271148959633 1.0347052922874302 9
-235.51659262733392 128.60432230094312 1.0281947463870877 9
-235.41275994680893 128.77525941633857 1.0216614449054546 9
-235.30781370886538 128.9455147568402 1.0151807205862866 9
-235.20179129924824 129.11510220790117 1.0090124679828312 9
-235.09475302518794 129.28405046536042 1.0031798533551217 9
-234.98676472471686 129.45239264298618 0.9977636051791755 9
-234.87790516201326 129.6201723454169 0.9928093603483551 9
-234.76825439398903 129.78743467500382 0.9883014684943938 9
-234.65788386481466 129.95422308602784 0.9841884622661887 9
-234.54685906769924 130.12057974294586 0.9804335134692828 9
-234.43514257795667 130.28647443128506 0.9754977834791845 9
-234.32244363636914 130.4516986496691 0.9685392745216687 9
-234.20847117466803 130.61604346855407 0.9605966013906087 9
-234.09337170908177 130.77960548812726 0.9550149324198998 9
-233.9775713701582 130.94267653608352 0.9519777869536793 9
-233.86129986038375 131.10540992582924 0.9485091636470254 9
-233.74430370441067 131.26761832692588 0.943029557269877 9
-233.62628223409038 131.42908132102792 0.9361891323714903 9
-233.50720196769322 131.58976890586126 0.9300212295963798 9
-233.38719640894973 131.74977006913002 0.9246375292378252 9
-233.26631107356351 131.90910688528294 0.9186789534389368 9
-233.14437938875102 132.06764042721974 0.9114463425564088 9
-233.02122090706632 132.2252213869485 0.9033917159402848 9
-232.8968323296855 132.3818365684176 0.8958808009288194 9
-232.7713179587468 132.53755542547452 0.8889701122518447 9
-232.6447015406844 132.69237975894936 0.8813985175315532 9
-232.51682062774466 132.84615524729045 0.8725415293475858 9
-232.38751697494948 132.99873187143132 0.8632441054802631 9
-232.2569401919717 133.1502257685293 0.8559525095776841 9
-232.12542028466166 133.30090902077774 0.8507268775038366 9
-231.99309963844695 133.4508882238543 0.8446355303841478 9
-231.8597043850648 133.59990291532102 0.8362873129625006 9
-231.72495097836693 133.7476856563369 0.8269816132836495 9
-231.58900629510083 133.89438162043655 0.8203339046613625 9
-231.45229300741346 134.0403702694907 0.8164196462588639 9
-231.31498846574289 134.18580040200362 0.8113503909105181 9
-231.17674173369588 134.3303242505096 0.8033467127788412 9
-231.03718655066106 134.47358107038357 0.7939210623355736 9
-230.89645736786656 134.61569441822658 0.7871410657828039 9
-230.75496565426016 134.75705576162008 0.7831058606651974 9
-230.61291917786528 134.89785528651916 0.7785443422153928 9
-230.4700977796961 135.03786046359707 0.7720087626145957 9
-230.32626171726832 135.17682068522709 0.7644824084532797 9
-230.18148100402564 135.3148030412741 0.758520769621345 9
-230.03599194945116 135.45204512030693 0.7541381334485077 9
-229.88985837830364 135.58859922343115 0.7484984938969214 9
-229.74279392084043 135.72414162464494 0.7403902162026659 9
-229.59450962113297 135.85834630600675 0.7309873106707427 9
-229.4450677404436 135.9912687008486 0.7232319812882355 9
-229.29471419424536 136.12316369468024 0.7171882532708304 9
-229.143592253956 136.2541732576597 0.7111608635497463 9
-228.99164174838234 136.3842156040884 0.7044524721611731 9
-228.83879397989656 136.51320081007185 0.6975243648323219 9
-228.68510882963605 136.64119101164536 0.691488725373332 9
-228.53071081516077 136.76832474141355 0.6863182955576326 9
-228.37563344011434 136.89462804972538 0.6804451811385873 9
-228.21973687006064 137.01991281428573 0.6732473623131087 9
-228.06288955468352 137.1440021875693 0.665601103868401 9
-227.90518880163148 137.2670107116909 0.6595457795659391 9
-227.7468436493724 137.38919513185206 0.6550289708687012 9
-227.5879160706027 137.5106193001605 0.6494605833527578 9
-227.4281960541491 137.63099038855432 0.6418497962243397 9
-227.2674865175269 137.7500340553186 0.6335656395675658 9
-227.10592814365685 137.86793117701444 0.627682167712058 9
-226.94382210487385 137.9850789090326 0.6241516994010432 9
-226.7813059179171 138.10165216007715 0.6200647433274892 9
-226.61822240975954 138.2174256648037 0.6143464318267635 9
-226.45440026586684 138.33215427161343 0.6075162868160612 9
-226.28979580326325 138.44576084903647 0.600701459234265 9
-226.12442558521815 138.5582477474874 0.5939977167828763 9
-225.9583558068191 138.66969701288207 0.5883684928013837 9
-225.7917385026398 138.78032869689855 0.5841579242447053 9
-225.6247076218946 138.8903361567395 0.5804496408052554 9
-225.4571963552006 138.99960789837192 0.5753184644312656 9
-225.28904732529008 139.10789485206917 0.5687731424007407 9
-225.12016440973105 139.21503716133324 0.5619268238895908 9
-224.95055643296052 139.3210278658618 0.5551646780511161 9
-224.78025133435543 139.42589094743 0.5488288051755656 9
-224.60934214369107 139.52976782493462 0.543617390017643 9
-224.4379493949294 139.63284968061436 0.5394179466139902 9
-224.26609343875216 139.7351570908181 0.5342321318551979 9
-224.09362824576425 139.83642727510735 0.5273888356002006 9
-223.9204226374401 139.9364234960678 0.5200124663769328 9
-223.74656208588286 140.03528331870658 0.5143249867270342 9
-223.57222414939068 140.13330335485543 0.5102284900991587 9
-223.39747534784203 140.23058509897075 0.5054779103623499 9
-223.22220179209035 140.32691304759797 0.49934235511791447 9
-223.04628823154363 140.42206896176708 0.49237363538524664 9
-222.86972363569845 140.5160153582144 0.48562933763478616 9
-222.69254100785142 140.60879119386786 0.4791425940557909 9
-222.51477673412973 140.7004457037856 0.4730151489354122 9
-222.3364723075967 140.79104395989887 0.46727908637931403 9
-222.15766755977486 140.88064906973597 0.46186262319810034 9
-221.9783880851905 140.96930146950987 0.4566320768915659 9
-221.79865293986128 141.05703076768168 0.45151191592854845 9
-221.6184414240712 141.14377825732421 0.44555790152067765 9
-221.43767118452104 141.2293482530785 0.43847866882623554 9
-221.25627823154414 141.3135854121332 0.4313004899369585 9
-221.07435430573364 141.396677379959 0.4258905769926637 9
-220.8920518486882 141.47894536452404 0.42204588564295653 9
-220.70939671146678 141.56042443339248 0.4167400793406765 9
-220.52622193471865 141.6407138483718 0.40906406624770725 9
-220.34238060609408 141.71946050398503 0.4006460242685855 9
-220.15795856377312 141.79685229428037 0.3943731755729589 9
-219.97313103104872 141.87328452824158 0.3899922804737056 9
-219.78792727522875 141.94879432532622 0.38379882477398986 9
-219.60215860791018 142.0228839656056 0.3747085571715536 9
-219.4156568091319 142.09510757291022 0.3645325505943896 9
-219.22849366779715 142.16561837094858 0.3563974909398188 9
-219.0408324602728 142.23479800834417 0.35020000368352505 9
-218.85276456998028 142.3028516400618 0.344132694607236 9
-218.6642761982204 142.36972619199094 0.3376819833848793 9
-218.47534495741905 142.43534426793923 0.3307824042429879 9
-218.2859468307175 142.49960472305065 0.32332385887613774 9
-218.0960575347757 142.56239845753254 0.3153477386044552 9
-217.9056695984302 142.6236647983301 0.307332806357579 9
-217.71479950630226 142.6834120948257 0.2994105379066853 9
-217.52346593591687 142.74165623031445 0.2916193408912929 9
-217.33168970260343 142.79842646704947 0.2840220595885129 9
-217.13949219863278 142.85375620439896 0.27658665568751645 9
-216.9468852463182 142.90764303953426 0.2689700930148887 9
-216.7538673311844 142.96003467106513 0.2610801986245413 9
-216.56044241970264 143.01090080968189 0.25336967180836106 9
-216.36665196653843 143.06036014952846 0.2465532243509271 9
-216.17255046721002 143.10858348767763 0.24058042365226082 9
-215.97817366770042 143.15567918261593 0.2348544500063592 9
-215.78353167925403 143.20167021007066 0.22921997180033085 9
-215.58862673473834 143.24654255876408 0.2231444739514082 9
-215.39342687645606 143.2901074338669 0.21580846378040813 9
-215.19788900357878 143.33211866502668 0.20736546925109703 9
-215.00200702725374 143.37250212989895 0.19941076895406265 9
-214.80582446442693 143.41141430408578 0.19234877049432053 9
-214.60938110162556 143.44899063547317 0.18554184554558764 9
-214.41267673641903 143.48516020962236 0.17803248409610364 9
-214.21569822903948 143.51978630931373 0.17001872564724993 9
-214.01846694651277 143.5529487131302 0.16346975066563849 9
-213.8210496781027 143.58501215994067 0.15887301037544974 9
-213.62350071081212 143.616261199715 0.1545452365872758 9
-213.42578960571748 143.6464393141283 0.14802185555085118 9
-213.22785854332014 143.6751155508031 0.13959869830793104 9
-213.029697803242 143.70218230708227 0.13218672585001695 9
-212.83135986067768 143.72795008467193 0.1264886942941006 9
-212.6328926958612 143.75269610921902 0.12148311565330117 9
-212.4342983991991 143.7763728304885 0.11570999144795656 9
-212.2355643965282 143.79882998173466 0.10934031822423321 9
-212.03669831521566 143.82009984682767 0.10399561290069105 9
-211.83773346795033 143.84044678974408 0.10005843693299564 9
-211.63869896037147 143.8600961994836 0.09663445336086712 9
-211.43959319477025 143.8789910099364 0.0924708684381804 9
-211.2404048174789 143.896984664413 0.08765358449958804 9
-211.04113160082312 143.9140239083141 0.08300533565128207 9
-210.84178278190615 143.93017269326262 0.07871699572809257 9
-210.64236655578668 143.9454755637284 0.07434759791211278 9
-210.4428819826703 143.95983848608455 0.0692891739278214 9
-210.24332559494468 143.97313037326725 0.06380869005261 9
-210.0437083637534 143.98548462192232 0.06021537678589881 9
-209.84405916953943 143.99736267906118 0.05903615244028841 9
-209.64439933860712 144.0090865389342 0.057659155162775116 9
-209.44470601456962 144.0201633771616 0.05253842759698089 9
-209.2449430491551 144.02985331800107 0.04407697409714731 9
-209.04509998434665 144.03782421096503 0.03581911874437523 9
-208.845197914125 144.0442446797768 0.02856159325705195 9
-208.645257734127 144.04928103038446 0.02176712656494382 9
-208.44528963933715 144.0529339000689 0.014720734705659863 9
-208.2453005416262 144.0551527974718 0.007443947716470489 9
-208.0452995264448 144.0559109991682 0.00014108638221174095 9
-207.84529830040978 144.05521045030048 -0.007143505909918792 9
-207.64530817873003 144.053060973234 -0.014310944906108512 9
-207.4453377905673 144.0495026621141 -0.021232648256961285 9
-207.24539509508125 144.04458140188694 -0.028027949588160177 9
-207.0454928748267 144.03823301180103 -0.035634099148685025 9
-206.84564960666359 144.03026337487705 -0.0442510144061962 9
-206.64588442205795 144.0204962430085 -0.05347538370826936 9
-206.44621801323413 144.00887655160332 -0.06280130296511292 9
-206.2466710674174 143.99538988421338 -0.07207634377023842 9
-206.0472500143234 143.9801576450212 -0.0801529751868803 9
-205.84794481169519 143.96345814616197 -0.08679452506124184 9
-205.64874756235383 143.9455302458446 -0.09276605758684432 9
-205.44966472690695 143.92638683495977 -0.0990055722270726 9
-205.25070710990593 143.9059743655052 -0.10552444926856201 9
-205.05188960134348 143.88423175090958 -0.11238903990264479 9
-204.8532317450987 143.86108932558258 -0.11961328474857262 9
-204.65474490104415 143.83653624051652 -0.12625526117217425 9
-204.45640156074174 143.81083475359728 -0.13118435257680677 9
-204.25816410217965 143.78431749157605 -0.1346717750319767 9
-204.06002563519002 143.7570812513282 -0.13869124566888819 9
-203.86201381567128 143.72895773102576 -0.1436344809094855 9
-203.66414533766707 143.69984856359756 -0.14816930637915535 9
-203.46637866189874 143.67003771948902 -0.15072208350882735 9
-203.26865827229474 143.63990164716742 -0.15182671859270494 9
-203.07100124080497 143.60936027272248 -0.15530242682620976 9
-202.8735055289737 143.57782478905312 -0.16189779568052745 9
-202.67624443497243 143.54485622916906 -0.1688169045134275 9
-202.47916074256094 143.5108126496974 -0.17278852456807145 9
-202.2821633851945 143.47625967010183 -0.17437897839879166 9
-202.08524399520857 143.44128145371482 -0.1776121309649497 9
-201.88848579914696 143.40542892025658 -0.1832694435857607 9
-201.6919589883039 143.36832586808552 -0.18975921550141975 9
-201.4956540900051 143.3300464040131 -0.19523863171314995 9
-201.2995411352984 143.2907819576664 -0.19999158338887862 9
-201.10363915417716 143.2504870004002 -0.20600133486750075 9
-200.90802089347952 143.20885622864424 -0.21364765300755267 9
-200.71274520708582 143.1656485016882 -0.22170304183790596 9
-200.5177976121386 143.12096400491683 -0.22877398807556337 9
-200.32314625091453 143.07498585165615 -0.23522464393792528 9
-200.1288341892109 143.0276030114655 -0.24352297341106988 9
-199.9349853211727 142.9783871277634 -0.2541311222372796 9
-199.74169386102503 142.92702513410342 -0.26496550308483435 9
-199.5489083128946 142.87377068735057 -0.2737186603342492 9
-199.3565402385909 142.819021106414 -0.2806990880449757 9
-199.164563910182 142.7629292650255 -0.28794301197938216 9
-198.97302023745877 142.70538828245265 -0.29582247904568604 9
-198.7819438397304 142.64631180785088 -0.30381039667403975 9
-198.59132890132918 142.58575414771516 -0.3113362422342089 9
-198.40116017936452 142.52380310479458 -0.3185271466983407 9
-198.21145527085193 142.46044982910493 -0.32620126227007146 9
-198.02226616095544 142.39558426117304 -0.334505450942974 9
-197.8336165930556 142.32917192452518 -0.3421352683259317 9
-197.64540546438639 142.26151427596508 -0.34770746292853344 9
-197.45750599064402 142.1929820256279 -0.35183007122430643 9
-197.26996050742488 142.12349447623876 -0.35833669160286064 9
-197.08298595132453 142.05250489320017 -0.36789876752069034 9
-196.8967457990715 141.97960760283325 -0.3778833333322645 9
-196.71114998453294 141.90506694892167 -0.3855501125256357 9
-196.52604630492735 141.829311112063 -0.39118581136271935 9
-196.34135893929496 141.7525576660376 -0.396561129301013 9
-196.157090049851 141.67480916242062 -0.40198048307581624 9
-195.9732451936014 141.59606054715678 -0.4074139823428188 9
-195.78982942395015 141.51631529415087 -0.41283128712335604 9
-195.60684769823922 141.4355789210637 -0.41823646481062177 9
-195.42430572182707 141.35385402896296 -0.42365305873308196 9
-195.2422099548996 141.27114027576545 -0.42908516500657434 9
-195.0605658898354 141.18743929693727 -0.4344978659274836 9
-194.87937499204983 141.10276120534135 -0.4398559761201373 9
-194.69863819554647 141.01711728847147 -0.445191749170448 9
-194.518367495856 140.93049683379732 -0.4506980337382547 9
-194.3385859500337 140.84286712876897 -0.45640715079192723 9
-194.15930250687688 140.7542234085577 -0.46183441635100897 9
-193.9804680419377 140.66467596357327 -0.466498215793039 9
-193.8020202076745 140.57436107985453 -0.4704852139793957 9
-193.62392448810715 140.48335531078877 -0.47430923145226306 9
-193.44617401340065 140.39167587505617 -0.4780550096779112 9
-193.26878181349863 140.29930318506774 -0.4823056826879089 9
-193.09183490549904 140.20608220085384 -0.48763563781004443 9
-192.91543590213738 140.11182959594097 -0.49387157357821027 9
-192.73962708219656 140.0164784547028 -0.4999945331084262 9
-192.56439120974335 139.92007669169132 -0.5058384699211531 9
-192.38971350410418 139.8226676343088 -0.5115628625044748 9
-192.21559870065386 139.7242575432634 -0.5173228808161777 9
-192.04205536179074 139.6248451232554 -0.5230657105902632 9
-191.8690709261372 139.52446283214152 -0.5284832942518607 9
-191.69661214595135 139.42317618200462 -0.5335260142902428 9
-191.5246782197452 139.32099835614397 -0.5391325293052266 9
-191.35339778303054 139.217733834153 -0.5462064769977422 9
-191.18292348969376 139.1131484471863 -0.5543335143219578 9
-191.01324614875074 139.00727070199596 -0.5611342934482884 9
-190.84419941604708 138.90038416626015 -0.5662303734926926 9
-190.67564897265544 138.79271962547992 -0.570718814791384 9
-190.507608749174 138.68426415543524 -0.5756424915978907 9
-190.34012724755343 138.5749480325202 -0.5809385693648578 9
-190.173229157885 138.46474138890224 -0.5862506603283135 9
-190.00691621767322 138.35365277429113 -0.5915228484230333 9
-189.84119158624242 138.24168865309403 -0.5968194369670616 9
-189.6760674280737 138.12884154323098 -0.6022010037615149 9
-189.5115570368505 138.01510207793112 -0.607616162535169 9
-189.34765186323676 137.90049181780424 -0.6127748674100026 9
-189.18432241130668 137.78506198159073 -0.6176319814507782 9
-189.02154607585334 137.66885376998462 -0.6223884224518433 9
-188.85932966997075 137.55186573575963 -0.6272321870624123 9
-188.6976866414752 137.43408680417812 -0.6321452893152143 9
-188.536622837133 137.3155167267656 -0.6370266877959266 9
-188.3761368460444 137.19616559222447 -0.6418608248019227 9
-188.21622818522133 137.07604216915078 -0.6466789767658178 9
-188.05690098019147 136.9551486679603 -0.6515102123291477 9
-187.89816040516308 136.83348581452987 -0.6563523885066357 9
-187.74001076748297 136.71105573209312 -0.661193136932343 9
-187.58245555082388 136.58786187162036 -0.6660306623283447 9
-187.42549808419298 136.46390765534224 -0.6708649130189533 9
-187.26914123764317 136.33919619980452 -0.6756958110933368 9
-187.11338896482872 136.21372919546135 -0.680575286690712 9
-186.95827006922445 136.08748008731547 -0.685789623419982 9
-186.80383686274877 135.96039559960366 -0.6913823623501104 9
-186.6500988445142 135.83247254966858 -0.6963675467812696 9
-186.4969017898208 135.7038992044137 -0.6998412087635341 9
-186.34406426654033 135.57489560661497 -0.7022941331299256 9
-186.19163470273585 135.44541220563985 -0.7064179487767726 9
-186.03987812331022 135.31514541347008 -0.7126208110511754 9
-185.88898362939202 135.18388016098444 -0.7190055588866474 9
-185.7388257143499 135.0517683969166 -0.7238418886692901 9
-185.58921167637132 134.91904045185848 -0.727399605277256 9
-185.44007492023468 134.78577939199005 -0.7311489150619255 9
-185.29146725018 134.6519300192905 -0.7353117198395315 9
-185.14343289749172 134.51744595622256 -0.7396153638706114 9
-184.9959709968908 134.3823334025122 -0.7438129006615386 9
-184.84907059165243 134.24661033390325 -0.7479201668574221 9
-184.70272816615218 134.1102862668777 -0.7520224748103199 9
-184.55694715878002 133.9733628123702 -0.7561325767910774 9
-184.41172315925905 133.83584932163348 -0.7600839604904827 9
-184.26702176441682 133.6977848733145 -0.7637264384606942 9
-184.12280693462196 133.55921009224954 -0.7672735260122379 9
-183.97915015663742 133.42005748856664 -0.7718772025859526 9
-183.8362231173294 133.28015882406223 -0.7777084345675003 9
-183.694119899257 133.13942393463813 -0.7830848486700768 9
-183.55263476849044 132.99806427950767 -0.7864968390465439 9
-183.4115045471271 132.85634912123422 -0.7884093586872938 9
-183.27069953348524 132.71431310602617 -0.7913196051889232 9
-183.13040698413553 132.57177286236882 -0.7955979804983422 9
-182.9907779595019 132.42858143586767 -0.8003276555050151 9
-182.8518004455256 132.2847559052476 -0.8046894772744846 9
-182.71342666818686 132.14034932119708 -0.808749602506734 9
-182.5756418987986 131.9953815307504 -0.8128608309910935 9
-182.43846200622772 131.84984163679295 -0.8170752534911293 9
-182.30190009949627 131.70372146011675 -0.8213129391460552 9
-182.16595499011123 131.55702698599723 -0.8255029143832949 9
-182.03062241507513 131.40976724465256 -0.8296528355713504 9
-181.89590190976682 131.26194748417527 -0.8338030562662104 9
-181.76179651632697 131.11356946090288 -0.8379595733243305 9
-181.62830990465974 130.9646344271914 -0.8421314270855952 9
-181.4954475526948 130.81514227625308 -0.8463266373854025 9
-181.36321515732774 130.66509275097505 -0.8505382388960571 9
-181.2316145813126 130.5144887606785 -0.8547289784361864 9
-181.10064415796987 130.3633361294795 -0.858893509358801 9
-180.97030521590116 130.21163833958653 -0.8630893968303741 9
-180.8406104335992 130.0593899781142 -0.8673674031508196 9
-180.71157298077426 129.90658526833025 -0.8716528173460709 9
-180.58316479247978 129.7532511679931 -0.875551145897624 9
-180.45531997233599 129.59944466766166 -0.8790061334414461 9
-180.32803281303566 129.44517463674188 -0.883158277916433 9
-180.20152026297754 129.29027196002582 -0.8890073960248006 9
-180.0760355109364 129.13453859297607 -0.8960479485375373 9
-179.95155532401284 128.97799824499094 -0.901628341656077 9
-179.82780383947696 128.82087729290177 -0.9053671155440538 9
-179.70459186009796 128.66333367401694 -0.9090312314738657 9
-179.5820755433142 128.50525218098562 -0.9141605324400032 9
-179.46047808877043 128.34646440770456 -0.9203789364346391 9
-179.3398151907021 128.18696266198168 -0.9257267659831244 9
-179.21991369733396 128.02688551375758 -0.9299236741955307 9
-179.10064010827284 127.86634110978598 -0.9338156190511847 9
-178.98202752954018 127.70530958682754 -0.9381347196916141 9
-178.8641422151209 127.54374547751195 -0.9427383509999752 9
-178.74697060589304 127.38166201753796 -0.9468885680735374 9
-178.63042685646127 127.21912560964581 -0.9504808149847389 9
-178.51444672955756 127.05618692436003 -0.953946331014754 9
-178.3990522975431 126.89283372360082 -0.9576561838264986 9
-178.28428200406927 126.72904175497867 -0.9615137090224257 9
-178.17011943111822 126.56482517777386 -0.9650208249526077 9
-178.05649861884822 126.40023283821742 -0.9681072932454645 9
-177.9433680764505 126.23530339140898 -0.9710587784238474 9
-177.83073409653645 126.07003481971617 -0.9741204366996683 9
-177.71861525307466 125.90441645445011 -0.9772734218949423 9
-177.60701939027885 125.73844505584722 -0.9804207570892959 9
-177.49594467622924 125.57212408362432 -0.9835492274760945 9
-177.38540868072016 125.40544440721945 -0.986997160658704 9
-177.27549908963567 125.23835134243592 -0.9910543636662811 9
-177.16631674258525 125.07078177627098 -0.995639626530378 9
-177.05791647169949 124.902704729202 -1.000336558647153 9
-176.95031169619557 124.73411814597715 -1.005085809369651 9
-176.8434861543464 124.56503779955239 -1.0094168888374002 9
-176.73732385986617 124.39553885264117 -1.012928765811396 9
-176.63169861758826 124.22570241817341 -1.0160040390872787 9
-176.5267091256079 124.05547321202225 -1.020591370150791 9
-176.4226555859245 123.88467373857046 -1.0269610237429214 9
-176.31973739419027 123.71318755509762 -1.0333065986646153 9
-176.2177741841345 123.54112824129024 -1.038098622136834 9
-176.1165150625864 123.36865225196085 -1.041752897575667 9
-176.01595378627297 123.19577082041289 -1.0463729786095948 9
-175.9163023995314 123.02236560677215 -1.052249791835709 9
-175.81771691360953 122.84835107741169 -1.0583284685913914 9
-175.72013035251177 122.67377247067586 -1.063721631691799 9
-175.6234281157315 122.49870280188931 -1.0684682155970795 9
-175.5275171308364 122.3231995971446 -1.0727626696336539 9
-175.43232345608732 122.14730661834317 -1.0766322422718444 9
-175.33778520341698 121.97106070077544 -1.0802635637666467 9
-175.24388016686672 121.79447621248501 -1.0838127095224956 9
-175.15059884666493 121.6175605818386 -1.087404599188675 9
-175.05800751022895 121.44028307579995 -1.0916637257167257 9
-174.96623944622488 121.26257920500898 -1.0966741590743667 9
-174.87537747458833 121.08441033461241 -1.1015919242709675 9
-174.78532134131996 120.90583154714497 -1.1057152043539695 9
-174.69593645438275 120.72691550340453 -1.10920798139489 9
-174.60718703179495 120.54768428746158 -1.1128863683170929 9
-174.51912446806574 120.36811536133814 -1.1168610965748103 9
-174.43177929817395 120.1881963026186 -1.1207547314595818 9
-174.34509952991726 120.00795498801183 -1.1242543837571468 9
-174.2590196924686 119.82742593375472 -1.127492002674073 9
-174.17355484736152 119.64660539779129 -1.1311224066916605 9
-174.08879095021143 119.46545595858532 -1.1352338635951449 9
-174.00478952476308 119.28395162099683 -1.1394051233571643 9
-173.9215194047071 119.10210980126817 -1.1432880540697063 9
-173.83893431228537 118.9199551146265 -1.1470280838308466 9
-173.75707754087674 118.73747245981318 -1.1513437296959643 9
-173.67607098812343 118.55461188186004 -1.1563306208488824 9
-173.59598982268992 118.37134401564417 -1.1612232148240498 9
-173.51673945891415 118.18771431918192 -1.1653923560959145 9
-173.43819297592458 118.00378246279723 -1.168960528654457 9
-173.36029839622518 117.81957434952034 -1.172529320205813 9
-173.28306927678616 117.63508635452372 -1.17617981256571 9
-173.20652369280353 117.45031328597517 -1.1799453359818635 9
-173.13068762983144 117.26524799351064 -1.1838532337219636 9
-173.0555846089213 117.07988453157814 -1.1877824140655273 9
-172.9811625137021 116.89424650172577 -1.191139383849214 9
-172.90730326284543 116.70838327409746 -1.1938461441923176 9
-172.83392686342063 116.52232901880039 -1.196516558397591 9
-172.7610910017612 116.33606302563331 -1.1996514259079138 9
-172.68887961413807 116.14955412418732 -1.203159430176201 9
-172.61731988316092 115.96279382609237 -1.2065941883707827 9
-172.5463895642148 115.77579339695173 -1.2098963334177857 9
-172.4760720274553 115.58856186712228 -1.2131765043440186 9
-172.40637542691135 115.40109839170483 -1.2165247519355709 9
-172.33731348748714 115.21339995084583 -1.2199491970300747 9
-172.26890522049175 115.02546222866918 -1.2234893543102354 9
-172.20117422854844 114.837279784016 -1.2271495637826038 9
-172.13411941248174 114.64885565493788 -1.2305588366832427 9
-172.0676551363589 114.46022184677572 -1.2334161555081369 9
-172.00168599850673 114.27141369373994 -1.2359558487088136 9
-171.9362642012272 114.08241563773456 -1.2393158350606561 9
-171.87156991458622 113.89316799878425 -1.2436454712049307 9
-171.80774519126928 113.7036247065743 -1.248310561720397 9
-171.74478840864322 113.51379081323685 -1.2527984417099691 9
-171.682667017133 113.32368227608654 -1.2570959844924767 9
-171.6213396302525 113.133316416934 -1.2611390517172099 9
-171.5607572245883 112.94271173631824 -1.2649200866012806 9
-171.5008920504521 112.75188026177365 -1.2687559986555739 9
-171.44178914850363 112.56081200029972 -1.2729020981782524 9
-171.38350181931713 112.36949438223232 -1.2771589540609758 9
-171.3259563861543 112.17795186054165 -1.280565404676774 9
-171.26896971803592 111.98624080167517 -1.2829993909206034 9
-171.2124546782535 111.79438974018574 -1.2859196033156588 9
-171.15665959145664 111.60232992959361 -1.2904954201789156 9
-171.10188965154245 111.40997616764739 -1.2963432932612597 9
-171.0482067278613 111.21731445096341 -1.301623656735666 9
-170.99546358234235 111.02439196283913 -1.3060979793207088 9
-170.9435484909388 110.83124573028725 -1.3103848598693038 9
-170.8924917415232 110.63787201642928 -1.3149776886956361 9
-170.842350248028 110.44425936969236 -1.319789730486252 9
-170.7931256558488 110.25041093492422 -1.3244069956951898 9
-170.7447722901594 110.05634235443965 -1.3287774327260407 9
-170.69727920352122 109.86206116322698 -1.333423248270704 9
-170.6507565487 109.6675464681857 -1.338758696108578 9
-170.60533337621976 109.47277293680807 -1.3446094168647964 9
-170.5610273075169 109.27774133852692 -1.350148447828547 9
-170.51776099743978 109.08247468875723 -1.3552719382091767 9
-170.47550907473888 108.88698546765593 -1.3607651528933025 9
-170.4344287301465 108.69124883138025 -1.367246063521217 9
-170.39470002810276 108.49523516296225 -1.3743096127964691 9
-170.35624395250534 108.29896613721662 -1.3800540053121997 9
-170.31876222829985 108.10250683688835 -1.3842411336388072 9
-170.28202767840494 107.90590771764882 -1.3879813478858347 9
-170.2460701578052 107.70916653235994 -1.3921401872266572 9
-170.21096921206535 107.51227083545734 -1.3966320068594207 9
-170.17674994934896 107.31521917698888 -1.401058097677646 9
-170.1433916555562 107.1180193626017 -1.4053689312487796 9
-170.11088561981654 106.92067729501979 -1.4097539859928572 9
-170.07926717643244 106.72319169065118 -1.4143601458342994 9
-170.04857470634212 106.5255606668878 -1.4190280291922401 9
-170.0187445753222 106.32779724304261 -1.4230185006004337 9
-169.98962756208937 106.12992694051374 -1.4262410425362857 9
-169.96111227271678 105.93196939172414 -1.4292649746427457 9
-169.9332196707597 105.73392370692665 -1.4325299691818338 9
-169.90599510259122 105.53578518919859 -1.4359659582126907 9
-169.87943916523355 105.33755562693487 -1.4392491081104688 9
-169.85351498978125 105.13924223830563 -1.4423395171497384 9
-169.8281949138033 104.94085094700444 -1.4453824838255591 9
-169.80348506332786 104.74238290961895 -1.4484898361583403 9
-169.77939765576542 104.54383841173397 -1.4516407616180418 9
-169.75593160237432 104.34521941959851 -1.4547393476589228 9
-169.73307470458298 104.14652930275638 -1.4577742801842628 9
-169.71082476219559 103.94777032035746 -1.4608898306985603 9
-169.6892131926288 103.74894098116394 -1.4641966551166843 9
-169.6682777680866 103.5500391240001 -1.4676823213831638 9
-169.6480483740333 103.35106412764546 -1.4712896650518166 9
-169.62854831175744 103.15201665554056 -1.4750097741645287 9
-169.60976964578535 102.95290005367862 -1.4784111846822279 9
-169.5916037061217 102.75372624757033 -1.481163676625499 9
-169.57392549127954 102.55450849774404 -1.483374848903343 9
-169.5566786715182 102.35525327242308 -1.4855374177385678 9
-169.53986405029983 102.15596138864596 -1.4877109108664754 9
-169.52345954983386 101.9566353916787 -1.4895535404976148 9
-169.50736335978627 101.75728398072746 -1.490804470355926 9
-169.4914664765562 101.5579163930638 -1.4916986847200258 9
-169.47580992603844 101.35852999819612 -1.4933098194546968 9
-169.4605593407276 101.15911230899552 -1.4957684600374508 9
-169.44585180606708 100.95965344177783 -1.4986256846527866 9
-169.43171987720194 100.76015289801292 -1.501539585529467 9
-169.41816798105805 100.56061248526889 -1.5043251339388495 9
-169.40508233034834 100.3610409408738 -1.5061380825488846 9
-169.39225107142204 100.1614527506919 -1.5068769611821147 9
-169.37950076292913 99.96185964695061 -1.507115375730816 9
-169.36679165093295 99.76226390360671 -1.507289770702167 9
-169.35411961367183 99.56266539249121 -1.5076283884209558 9
-169.34162625994446 99.36305566894157 -1.5091716653629572 9
-169.32957402540794 99.16341939313324 -1.5120437655255803 9
-169.31816568275795 98.96374508448882 -1.5153676403239735 9
-169.30739958747554 98.76403439515599 -1.518476528194445 9
-169.29723874753844 98.56429137902697 -1.521523384899849 9
-169.287743760462 98.36451601132202 -1.5252039960170838 9
-169.2790560154414 98.16470489060947 -1.5295995660342958 9
-169.27125163888218 97.96485723909203 -1.5337745924828272 9
-169.26418878292966 97.76498105426899 -1.5370202529946055 9
-169.25768849114408 97.56508578721963 -1.5395115036052216 9
-169.2516831091049 97.36517573548544 -1.5420408781561428 9
-169.2461968994754 97.16525094081278 -1.5447059744341851 9
-169.24126736122082 96.96531137105049 -1.547651248565338 9
-169.2369656276497 96.76535716614491 -1.550985721569346 9
-169.2333688701739 96.5653885995017 -1.5546912347219455 9
-169.2305427381975 96.36540758723588 -1.5586858251328903 9
-169.22854337005884 96.16541739785305 -1.5629546222869224 9
-169.22735274585244 95.96542118685974 -1.5664804124895524 9
-169.2267164961246 95.76542161941832 -1.5684984627782799 9
-169.2263470734703 95.56542118547394 -1.5693737181052547 9
-169.2261884412315 95.36542109463312 -1.5707492087019983 9
-169.22637484453213 95.16542150408357 -1.5728205231808488 9
-169.22699141099366 94.96542257471359 -1.5748337801447632 9
-169.22794821169776 94.76542457907415 -1.5762228777173621 9
-169.229124786547 94.56542780155883 -1.5771018420521814 9
-169.2304729681261 94.36543235427197 -1.5779835442814643 9
-169.23200397821753 94.16543820788553 -1.578930981667707 9
-169.23374320409255 93.96544560264232 -1.5801149016375955 9
-169.23575566127573 93.7654556532921 -1.5816634237794656 9
-169.23810798708308 93.56546956483542 -1.5834130085682632 9
-169.24076318611097 93.36548715491331 -1.5846285765668122 9
-169.24359919454815 93.16550710231117 -1.5852233693121738 9
-169.24652370451457 92.96552842192557 -1.5856414599749316 9
-169.24954744605753 92.76555130934683 -1.5862158083475062 9
-169.25270066120243 92.56557618615449 -1.5869201876291263 9
-169.25599697898386 92.36560332326268 -1.5876367945707677 9
-169.25943639365502 92.16563286790314 -1.5883509608201636 9
-169.2630124411686 91.9656648315685 -1.5889793759994482 9
-169.26669933591808 91.76569880428858 -1.5894596151777556 9
-169.2704686163855 91.56573431282246 -1.5898221500676433 9
-169.27431111275342 91.36577122390962 -1.5902037664379027 9
-169.27823347915196 91.1658096831625 -1.5906210568894448 9
-169.28224369311644 90.96584987387752 -1.59108579896858 9
-169.28635246218815 90.7658920732692 -1.5916068126276588 9
-169.29056901841386 90.5659365326442 -1.5921315169167438 9
-169.29486931898128 90.36598276826037 -1.5924240042808266 9
-169.29920204358325 90.16602969380587 -1.5924567829751577 9
-169.30352945288985 89.9660765109423 -1.592427716326144 9
-169.30785967387192 89.76612339616607 -1.5924849078818304 9
-169.31220886728573 89.5661706961674 -1.5926000508422686 9
-169.31657528519943 89.36621836787072 -1.5926461981449238 9
-169.32094250533615 89.16626604882994 -1.5926089961670975 9
-169.3253075806504 88.96631367721662 -1.5926797121157321 9
-169.32971189219623 88.76636217936478 -1.5930014557477492 9
-169.3342034320833 88.56641262994987 -1.5935169191308425 9
-169.3387939447214 88.36646531155785 -1.593969192067612 9
-169.34346547297199 88.16651985773272 -1.5943276003042226 9
-169.34820385281537 87.96657598493036 -1.5946563410727836 9
-169.3530097961955 87.76663373475779 -1.595003430468785 9
-169.35788666445967 87.5666932058947 -1.5953608785046984 9
-169.36283276668195 87.36675437282317 -1.5956928787251505 9
-169.36784227481235 87.16681710832799 -1.5959954924099702 9
-169.3729146526338 86.96688142477241 -1.596343160219478 9
-169.3780666090605 86.76694778868689 -1.5967915417973342 9
-169.38331525611233 86.56701667667949 -1.5972619352724862 9
-169.3886279525734 86.36708724620001 -1.5974017493465513 9
-169.39393131356965 86.16715757441688 -1.5971700245559761 9
-169.3991728503745 85.96722628255185 -1.5968705622092865 9
-169.4043704460988 85.76729382586203 -1.596730459420688 9
-169.40955325773646 85.56736095659663 -1.5966793215993547 9
-169.41470594530225 85.36742731950989 -1.5964018459399139 9
-169.41977673335705 85.16749165249811 -1.595861009567207 9
-169.42472675336612 84.96755299157049 -1.5952489911598455 9
-169.42956165113256 84.76761140701645 -1.5947094165473559 9
-169.43429528742433 84.56766718176998 -1.5942260215636477 9
-169.4389312346125 84.36772071785418 -1.5937259704437612 9
-169.443464641728 84.16777251461801 -1.593200642136783 9
-169.44789269510733 83.96782256111318 -1.5926812741436964 9
-169.4522198562479 83.76786921270617 -1.592191219685949 9
-169.45645125058576 83.56791080894004 -1.591710358630565 9
-169.4605791668942 83.36795076350843 -1.591148531025091 9
-169.46458539631396 83.16799664150983 -1.5904970023496832 9
-169.4684826759303 82.96804887703905 -1.5901832161064906 9
-169.47238322943463 82.76808481684068 -1.5905265217315359 9
-169.47640641269044 82.5680814868536 -1.591200660486072 9
-169.48046410103802 82.36808600193378 -1.5907468904257058 9
-169.48429841586537 82.16820281365844 -1.5890047145556916 9
-169.48789213672674 81.96843346730878 -1.5893238520615833 9
-169.4920099281206 81.76844659924828 -1.5941976228520784 9
-169.49743310516567 81.56790486649756 -1.6000285623340056 9
-169.50266479155246 81.36745918040435 -1.5909247418613914 9
-169.50434449890525 81.16856886597614 -1.5647778309610203 9
-169.50241378164824 80.97125889027174 -1.5680295941571714 9
-169.50749816805373 80.77091336614383 -1.6337476131482251 9
-169.53032726833587 80.56287125884275 -1.705296376934569 9
-169.54847528136543 80.35687446103124 -1.567860425786698 9
-169.51246233851478 80.1744173241366 -1.1238076191702946 9
-169.39591442062087 80.02695544922689 -0.7345900016141257 9
-169.22911558223117 79.90132843805438 -0.5914347136331237 9
-169.05055921726918 79.78080921459565 -0.6238862163932853 9
-168.88989271492477 79.6525141394292 -0.7180825455001619 9
-168.744232147052 79.51769386986142 -0.7673271333116242 9
-168.60321728583003 79.38084738655776 -0.7646278073222317 9
-168.4579880429096 79.24582348347937 -0.7355607049476781 9
-168.30836572226931 79.11270828719486 -0.7210652939003009 9
-168.15728727476412 78.98023754838118 -0.721069657135809 9
-168.0074141636394 78.84726306768562 -0.7299143722089391 9
-167.8587896949225 78.71374001159352 -0.7328079711798774 9
-167.71002630446205 78.58022655593805 -0.7289172971511721 9
-167.55985344393108 78.4472367195967 -0.7215347321694426 9
-167.40914374342066 78.31446533968408 -0.7249574007181715 9
-167.26051390162462 78.18094062230522 -0.7410428876861965 9
-167.11647325468536 78.04572955565875 -0.7650377586913425 9
-166.97434753326408 77.90980648098909 -0.7536843569951359 9
-166.82523664987883 77.77643658386437 -0.6993280055154965 9
-166.66003722515134 77.64895500884502 -0.6169704934187357 9
-166.4846168429486 77.52474967633466 -0.6404406356769766 9
-166.3315397034507 77.3906032598429 -0.8355610721427253 9
-166.23612553977847 77.23220384784362 -1.2667688781021182 9
-166.21730365073324 77.0419718318166 -1.6186202948234503 9
-166.2401384612033 76.83445237708797 -1.7050402433376852 9
-166.26040582929394 76.62799840530218 -1.6218941711268295 9
-166.26414616030658 76.42840311756352 -1.566680234885193 9
-166.26288468321357 76.23088356919055 -1.5723709933704844 9
-166.26579263176316 76.03163371834364 -1.5955469794952872 9
-166.27169134943583 75.83114270488696 -1.6021513149867346 9
-166.2774056945008 75.6307282056576 -1.5957870986479235 9
-166.28193345898848 75.43080613475848 -1.5918196907964073 9
-166.28610212288243 75.23103308981533 -1.5922205602287258 9
-166.29057014177062 75.03113581320628 -1.5938714877055498 9
-166.29525288474338 74.83114942657289 -1.594347649847604 9
-166.29992238767198 74.63116853452775 -1.593888733296877 9
-166.30450669844492 74.43122299703855 -1.5936038755643698 9
-166.3090652277943 74.23128815878225 -1.593632619843817 9
-166.31364525009184 74.03134440099852 -1.5937510824572594 9
-166.3182406886744 73.83139424548918 -1.59378527868496 9
-166.322835176507 73.63144448453802 -1.5937523194969943 9
-166.32742354784367 73.43149726191783 -1.5937318677848562 9
-166.33201006820147 73.23155080744854 -1.593733931512802 9
-166.3365981316935 73.03160371258075 -1.5937424363263264 9
-166.34118730201135 72.83165615838153 -1.593744891493288 9
-166.3457764040578 72.63170863251392 -1.5937425250520878 9
-166.35036506695857 72.43176128888943 -1.5937410566832648 9
-166.35495359696432 72.23181400041466 -1.593741204844847 9
-166.35954223775965 72.031866665961 -1.593741815445982 9
-166.36413095801947 71.83191929852903 -1.5937419917137559 9
-166.36871967337746 71.63197193313152 -1.5937418218144945 9
-166.37330835720718 71.43202458081828 -1.5937417163947418 9
-166.37789703149613 71.23207723246459 -1.593741727034872 9
-166.38248571373984 71.03212988080973 -1.5937417708752581 9
-166.38707440168903 70.83218252678716 -1.5937417835318226 9
-166.3916630892865 70.63223517291088 -1.5937417713347193 9
-166.3962517746206 70.4322878199738 -1.5937417637671045 9
-166.40084045926992 70.23234046732101 -1.5937417645322165 9
-166.4054291444906 70.03239311443119 -1.5937417676809087 9
-166.41001783012115 69.83244576137139 -1.5937417685906061 9
-166.41460651572658 69.63249840832229 -1.593741767715838 9
-166.41919520116977 69.43255105534043 -1.5937417671735787 9
-166.423783886564 69.23260370237898 -1.5937417672297267 9
-166.4283725719995 69.03265634940051 -1.5937417674569512 9
-166.4329612574646 68.83270899640985 -1.5937417675232148 9
-166.4375499429281 68.63276164342017 -1.5937417674612626 9
-166.44213862838015 68.43281429043512 -1.5937417674236023 9
-166.446727313829 68.23286693745152 -1.5937417674293846 9
-166.45131599928112 68.03291958446671 -1.5937417674467382 9
-166.45590468473543 67.83297223148101 -1.5937417674508985 9
-166.46049337018934 67.63302487849559 -1.5937417674450027 9
-166.46508205564243 67.43307752551028 -1.5937417674436596 9
-166.46967074109585 67.23313017252512 -1.5937417674486982 9
-166.47425942655062 67.0331828195399 -1.5937417674555623 9
-166.47884811200657 66.83323546655468 -1.5937417674607122 9
-166.48343679746338 66.63328811356968 -1.5937417674644951 9
-166.488025482921 66.43334076058444 -1.59374176746853 9
-166.49261416837945 66.23339340759922 -1.5937417674730199 9
-166.49720285383881 66.03344605461403 -1.5937417674776464 9
-166.5017915392991 65.83349870162891 -1.5937417674821617 9
-166.50638022476028 65.63355134864405 -1.5937417674865908 9
-166.51096891022232 65.433603995659 -1.593741767491049 9
-166.5155575956853 65.23365664267392 -1.5937417674955503 9
-166.52014628114915 65.03370928968884 -1.593741767499973 9
-166.52473496661386 64.83376193670378 -1.5937417675042227 9
-166.52932365207943 64.63381458371896 -1.5937417675084307 9
-166.53391233754587 64.43386723073398 -1.5937417675132095 9
-166.53850102301337 64.23391987774902 -1.5937417675186298 9
-166.5430897084819 64.03397252476411 -1.593741767523031 9
-166.54767839395103 63.8340251717792 -1.593741767525123 9
-166.55226707942037 63.63407781879454 -1.5937417675249306 9
-166.5568557648894 63.43413046580963 -1.593741767522571 9
-166.56144445035784 63.23418311282472 -1.593741767518087 9
-166.56603313582565 63.034235759839795 -1.5937417675188195 9
-166.57062182129468 62.834288406854895 -1.5937417675304724 9
-166.57521050676706 62.634341053870266 -1.5937417675508194 9
-166.57979919224348 62.43439370088547 -1.5937417675694954 9
-166.58438787772326 62.23444634790078 -1.5937417675851981 9
-166.58897656320607 62.03449899491618 -1.593741767600074 9
-166.59356524869196 61.834551641931654 -1.5937417676157906 9
-166.59815393418103 61.63460428894739 -1.59374176763217 9
-166.60274261967336 61.434656935962956 -1.593741767648383 9
-166.60733130516894 61.234709582978596 -1.5937417676643257 9
-166.61191999066767 61.03476222999435 -1.5937417676802876 9
-166.61650867616967 60.83481487701019 -1.5937417676964931 9
-166.62109736167488 60.63486752402628 -1.5937417677127992 9
-166.6256860471833 60.43492017104221 -1.5937417677285404 9
-166.63027473269483 60.23497281805819 -1.593741767743639 9
-166.63486341820942 60.03502546507427 -1.5937417677597192 9
-166.63945210372742 59.83507811209046 -1.5937417677780423 9
-166.6440407892493 59.635130759106985 -1.5937417677969254 9
-166.64862947477425 59.43518340612336 -1.5937417678085308 9
-166.65321816030072 59.23523605313978 -1.5937417678118688 9
-166.65780684582705 59.035288700156194 -1.59374176780728 9
-166.66239553135168 58.835341347172566 -1.5937417677950287 9
-166.66698421687315 58.63539399418907 -1.5937417677766732 9
-166.67157290239103 58.43544664120526 -1.5937417677594727 9
-166.67616158790568 58.23549928822135 -1.5937417677443386 9
-166.68075027341737 58.03555193523734 -1.5937417677297865 9
-166.6853389589261 57.835604582253275 -1.593741767714663 9
-166.68992764443178 57.6356572292694 -1.593741767699094 9
-166.69451632993437 57.43570987628526 -1.593741767683664 9
-166.69910501543387 57.23576252330104 -1.593741767668446 9
-166.70369370093033 57.03581517031673 -1.5937417676531624 9
-166.7082823864237 56.83586781733232 -1.5937417676375976 9
-166.71287107191392 56.635920464348054 -1.5937417676219254 9
-166.71745975740112 56.43597311136348 -1.5937417676069545 9
-166.72204844288535 56.23602575837886 -1.5937417675927796 9
-166.72663712836672 56.036078405394214 -1.5937417675774241 9
-166.73122581384473 55.83613105240949 -1.5937417675593528 9
-166.73581449931893 55.63618369942489 -1.5937417675405763 9
-166.74040318479015 55.43623634643998 -1.5937417675304593 9
-166.74499187026038 55.236288993455034 -1.593741767530164 9
-166.74958055573111 55.0363416404701 -1.5937417675342709 9
-166.7541692412027 54.8363942874852 -1.5937417675385706 9
-166.75875792667514 54.63644693450055 -1.5937417675430097 9
-166.7633466121485 54.436499581515704 -1.5937417675473438 9
-166.76793529762267 54.23655222853091 -1.5937417675515424 9
-166.7725239830977 54.03660487554615 -1.5937417675557575 9
-166.77711266857358 53.836657522561424 -1.5937417675601075 9
-166.78170135405034 53.63671016957689 -1.5937417675645498 9
-166.78629003952798 53.43676281659212 -1.5937417675688852 9
-166.79087872500648 53.23681546360738 -1.5937417675730892 9
-166.79546741048583 53.03686811062269 -1.5937417675773038 9
-166.800056095966 52.836920757638026 -1.5937417675816399 9
-166.80464478144708 52.636973404653574 -1.5937417675860388 9
-166.809233466929 52.43702605166887 -1.5937417675902272 9
-166.81382215241175 52.2370786986842 -1.5937417675941732 9
-166.81841083789527 52.03713134569957 -1.5937417675985275 9
-166.8229995233798 51.83718399271499 -1.5937417676037953 9
-166.82758820886542 51.63723663973067 -1.5937417676092756 9
-166.83217689435187 51.43728928674615 -1.5937417676117036 9
-166.83676557983847 51.23734193376164 -1.59374176761068 9
-166.84135426532475 51.037394580777125 -1.5937417676096295 9
-166.8459429508111 50.8374472277926 -1.5937417676112116 9
-166.850531636298 50.637499874808306 -1.5937417676148895 9
-166.8551203217856 50.43755252182379 -1.5937417676181607 9
-166.85970900727378 50.23760516883926 -1.5937417676207113 9
-166.86429769276245 50.03765781585473 -1.5937417676230614 9
-166.86888637825163 49.8377104628702 -1.5937417676256156 9
-166.8734750637413 49.63776310988596 -1.5937417676283345 9
-166.87806374923156 49.437815756901536 -1.5937417676310375 9
-166.8826524347223 49.237868403917105 -1.593741767633701 9
-166.88724112021362 49.03792105093265 -1.5937417676363212 9
-166.8918298057054 48.83797369794822 -1.593741767638895 9
-166.89641849119775 48.638026344964054 -1.593741767641457 9
-166.9010071766906 48.43807899197971 -1.5937417676441687 9
-166.905595862184 48.238131638995384 -1.5937417676470496 9
-166.91018454767797 48.038184286011045 -1.5937417676497083 9
-166.91477323317244 47.83823693302669 -1.5937417676518417 9
-166.91936191866728 47.63828958004256 -1.5937417676538257 9
-166.92395060416266 47.4383422270582 -1.59374176765741 9
-166.92853928965894 47.238394874073855 -1.5937417676627827 9
-166.93312797515588 47.03844752108952 -1.5937417676615941 9
-166.9377166606513 46.83850016810518 -1.5937417676473569 9
-166.94230534614266 46.638552815120974 -1.5937417676227181 9
-166.94689403162917 46.43860546213645 -1.5937417676000027 9
-166.95148271711147 46.23865810915185 -1.5937417675807584 9
-166.9560714025901 46.038710756167184 -1.593741767562508 9
-166.960660088065 45.83876340318242 -1.5937417675433283 9
-166.96524877353596 45.638816050197754 -1.5937417675234147 9
-166.96983745900297 45.43886869721273 -1.5937417675036787 9
-166.9744261444661 45.23892134422764 -1.5937417674842342 9
-166.9790148299253 45.03897399124251 -1.5937417674647518 9
-166.98360351538057 44.83902663825728 -1.593741767444975 9
-166.98819220083183 44.63907928527215 -1.5937417674251007 9
-166.99278088627926 44.43913193228667 -1.5937417674060474 9
-166.99736957172297 44.239184579301096 -1.593741767387921 9
-167.00195825716293 44.039237226315464 -1.5937417673682266 9
-167.00654694259862 43.83928987332976 -1.593741767345026 9
-167.01113562802942 43.639342520344194 -1.593741767320986 9
-167.01572431345647 43.43939516735832 -1.59374176730852 9
-167.02031299888233 43.23944781437241 -1.5937417673091634 9
-167.02490168430904 43.03950046138653 -1.5937417673143146 9
-167.02949036973655 42.839553108400644 -1.5937417673172931 9
-167.03407905516443 42.639605755415005 -1.5937417673185377 9
-167.0386677405926 42.43965840242913 -1.593741767320093 9
-167.04325642602112 42.239711049443265 -1.5937417673222158 9
-167.0478451114501 42.039763696457406 -1.5937417673245282 9
-167.05243379687957 41.83981634347153 -1.5937417673267371 9
-167.0570224823094 41.63986899048588 -1.5937417673288514 9
-167.0616111677397 41.4399216375 -1.5937417673309147 9
-167.0661998531704 41.23997428451415 -1.5937417673329322 9
-167.0707885386015 41.04002693152835 -1.5937417673349998 9
-167.07537722403302 40.840079578542586 -1.5937417673371916 9
-167.07996590946502 40.64013222555705 -1.5937417673394327 9
-167.08455459489738 40.44018487257127 -1.5937417673413758 9
-167.08914328033015 40.240237519585484 -1.5937417673429803 9
-167.09373196576325 40.04029016659972 -1.5937417673450758 9
-167.09832065119687 39.840342813613944 -1.593741767348307 9
-167.10290933663123 39.64039546062841 -1.5937417673518364 9
-167.10749802206598 39.44044810764265 -1.5937417673517658 9
-167.11208670750028 39.240500754656864 -1.5937417673476337 9
-167.1166753929339 39.040553401671076 -1.5937417673474459 9
-167.12126407836854 38.840606048685295 -1.593741767357419 9
-167.1258527638061 38.640658695699834 -1.593741767375486 9
-167.13044144924723 38.44071134271424 -1.5937417673920227 9
-167.13503013469133 38.24076398972873 -1.5937417674058212 9
-167.13961882013808 38.040816636743266 -1.5937417674188543 9
-167.14420750558756 37.84086928375788 -1.593741767432654 9
-167.1487961910398 37.640921930772826 -1.5937417674470546 9
-167.15338487649495 37.440974577787614 -1.5937417674612877 9
-167.1579735619529 37.24102722480243 -1.593741767475257 9
-167.16256224741363 37.04107987181727 -1.593741767489245 9
-167.16715093287723 36.841132518832154 -1.5937417675034706 9
-167.17173961834365 36.64118516584735 -1.5937417675177863 9
-167.1763283038129 36.44123781286239 -1.593741767531503 9
-167.1809169892848 36.24129045987752 -1.5937417675445409 9
-167.1855056747594 36.041343106892704 -1.5937417675587537 9
-167.19009436023708 35.841395753907975 -1.5937417675755816 9
-167.19468304571834 35.641448400923565 -1.5937417675930226 9
-167.19927173120226 35.441501047939 -1.593741767601758 9
-167.20386041668695 35.241553694954455 -1.5937417676006391 9
-167.20844910217093 35.04160634196988 -1.5937417675969938 9
-167.21303778765454 34.8416589889853 -1.5937417675965129 9
-167.21762647313832 34.641711636000956 -1.5937417675982453 9
-167.22221515862228 34.441764283016404 -1.5937417675977625 9
-167.22680384410583 34.241816930031824 -1.5937417675945131 9
-167.23139252958862 34.04186957704721 -1.593741767590441 9
-167.23598121507064 33.84192222406258 -1.5937417675870564 9
-167.2405699005521 33.64197487107814 -1.5937417675842354 9
-167.24515858603294 33.44202751809345 -1.5937417675814032 9
-167.24974727151323 33.24208016510873 -1.5937417675784873 9
-167.25433595699292 33.04213281212399 -1.5937417675754906 9
-167.258924642472 32.84218545913923 -1.593741767572415 9
-167.26351332795045 32.64223810615473 -1.5937417675692847 9
-167.26810201342832 32.44229075317001 -1.5937417675662107 9
-167.27269069890556 32.24234340018529 -1.593741767563207 9
-167.27727938438218 32.04239604720054 -1.5937417675602121 9
-167.28186806985823 31.842448694215747 -1.5937417675571777 9
-167.28645675533366 31.64250134123115 -1.593741767554133 9
-167.29104544080852 31.44255398824631 -1.5937417675512124 9
-167.29563412628275 31.24260663526147 -1.5937417675484316 9
-167.30022281175644 31.04265928227666 -1.5937417675453542 9
-167.30481149722942 30.84271192929186 -1.5937417675416423 9
-167.3094001827017 30.642764576307275 -1.5937417675389505 9
-167.31398886817425 30.44281722332246 -1.5937417675449825 9
-167.31857755364894 30.24286987033767 -1.5937417675606849 9
-167.32316623912726 30.04292251735292 -1.5937417675791452 9
-167.327754924609 29.842975164368248 -1.593741767594996 9
-167.3323436100937 29.643027811383895 -1.5937417676087742 9
-167.33693229558116 29.4430804583994 -1.5937417676229788 9
-167.3415209810715 29.24313310541496 -1.593741767637924 9
-167.34610966656493 29.04318575243055 -1.5937417676530203 9
-167.3506983520613 28.843238399446186 -1.593741767667811 9
-167.3552870375606 28.64329104646213 -1.5937417676823866 9
-167.35987572306286 28.443343693477942 -1.5937417676971712 9
-167.36446440856807 28.24339634049385 -1.5937417677122172 9
-167.36905309407632 28.043448987509848 -1.5937417677271426 9
-167.3736417795875 27.843501634525904 -1.5937417677416512 9
-167.37823046510152 27.643554281542226 -1.5937417677560086 9
-167.38281915061856 27.443606928558353 -1.5937417677714505 9
-167.38740783613875 27.24365957557456 -1.5937417677881205 9
-167.3919965216622 27.04371222259087 -1.5937417678027066 9
-167.39658520718808 26.84376486960725 -1.593741767812637 9
-167.40117389271543 26.64381751662388 -1.5937417678157748 9
-167.40576257824182 26.443870163640266 -1.5937417678021712 9
-167.41035126376366 26.243922810656557 -1.5937417677706198 9
-167.41493994927833 26.0439754576727 -1.5937417677339116 9
-167.4195286347861 25.844028104688693 -1.5937417677019807 9
-167.424117320288 25.64408075170473 -1.5937417676738574 9
-167.42870600578416 25.444133398720382 -1.5937417676450294 9
-167.4332946912745 25.24418604573589 -1.5937417676149306 9
-167.43788337675872 25.044238692751282 -1.5937417675845187 9
-167.44247206223693 24.844291339766556 -1.5937417675545378 9
-167.44706074770917 24.644343986781948 -1.5937417675248555 9
-167.45164943317545 24.444396633796977 -1.5937417674948562 9
-167.4562381186357 24.244449280811843 -1.5937417674644654 9
-167.4608268040899 24.044501927826534 -1.5937417674345191 9
-167.46541548953815 23.844554574841073 -1.5937417674056673 9
-167.4700041749808 23.644607221855715 -1.5937417673770966 9
-167.47459286041737 23.44465986887002 -1.593741767345021 9
-167.47918154584713 23.244712515884178 -1.5937417673090033 9
-167.48377023127006 23.044765162898187 -1.593741767279645 9
-167.48835891668864 22.844817809912104 -1.5937417672651795 9
-167.49294760210574 22.644870456926213 -1.5937417672658116 9
-167.49753628752464 22.444923103940134 -1.5937417672824956 9
-167.50212497294848 22.24497575095418 -1.5937417673153076 9
-167.50671365837965 22.045028397968412 -1.5937417673527134 9
-167.5113023438179 21.8450810449828 -1.593741767385756 9
-167.51589102926232 21.645133691997504 -1.5937417674153302 9
-167.5204797147127 21.44518633901209 -1.5937417674456047 9
-167.52506840016923 21.24523898602681 -1.593741767477102 9
-167.52965708563212 21.045291633041693 -1.5937417675088903 9
-167.53424577110138 20.84534428005674 -1.593741767540246 9
-167.5388344565768 20.64539692707216 -1.5937417675713104 9
-167.54342314205851 20.4454495740875 -1.5937417676027401 9
-167.54801182754653 20.24550222110299 -1.593741767634614 9
-167.5526005130409 20.045554868118632 -1.5937417676658858 9
-167.55718919854138 19.84560751513443 -1.593741767695743 9
-167.5617778840477 19.645660162150588 -1.5937417677252643 9
-167.5663665695604 19.445712809166668 -1.59374176775947 9
-167.57095525508043 19.245765456182927 -1.5937417677989396 9
-167.5755439406079 19.045818103199366 -1.59374176782947 9
-167.58013262613946 18.845870750215905 -1.593741767840031 9
-167.58472131167125 18.64592339723268 -1.593741767833733 9
-167.58930999720144 18.44597604424919 -1.5937417678250536 9
-167.59389868272982 18.246028691265646 -1.593741767815823 9
-167.5984873682563 18.04608133828205 -1.593741767806455 9
-167.60307605378097 17.846133985298408 -1.593741767797271 9
-167.6076647393038 17.646186632314944 -1.5937417677882295 9
-167.61225342482481 17.44623927933121 -1.5937417677791395 9
-167.616842110344 17.24629192634742 -1.5937417677699768 9
-167.6214307958614 17.046344573363584 -1.5937417677608121 9
-167.62601948137694 16.846397220379696 -1.5937417677517003 9
-167.63060816689065 16.646449867395997 -1.5937417677426107 9
-167.63519685240252 16.446502514412018 -1.5937417677334005 9
-167.63978553791256 16.246555161427985 -1.5937417677240535 9
-167.64437422342075 16.046607808443888 -1.5937417677149284 9
-167.64896290892716 15.846660455459764 -1.5937417677063042 9
-167.6535515944319 15.646713102475868 -1.5937417676978018 9
-167.65814027993477 15.44676574949174 -1.593741767687657 9
-167.66272896543538 15.246818396507566 -1.5937417676756664 9
-167.66731765093382 15.046871043523318 -1.5937417676667864 9
-167.67190633643116 14.846923690539036 -1.5937417676648664 9
-167.67649502192873 14.646976337554996 -1.5937417676681453 9
-167.68108370742672 14.447028984570743 -1.5937417676684267 9
-167.68567239292443 14.247081631586461 -1.593741767664686 9
-167.69026107842114 14.047134278602119 -1.5937417676597867 9
-167.69484976391698 13.847186925617743 -1.5937417676559522 9
-167.69943844941218 13.64723957263359 -1.593741767652967 9
-167.70402713490674 13.447292219649219 -1.5937417676498278 9
-167.70861582040067 13.247344866664859 -1.5937417676464085 9
-167.71320450589388 13.047397513680503 -1.5937417676429306 9
-167.71779319138642 12.847450160696123 -1.5937417676395658 9
-167.7223818768783 12.647502807711923 -1.593741767636277 9
-167.7269705623695 12.447555454727452 -1.5937417676328933 9
-167.73155924786005 12.247608101742962 -1.593741767629393 9
-167.73614793334986 12.04766074875848 -1.5937417676259495 9
-167.74073661883904 11.847713395774004 -1.5937417676226968 9
-167.74532530432757 11.647766042789765 -1.5937417676195182 9
-167.74991398981538 11.44781868980529 -1.593741767615871 9
-167.75450267530243 11.24787133682078 -1.5937417676116912 9
-167.75909136078872 11.047923983836213 -1.5937417676083512 9
-167.76368004627452 10.847976630851619 -1.5937417676069163 9
-167.76826873176017 10.648029277867257 -1.593741767606992 9
-167.77285741724583 10.44808192488268 -1.5937417676067416 9
-167.77744610273143 10.24813457189811 -1.5937417676059351 9
-167.7820347882168 10.048187218913537 -1.593741767604977 9
-167.78662347370204 9.848239865928965 -1.5937417676041814 9
-167.79121215918707 9.648292512944623 -1.5937417676035164 9
-167.79580084467202 9.44834515996006 -1.5937417676028318 9
-167.8003895301568 9.248397806975492 -1.593741767602109 9
-167.80497821564146 9.048450453990924 -1.5937417676013643 9
-167.80956690112595 8.848503101006362 -1.5937417676006107 9
-167.81415558661027 8.648555748022043 -1.5937417675998615 9
-167.81874427209445 8.448608395037494 -1.5937417675991787 9
-167.82333295757854 8.248661042052918 -1.5937417675985694 9
-167.8279216430625 8.048713689068288 -1.59374176759783 9
-167.83251032854625 7.848766336083633 -1.5937417675968026 9
-167.83709901402977 7.648818983099209 -1.593741767595706 9
-167.8416876995132 7.448871630114571 -1.5937417675955585 9
-167.84627638499666 7.248924277129938 -1.5937417675964816 9
-167.85086507048032 7.048976924145304 -1.5937417675965904 9
-167.85545375596374 6.849029571160664 -1.5937417675944217 9
-167.86004244144652 6.6490822181762415 -1.5937417675904386 9
-167.86463112692854 6.449134865191582 -1.5937417675867984 9
-167.86921981240988 6.2491875122069125 -1.593741767583772 9
-167.87380849789068 6.049240159222234 -1.5937417675809102 9
-167.87839718337085 5.849292806237545 -1.5937417675778647 9
-167.88298586885037 5.6493454532530745 -1.5937417675746754 9
-167.8875745543293 5.449398100268367 -1.5937417675715275 9
-167.8921632398076 5.249450747283651 -1.5937417675684438 9
-167.8967519252853 5.0495033942989265 -1.593741767565377 9
-167.90134061076233 4.849556041314192 -1.59374176756229 9
-167.90592929623875 4.649608688329671 -1.5937417675591976 9
-167.9105179817146 4.449661335344915 -1.593741767556167 9
-167.91510666718983 4.2497139823601575 -1.593741767553206 9
-167.91969535266446 4.0497666293754 -1.5937417675500662 9
-167.92428403813844 3.849819276390615 -1.5937417675465557 9
-167.92887272361168 3.649871923406003 -1.5937417675429688 9
-167.93346140908434 3.4499245704211097 -1.5937417675406769 9
-167.93805009455664 3.2499772174361907 -1.5937417675398542 9
-167.94263878002897 3.0500298644512736 -1.5937417675407524 9
-167.94722746550167 2.850082511466386 -1.5937417675435666 9
-167.9518161509751 2.6501351584817816 -1.593741767547906 9
-167.95640483644942 2.4501878054970017 -1.5937417675519514 9
-167.96099352192445 2.2502404525122426 -1.5937417675554741 9
-167.96558220740016 2.0502930995274826 -1.5937417675588388 9
-167.97017089287658 1.8503457465427229 -1.5937417675623282 9
-167.9747595783537 1.6503983935581992 -1.5937417675659178 9
-167.97934826383155 1.4504510405734599 -1.593741767569492 9
-167.98393694931008 1.2505036875887328 -1.5937417675730365 9
-167.98852563478934 1.0505563346040163 -1.5937417675765957 9
-167.99311432026934 0.8506089816193035 -1.5937417675802041 9
-167.99770300575003 0.650661628634815 -1.5937417675838443 9
-168.00229169123148 0.45071427565010985 -1.5937417675874372 9
-168.00688037671358 0.2507669226654469 -1.5937417675909733 9
-168.01146906219643 0.05081956968084531 -1.5937417675945242 9
-168.01605774768 -0.14912778330371923 -1.5937417675981465 9
-168.02064643316427 -0.349075136288051 -1.593741767601792 9
-168.02523511864928 -0.5490224892726125 -1.5937417676052383 9
-168.02982380413496 -0.7489698422571646 -1.5937417676084407 9
-168.03441248962093 -0.9489171952417049 -1.5937417676071615 9
-168.0390011751059 -1.1488645482262647 -1.5937417675981118 9
-168.0435898605883 -1.3488119012106536 -1.5937417675828618 9
-168.04817854606773 -1.5487592541953377 -1.5937417675687142 9
-168.05276723154452 -1.7487066071800803 -1.593741767556585 9
-168.05735591701898 -1.9486539601648742 -1.5937417675450316 9
-168.06194460249108 -2.1486013131497192 -1.5937417675329337 9
-168.06653328796074 -2.3485486661343904 -1.593741767520412 9
-168.07112197342786 -2.548496019119344 -1.5937417675080272 9
-168.07571065889255 -2.748443372104355 -1.5937417674958494 9
-168.0802993443548 -2.9483907250894226 -1.593741767483662 9
-168.0848880298146 -3.1483380780745396 -1.5937417674712973 9
-168.08947671527193 -3.3482854310594723 -1.5937417674588465 9
-168.09406540072678 -3.548232784044688 -1.593741767446735 9
-168.09865408617924 -3.7481801370299896 -1.5937417674350125 9
-168.10324277162934 -3.948127490015396 -1.593741767422644 9
-168.10783145707683 -4.148074843000889 -1.5937417674088263 9
-168.11242014252142 -4.348022195986212 -1.5937417673946928 9
-168.11700882796364 -4.547969548971806 -1.5937417673855159 9
-168.12159751340462 -4.747916901957431 -1.5937417673819667 9
-168.12618619884557 -4.9478642549430685 -1.5937417673855194 9
-168.13077488428797 -5.147811607928659 -1.5937417673973173 9
-168.13536356973358 -5.3477589609139144 -1.593741767415694 9
-168.13995225518275 -5.547706313899284 -1.5937417674328946 9
-168.14454094063518 -5.747653666884593 -1.5937417674479464 9
-168.1491296260905 -5.947601019869867 -1.5937417674623615 9
-168.1537183115488 -6.147548372855078 -1.5937417674773136 9
-168.15830699701007 -6.347495725839957 -1.5937417674926824 9
-168.1628956824744 -6.54744307882496 -1.5937417675079109 9
-168.16748436794182 -6.747390431809891 -1.59374176752293 9
-168.17207305341222 -6.947337784794777 -1.5937417675380914 9
-168.17666173888566 -7.147285137779618 -1.5937417675536685 9
-168.1812504243623 -7.347232490764182 -1.5937417675693617 9
-168.1858391098419 -7.547179843748913 -1.5937417675837793 9
-168.1904277953243 -7.747127196733567 -1.5937417675967605 9
-168.1950164808094 -7.947074549718127 -1.5937417676121797 9
-168.1996051662981 -8.147021902702576 -1.593741767633044 9
-168.20419385179147 -8.346969255686679 -1.5937417676566736 9
-168.20878253728867 -8.546916608670925 -1.5937417676706012 9
-168.21337122278754 -8.746863961655153 -1.5937417676732848 9
-168.21795990828636 -8.946811314639412 -1.5937417676727996 9
-168.22254859378543 -9.14675866762367 -1.5937417676754122 9
-168.2271372792853 -9.346706020607655 -1.5937417676804821 9
-168.23172596478614 -9.546653373591814 -1.5937417676850303 9
-168.23631465028782 -9.74660072657596 -1.5937417676886838 9
-168.24090333579022 -9.946548079560115 -1.5937417676921932 9
-168.24549202129333 -10.146495432544283 -1.5937417676961412 9
-168.25008070679726 -10.346442785528236 -1.5937417677003114 9
-168.254669392302 -10.546390138512411 -1.5937417677036974 9
-168.25925807780726 -10.746337491496552 -1.593741767706181 9
-168.2638467633131 -10.946284844480644 -1.593741767710014 9
-168.26843544882004 -11.146232197464705 -1.5937417677169443 9
-168.2730241343286 -11.34617955044854 -1.593741767724688 9
-168.27761281983783 -11.546126903432613 -1.593741767722622 9
-168.28220150534548 -11.746074256416698 -1.5937417677094374 9
-168.28679019084998 -11.9460216094008 -1.5937417676931065 9
-168.2913788763515 -12.145968962384938 -1.593741767679815 9
-168.29596756185066 -12.345916315368907 -1.59374176766894 9
-168.30055624734763 -12.545863668353169 -1.5937417676575867 9
-168.3051449328422 -12.745811021337493 -1.5937417676453922 9
-168.30973361833435 -12.945758374321874 -1.5937417676329881 9
-168.314322303824 -13.14570572730631 -1.5937417676208647 9
-168.3189109893113 -13.345653080290578 -1.5937417676089412 9
-168.32349967479618 -13.545600433275132 -1.593741767596841 9
-168.3280883602786 -13.745547786259744 -1.5937417675845187 9
-168.33267704575857 -13.945495139244414 -1.593741767572446 9
-168.3372657312362 -14.145442492229138 -1.5937417675609884 9
-168.3418544167116 -14.345389845213694 -1.5937417675496888 9
-168.34644310218454 -14.545337198198531 -1.5937417675364203 9
-168.35103178765462 -14.745284551183438 -1.593741767520937 9
-168.35562047312177 -14.945231904168415 -1.5937417675091494 9
-168.36020915858745 -15.145179257153426 -1.5937417675056418 9
-168.36479784405316 -15.345126610138214 -1.5937417675087888 9
-168.36938652951943 -15.545073963123215 -1.593741767511033 9
-168.37397521498602 -15.745021316108202 -1.5937417675114236 9
-168.37856390045252 -15.944968669093182 -1.5937417675105223 9
-168.38315258591876 -16.144916022078178 -1.5937417675087648 9
-168.38774127138458 -16.344863375063 -1.5937417675063181 9
-168.39232995684992 -16.544810728048073 -1.5937417675039578 9
-168.39691864231477 -16.744758081033144 -1.5937417675017818 9
-168.40150732777923 -16.94470543401818 -1.5937417674996914 9
-168.40609601324323 -17.144652787003224 -1.5937417674976109 9
-168.4106846987069 -17.344600139988085 -1.593741767495529 9
-168.41527338417006 -17.544547492973212 -1.5937417674933934 9
-168.4198620696328 -17.744494845958332 -1.593741767491198 9
-168.42445075509514 -17.944442198943424 -1.5937417674890144 9
-168.42903944055706 -18.144389551928516 -1.5937417674868986 9
-168.43362812601853 -18.344336904913426 -1.593741767484832 9
-168.43821681147958 -18.5442842578986 -1.5937417674827288 9
-168.4428054969402 -18.744231610883777 -1.5937417674805785 9
-168.4473941824004 -18.94417896386892 -1.593741767478384 9
-168.45198286786015 -19.144126316854063 -1.5937417674761476 9
-168.45657155331943 -19.344073669839013 -1.593741767473928 9
-168.46116023877832 -19.544021022824232 -1.5937417674719976 9
-168.4657489242369 -19.74396837580947 -1.5937417674703984 9
-168.47033760969526 -19.943915728794707 -1.5937417674711087 9
-168.4749262951542 -20.14386308177992 -1.593741767475662 9
-168.47951498061437 -20.343810434764865 -1.5937417674832794 9
-168.48410366607604 -20.543757787749993 -1.5937417674903378 9
-168.48869235153904 -20.74370514073506 -1.5937417674963825 9
-168.49328103700316 -20.943652493720084 -1.5937417675021401 9
-168.49786972246852 -21.14359984670508 -1.5937417675081735 9
-168.50245840793508 -21.343547199689855 -1.5937417675144159 9
-168.50704709340286 -21.543494552674858 -1.5937417675205559 9
-168.5116357788719 -21.743441905659832 -1.5937417675265546 9
-168.5162244643421 -21.94338925864476 -1.5937417675326562 9
-168.52081314981356 -22.143336611629632 -1.593741767539049 9
-168.52540183528635 -22.34328396461422 -1.5937417675455223 9
-168.52999052076026 -22.543231317599 -1.5937417675510956 9
-168.5345792062353 -22.743178670583777 -1.5937417675556562 9
-168.53916789171126 -22.94312602356857 -1.593741767561947 9
-168.54375657718893 -23.143073376553335 -1.593741767572095 9
-168.54834526266893 -23.343020729537805 -1.593741767584685 9
-168.5529339481511 -23.542968082522428 -1.5937417675931342 9
-168.55752263363442 -23.742915435507012 -1.5937417675966274 9
-168.56211131911823 -23.942862788491595 -1.5937417675987424 9
-168.5667000046026 -24.142810141476176 -1.593741767602255 9
-168.5712886900878 -24.342757494460507 -1.5937417676068328 9
-168.5758773755739 -24.542704847445048 -1.5937417676109316 9
-168.58046606106072 -24.742652200429568 -1.593741767614361 9
-168.58505474654828 -24.942599553414073 -1.59374176761826 9
-168.58964343203672 -25.14254690639856 -1.593741767623511 9
-168.5942321175263 -25.342494259382786 -1.5937417676291294 9
-168.59882080301662 -25.542441612367227 -1.5937417676305348 9
-168.6034094885068 -25.742388965351687 -1.593741767627168 9
-168.6079981739961 -25.942336318336185 -1.5937417676236465 9
-168.61258685948505 -26.142283671320712 -1.5937417676235517 9
-168.61717554497434 -26.342231024305004 -1.5937417676264518 9
-168.6217642304643 -26.542178377289492 -1.5937417676303378 9
-168.62635291595507 -26.74212573027392 -1.593741767633543 9
-168.630941601445 -26.942073083258347 -1.5937417676192496 9
-168.63553028693 -27.142020436242934 -1.5937417675859888 9
-168.6401189724083 -27.341967789227485 -1.5937417675551069 9
-168.64470765788096 -27.54191514221234 -1.593741767528817 9
-168.6492963433483 -27.74186249519729 -1.5937417675016428 9
-168.65388502881012 -27.941809848182423 -1.5937417674731422 9
-168.6584737142661 -28.141757201167707 -1.59374176744347 9
-168.66306239971624 -28.34170455415285 -1.5937417674157983 9
-168.66765108516148 -28.541651907138313 -1.5937417673945562 9
-168.67223977060326 -28.741599260123873 -1.593741767381814 9
-168.67682845604347 -28.941546613109463 -1.5937417673790093 9
-168.68141714148354 -29.14149396609503 -1.593741767377999 9
-168.68600582692315 -29.341441319080374 -1.5937417673747465 9
-168.69059451236225 -29.541388672065956 -1.5937417673748198 9
-168.6951831978022 -29.741336025051528 -1.593741767382812 9
-168.6997718832445 -29.941283378037053 -1.593741767397206 9
-168.7043605686896 -30.141230731022517 -1.593741767410498 9
-168.70894925413714 -30.34117808400771 -1.5937417674216736 9
-168.71353793958684 -30.541125436993088 -1.5937417674322287 9
-168.71812662503868 -30.741072789978432 -1.593741767443397 9
-168.72271531049282 -30.941020142963723 -1.5937417674550518 9
-168.72730399594928 -31.14096749594897 -1.5937417674665677 9
-168.73189268140803 -31.340914848933952 -1.5937417674778607 9
-168.73648136686901 -31.540862201919133 -1.5937417674891472 9
-168.7410700523323 -31.740809554904253 -1.5937417675006054 9
-168.7456587377979 -31.940756907889277 -1.593741767512131 9
-168.75024742326573 -32.14070426087422 -1.5937417675232082 9
-168.75483610873573 -32.340651613858874 -1.59374176753377 9
-168.75942479420792 -32.540598966843724 -1.5937417675452314 9
-168.76401347968257 -32.74054631982853 -1.5937417675587595 9
-168.76860216516005 -32.94049367281329 -1.5937417675728536 9
-168.77319085063982 -33.140441025798 -1.5937417675800953 9
-168.7777795361202 -33.34038837878247 -1.5937417675794918 9
-168.78236822160005 -33.54033573176718 -1.5937417675764984 9
-168.78695690707954 -33.7402830847519 -1.593741767575614 9
-168.791545592559 -33.940230437736616 -1.593741767576432 9
-168.79613427803864 -34.140177790721324 -1.5937417675769459 9
-168.80072296351835 -34.34012514370581 -1.5937417675768843 9
-168.80531164899799 -34.54007249669052 -1.5937417675766703 9
-168.80990033447762 -34.740019849675235 -1.5937417675766525 9
-168.81448901995725 -34.93996720265995 -1.5937417675767698 9
-168.8190777054369 -35.13991455564465 -1.5937417675767198 9
-168.82366639091654 -35.33986190862914 -1.5937417675764631 9
-168.82825507639612 -35.53980926161386 -1.5937417675764607 9
-168.83284376187575 -35.739756614598576 -1.5937417675770933 9
-168.83743244735558 -35.939703967583284 -1.5937417675779124 9
-168.84202113283536 -36.139651320567985 -1.5937417675767012 9
-168.84660981831468 -36.33959867355249 -1.5937417675731727 9
-168.85119850379348 -36.53954602653722 -1.5937417675733594 9
-168.8557871892732 -36.73949337952193 -1.593741767582234 9
-168.86037587475533 -36.93944073250658 -1.5937417675935805 9
-168.86496456023718 -37.139388085491234 -1.5937417675766699 9
-168.8695532457124 -37.33933543847582 -1.593741767527529 9
-168.87414193118047 -37.539282791460806 -1.5937417675301437 9
-168.87873061666113 -37.7392301444455 -1.5937417676537544 9
-168.88331930217547 -37.939177497429434 -1.5937417678117831 9
-168.88790798768608 -38.13912485041344 -1.593741767576241 9
-168.89249667310443 -38.33907220339931 -1.5937417668918037 9
-168.89708535842271 -38.53901955638767 -1.5937417669282448 9
-168.90167404391676 -38.73896690937206 -1.5937417686499271 9
-168.90626272987927 -38.93891426234584 -1.593741770850954 9
-168.9108514157904 -39.13886161532078 -1.593741767570229 9
-168.9154401004169 -39.33880896832458 -1.5937417580372157 9
-168.92002878364877 -39.53875632136019 -1.59374175854494 9
-168.9246174693288 -39.73870367434038 -1.5937417825250406 9
-168.92920616153464 -39.93865102717277 -1.5937418131812153 9
-168.93379485302418 -40.13859838002137 -1.5937417674866097 9
-168.93838352662115 -40.33854573327498 -1.5937416347095728 9
-168.94297218079402 -40.538493086968714 -1.593741641783672 9
-168.94756086906554 -40.738440439890205 -1.5937419757835625 9
-168.952149648229 -40.93838779075319 -1.5937424027616682 9
-168.9567384174137 -41.13833514184218 -1.5937417663061406 9
-168.96132693738483 -41.33828249857508 -1.5937399169511675 9
-168.96591518681527 -41.538229861435354 -1.5937400155071564 9
-168.97050391118398 -41.73817721353933 -1.5937446675514944 9
-168.97509390151478 -41.93812453697208 -1.5937506145386755 9
-168.97968375283938 -42.13807186355303 -1.5937417497450241 9
-168.98427013304453 -42.338019268746855 -1.5937159914683467 9
-168.9888527451385 -42.53796675928023 -1.593717364574423 9
-168.9934419723483 -42.73791409999598 -1.5937821595866224 9
-168.99804883215728 -42.937861041372656 -1.5938649897910664 9
-169.00265375560247 -43.13780802660367 -1.5937415176823686 9
-169.00721032897894 -43.337756106855366 -1.593381752506909 9
-169.01168360372023 -43.53770607010145 -1.5929614305208382 9
-169.0160812632743 -43.73765772662356 -1.5926254110821267 9
-169.02041913876997 -43.9376106984093 -1.5923457417106763 9
-169.0246942241476 -44.13756501294726 -1.5919842659713892 9
-169.0288869820395 -44.33752105359085 -1.5915227912516128 9
-169.0329934443181 -44.53747888595162 -1.5911903355538528 9
-169.03706520099857 -44.7374374396282 -1.5911756603239717 9
-169.04116353882281 -44.937395446431935 -1.5914172333908752 9
-169.04530828063434 -45.1373524948955 -1.5916109680455106 9
-169.04948286099022 -45.33730892540097 -1.5917158369099198 9
-169.05367439042817 -45.53726500135858 -1.5918015662324523 9
-169.05788689314053 -45.73722063319806 -1.5919256166682239 9
-169.0621274626131 -45.93717566776324 -1.5920724695519652 9
-169.06639273652013 -46.13713017871646 -1.592165447851046 9
-169.07067017891538 -46.337084438723295 -1.5921945234923442 9
-169.0749578571665 -46.53703848638626 -1.5923146467464138 9
-169.07929142027754 -46.73699153111731 -1.5926534816738944 9
-169.08371294576816 -46.936942639726624 -1.5931659172434045 9
-169.08823412232763 -47.136891535456385 -1.5936291191891259 9
-169.0928399784577 -47.33683851743644 -1.5940131459527467 9
-169.0975215158929 -47.536783742550654 -1.5944156326121235 9
-169.10229341302173 -47.73672681073662 -1.5949170002448494 9
-169.10717313596336 -47.936667259536485 -1.5954544342954682 9
-169.11213584554613 -48.136605680049136 -1.595717720168581 9
-169.1171195945069 -48.33654358750137 -1.5956653781948182 9
-169.12207661789367 -48.536482150605075 -1.5955165977138885 9
-169.12701229913753 -48.736421237460775 -1.5954518925171304 9
-169.1319428695941 -48.93636045070623 -1.595455482615066 9
-169.1368739337123 -49.13629965303201 -1.5954494479042105 9
-169.14180177506503 -49.336238935221154 -1.5954232655251241 9
-169.14672300820618 -49.53617837996019 -1.595386120157235 9
-169.1516364746221 -49.73611801544715 -1.595345574853378 9
-169.1565417008903 -49.936057853115656 -1.5953072567362425 9
-169.1614420027959 -50.13599781164891 -1.5952989482938666 9
-169.16634401894896 -50.335937728395336 -1.5953242851221976 9
-169.1712507360858 -50.53587753008031 -1.5953298326688043 9
-169.17615218592942 -50.73581746049201 -1.5952715964624444 9
-169.18103606476754 -50.93575782053203 -1.5951618251171045 9
-169.18589831616256 -51.13569870843746 -1.5950609850678041 9
-169.1907421160059 -51.33564004472132 -1.5949772284955226 9
-169.19557004511188 -51.535581764514525 -1.5948986294537704 9
-169.20038179307687 -51.73552387397424 -1.5948153701738872 9
-169.20517646248152 -51.935466393681985 -1.5947283880771 9
-169.20995378704418 -52.13540932877276 -1.5946423102571574 9
-169.21471405389718 -52.33535267083706 -1.594557758775874 9
-169.21945745351496 -52.53529641375403 -1.5944730955801834 9
-169.2241837792722 -52.73524056085364 -1.5943869723373727 9
-169.22889277126063 -52.935185116757374 -1.5943002629596974 9
-169.23358475792816 -53.13513007250768 -1.5942172805868275 9
-169.23826058351034 -53.335075407242456 -1.5941385830410955 9
-169.24292033417137 -53.535021117513175 -1.5940531636100477 9
-169.24756142788613 -53.734967261165394 -1.5939519632502448 9
-169.2521811237178 -53.9349138996989 -1.5938462802195457 9
-169.2567842867625 -54.134860919947585 -1.5937918710935746 9
-169.26138245036512 -54.334808055614644 -1.5937961816219055 9
-169.2659845158113 -54.534755101199046 -1.5938186517724722 9
-169.27058955245667 -54.73470207819211 -1.5938259015294962 9
-169.2751946130988 -54.934649054641426 -1.5938205496161837 9
-169.27979851337324 -55.134596057878674 -1.5938155183299503 9
-169.2844016143821 -55.33454307953996 -1.5938125516081365 9
-169.28900422810705 -55.53449011240174 -1.5938102093442308 9
-169.2936063174553 -55.73443715731988 -1.5938073064556213 9
-169.29820777441782 -55.934384216792125 -1.593803954318765 9
-169.30280856595675 -56.13433129158243 -1.5938007024890934 9
-169.3074087247568 -56.33427838093471 -1.59379762487072 9
-169.31200827366774 -56.53422548431875 -1.593794550299749 9
-169.3166071940509 -56.73417260215544 -1.5937913379319297 9
-169.32120546121288 -56.93411973500556 -1.5937880656930563 9
-169.32580310291354 -57.134066882240326 -1.5937851180659683 9
-169.33040019288694 -57.3340140421881 -1.5937825448103549 9
-169.33499673904527 -57.53396121466752 -1.593779389759709 9
-169.3395925175395 -57.73390840474159 -1.5937748661526716 9
-169.34418729066715 -57.933855617787245 -1.5937699535946737 9
-169.34878148010435 -58.13380284426122 -1.5937694852789654 9
-169.35337608543804 -58.33375006154324 -1.593774083912308 9
-169.35797119457234 -58.53369726764271 -1.59377053424766 9
-169.3625636922483 -58.73364453304744 -1.593747962596261 9
-169.36715031706854 -58.93359193153811 -1.5937211432202467 9
-169.37173775223036 -59.133539311616026 -1.5937629690952577 9
-169.37634139676615 -59.333486324338566 -1.5938828192723553 9
-169.38096252503058 -59.53343294085373 -1.5938760645596577 9
-169.3855528126324 -59.73338025629484 -1.5935743334701427 9
-169.3900553585922 -59.9333295588774 -1.593034299164917 9
-169.39445140822636 -60.13328124892977 -1.5925355743324947 9
-169.39875564543127 -60.33323494846901 -1.5921158312798314 9
-169.40298000322406 -60.533190343431095 -1.591719960746699 9
-169.40712305746314 -60.73314743026926 -1.5913026197582874 9
-169.4111806714091 -60.933106268556806 -1.5908680865223492 9
-169.4151515878371 -61.13306685201326 -1.5904374669608556 9
-169.4190370734973 -61.33302911663504 -1.5900135982313326 9
-169.42283800315317 -61.5329930059176 -1.5895897054086254 9
-169.42655360948058 -61.73295849586717 -1.5891602148327857 9
-169.43018289043133 -61.93292556761959 -1.5887283425000929 9
-169.43372700869506 -62.13289416829474 -1.588309952337236 9
-169.43718902397197 -62.33286421520313 -1.5879070958514603 9
-169.44056925891917 -62.53283566671414 -1.5874800299284748 9
-169.4438584029676 -62.7328086258614 -1.5869960621273502 9
-169.44704657178193 -62.932783204377465 -1.586495940558327 9
-169.4501513073069 -63.13275910363535 -1.5861806470730333 9
-169.4532141883729 -63.33273566536154 -1.586077367327582 9
-169.4562783511788 -63.53271220710064 -1.5861966509535013 9
-169.45938948894744 -63.73268800511343 -1.5865471757941714 9
-169.46259221295597 -63.932662351224565 -1.5870844935824195 9
-169.46590121787705 -64.13263498535702 -1.5875893732128639 9
-169.4693049793794 -64.33260604014825 -1.5880322885920168 9
-169.47279414052488 -64.53257561560234 -1.5884565824901276 9
-169.47636984973204 -64.73254365378956 -1.5888979056910073 9
-169.4800353834202 -64.93251006487812 -1.5893527610791915 9
-169.48379166436698 -65.13247479607821 -1.5898039014872138 9
-169.48763755278137 -65.33243782706072 -1.5902490133343485 9
-169.4915723489191 -65.53239912841865 -1.590695330627267 9
-169.49559710611922 -65.732358635756 -1.5911488028060805 9
-169.49971308883246 -65.93231628100438 -1.591604923412693 9
-169.5039185292534 -66.13227206655075 -1.592041470352466 9
-169.5082090029732 -66.3322260565087 -1.5924555767588349 9
-169.51258407925377 -66.53217822052694 -1.5929051818491258 9
-169.51705736646937 -66.73212819630906 -1.5934379298334933 9
-169.52164330052454 -66.9320756020592 -1.5939942225257402 9
-169.52631621961842 -67.13202100530891 -1.594280207034569 9
-169.53101532996234 -67.33196580535292 -1.5942566911467808 9
-169.5356938322058 -67.53191107996577 -1.5941390941225095 9
-169.54035712430138 -67.73185670483541 -1.5941045493575257 9
-169.5450212267154 -67.9318023110158 -1.5941371003609186 9
-169.54969142437017 -68.13174777679544 -1.5941580742039732 9
-169.55436359592073 -68.3316931970846 -1.5941568792031322 9
-169.5590343822445 -68.53163864924231 -1.5941488454863961 9
-169.56370413874305 -68.73158412509365 -1.5941465782267985 9
-169.56837398152857 -68.93152959894462 -1.5941490726737932 9
-169.57304435073408 -69.13147506064124 -1.5941513751493652 9
-169.57771509421673 -69.331420513645 -1.594152814643981 9
-169.58238598335674 -69.53136596321704 -1.5941525904497553 9
-169.58705659552922 -69.73131141922242 -1.5941500442213665 9
-169.591726535847 -69.93125689089464 -1.5941470667495274 9
-169.5963966814493 -70.13120235778483 -1.5941529794994556 9
-169.60106902372 -70.33114777344335 -1.5941689793472111 9
-169.6057437209563 -70.53109313417308 -1.5941685249063648 9
-169.61041450086714 -70.73103858625828 -1.594129795441358 9
-169.61507398090635 -70.9309843018564 -1.5940601577875133 9
-169.6197197342532 -71.1309303371622 -1.5939959266364374 9
-169.62435367559274 -71.33087664678034 -1.593941989380841 9
-169.62897735340874 -71.5308231938738 -1.593891067144261 9
-169.6335905527003 -71.7307699828355 -1.593837176226039 9
-169.6381927051056 -71.93071702632453 -1.5937810039387812 9
-169.64278370459974 -72.13066432629181 -1.5937259380865723 9
-169.64736385015192 -72.33061187530784 -1.593672429923833 9
-169.65193326700125 -72.53055966985502 -1.5936178205278941 9
-169.65649143621033 -72.73050772095266 -1.5935599242658993 9
-169.6610377833318 -72.93045604088687 -1.5935009962247948 9
-169.6655732508118 -73.13040460799043 -1.5934521510702628 9
-169.67010010961866 -73.3303533708589 -1.5934148193163276 9
-169.6746185646476 -73.5303023242998 -1.5933590543693583 9
-169.67912156582415 -73.73025162539722 -1.5932602416924058 9
-169.68360100605722 -73.93020145486295 -1.5931320114153762 9
-169.688057946286 -74.13015178807872 -1.593041538794403 9
-169.69250147784675 -74.33010242057462 -1.592997817302864 9
-169.69693866358807 -74.53005319340674 -1.592968218744532 9
-169.70136866192 -74.73000412499056 -1.5929259256793342 9
-169.70578902723273 -74.92995526973479 -1.5928734624846723 9
-169.7101990118406 -75.12990664400824 -1.5928232698729985 9
-169.71459935526514 -75.32985823086057 -1.5927770184377512 9
-169.71899057461997 -75.52981001824575 -1.5927308397863824 9
-169.723372249882 -75.72976201484546 -1.5926815545818958 9
-169.72774382436515 -75.9297142323898 -1.5926309195201132 9
-169.73210592294197 -76.12966665696291 -1.5925875916390222 9
-169.73646020522943 -76.32961925218943 -1.5925526891070305 9
-169.74080684811088 -76.52957201376472 -1.5925046828280998 9
-169.7451408129907 -76.72952505020284 -1.5924258792989168 9
-169.74945675203128 -76.92947847671137 -1.5923383486515565 9
-169.75376416145613 -77.12943208748776 -1.5923508485419682 9
-169.75808553824896 -77.32938539558162 -1.5924778734994944 9
-169.76243818314003 -77.52933802587293 -1.5926394794828944 9
-169.76682003053574 -77.72929002019006 -1.592769967788265 9
-169.77122508589514 -77.92924150492546 -1.5928755385895164 9
-169.77565152468145 -78.12919251626099 -1.5929867436197933 9
-169.78010117451012 -78.32914301137073 -1.5931076843820537 9
-169.78457530341774 -78.52909296011865 -1.5932286717488051 9
-169.78907283239872 -78.72904238515228 -1.5933417437132718 9
-169.79359234479602 -78.92899131651725 -1.5934514237655073 9
-169.79813546595014 -79.12893971227813 -1.5935799995003732 9
-169.8027064848581 -79.32888746747082 -1.5937303480375904 9
-169.80730585355133 -79.52883456872472 -1.5938467655528448 9
-169.81192053185399 -79.72878132468277 -1.5938834830490844 9
-169.81653668185047 -79.92872806299277 -1.5938976364675355 9
-169.82117888522603 -80.12867419373687 -1.5941707000424061 9
-169.82590536534826 -80.32861832354021 -1.59474008518597 9
-169.83075828079726 -80.5285594332992 -1.5953618022060474 9
-169.8357206962782 -80.72849788294344 -1.5958354085596496 9
-169.84076389106175 -80.92843430822224 -1.5961852582615421 9
-169.84587551901106 -81.12836897726146 -1.5965313047139498 9
-169.85105757155486 -81.32830183629335 -1.5968898447269846 9
-169.85631585668756 -81.52823271925365 -1.5973081456325586 9
-169.86166762721987 -81.72816111173118 -1.5978250303938886 9
-169.86712977535996 -81.92808650314602 -1.5983638063133223 9
-169.8726676422772 -82.1280098212027 -1.5985468081169678 9
-169.87820144148694 -82.32793325267711 -1.5983237517177566 9
-169.88366952024438 -82.52785848664827 -1.5979734589169812 9
-169.8890777353502 -82.72778535695755 -1.5977248916102773 9
-169.8944458559881 -82.92771331472275 -1.5975625792199015 9
-169.89978325352916 -83.127642089577 -1.5974103546700875 9
-169.90509019754325 -83.32757165495512 -1.5972578145579808 9
-169.91036275228925 -83.52750211060366 -1.5970496725432075 9
-169.9155835983648 -83.72743396169538 -1.5967405397791177 9
-169.92073001031267 -83.92736785186142 -1.5962613790617073 9
-169.92573286248955 -84.12730536731048 -1.5952723822572306 9
-169.93048242521036 -84.32724891906834 -1.5937286857384343 9
-169.9348958000963 -84.52720022714769 -1.5920302055802893 9
-169.93898689966127 -84.72715854389502 -1.590505171047113 9
-169.94278865371737 -84.92712262831631 -1.5891062276376995 9
-169.94630217944623 -85.12709189308306 -1.5876004263447732 9
-169.94950076445554 -85.32706632270697 -1.5859570556599576 9
-169.95237680233726 -85.52704564856406 -1.5844602288308787 9
-169.95499145769364 -85.7270286673726 -1.5833429697755272 9
-169.95741877152994 -85.92701401314858 -1.5825546599242901 9
-169.959698791456 -86.12700100667738 -1.5818464545512991 9
-169.96184183649692 -86.32698956931176 -1.5811840383241655 9
-169.96383349974514 -86.52697978449181 -1.5802312403957595 9
-169.96557801912948 -86.72697222208174 -1.578712500149234 9
-169.96696533163214 -86.92696750666501 -1.5767127880867924 9
-169.9679424261651 -87.12696535948913 -1.5746496254184623 9
-169.9685061652249 -87.32696471218671 -1.5725799812570054 9
-169.9686784311056 -87.52696462750214 -1.5708345071473946 9
-169.96856110760032 -87.72696470873892 -1.5696840878093294 9
-169.96826862804343 -87.92696467566144 -1.56900426538922 9
-169.96783188829966 -88.12696426149475 -1.568183860763467 9
-169.9672087943648 -88.32696321123744 -1.5671413840423623 9
-169.96637490508053 -88.52696137167918 -1.5661616807744072 9
-169.96537467559372 -88.72695893700373 -1.5654779721543368 9
-169.96426026153298 -88.92695611638293 -1.5648988291862396 9
-169.96295538155576 -89.12695203660816 -1.563484744610446 9
-169.9612715825845 -89.32694487912704 -1.5611109005538464 9
-169.95905791561574 -89.52693284631069 -1.5583618416996659 9
-169.9563047853248 -89.72691432103922 -1.5557158773499644 9
-169.95303532858097 -89.92688781018241 -1.5532408671901419 9
-169.9493181925432 -90.12685337626176 -1.5512697358210041 9
-169.9452617466893 -90.32681243965814 -1.5498463287522197 9
-169.94095157625173 -90.5267660872956 -1.5486291600891497 9
-169.93639074869014 -90.72671410919675 -1.5473391272844275 9
-169.93156366343877 -90.92665597598752 -1.5459481057791737 9
-169.9264358887065 -91.1265903893714 -1.5443183559417926 9
-169.92095657218985 -91.32651538054007 -1.5424319114901288 9
-169.9150884248062 -91.52642934135471 -1.5404885559762242 9
-169.90884239016125 -91.72633197305858 -1.5386513422206543 9
-169.90223816846245 -91.92622319952181 -1.5368785016005684 9
-169.89526752421185 -92.12610191216966 -1.5349658013417966 9
-169.8878978877136 -92.32596610310411 -1.5328869250797907 9
-169.88012425284893 -92.5258149218095 -1.5310436196212756 9
-169.87203850129455 -92.72565157206019 -1.5297633879014216 9
-169.86374873783592 -92.92547994724126 -1.5289257791603172 9
-169.85528253496676 -93.1253007660169 -1.52794211544779 9
-169.84659733430067 -93.32511198239212 -1.526734457388406 9
-169.83767002257497 -93.52491247665598 -1.5256113298168972 9
-169.82855186585692 -93.72470460648248 -1.5248241769935464 9
-169.81930179184457 -93.92449105519508 -1.5241504485010116 9
-169.8098300435803 -94.12426696432784 -1.522502906681634 9
-169.79991742639498 -94.32402090987401 -1.5197385984830614 9
-169.78940622111574 -94.52374441784913 -1.5167891246088185 9
-169.77836323094482 -94.72343982879585 -1.514413334436028 9
-169.76689885152732 -94.92311157720275 -1.5124957209021606 9
-169.75504637417384 -95.12276027926283 -1.5104726866768254 9
-169.74277200953523 -95.32238322927411 -1.5082694540334758 9
-169.73005254385154 -95.52197837300983 -1.506067446012642 9
-169.7169084253715 -95.7215462537769 -1.5040141853435582 9
-169.7033662144274 -95.92108773595972 -1.5020233287182374 9
-169.68939498490258 -96.12059949481473 -1.4996743683133917 9
-169.6749138712561 -96.32007456643099 -1.4969121707379778 9
-169.6598641578926 -96.51950757908189 -1.4940739442211797 9
-169.64426814796326 -96.71889899043256 -1.491433391929943 9
-169.628162110562 -96.91825021069292 -1.4889022211551202 9
-169.611523680991 -97.11755748740333 -1.4860512852165517 9
-169.59427963258562 -97.31681258979245 -1.4828260309645522 9
-169.57642069721717 -97.51601330234206 -1.4801571440095949 9
-169.55816058418824 -97.7151783460042 -1.478798433049368 9
-169.5397455245218 -97.91432951551143 -1.478348675397395 9
-169.5211556447568 -98.11346398265074 -1.476860628959423 9
-169.50214046208907 -98.31255758066472 -1.4740785615964556 9
-169.48250887862858 -98.51159161103548 -1.4709521670222978 9
-169.46229724053083 -98.7105683302421 -1.4682497754434125 9
-169.44158542252478 -98.90949395158545 -1.4658443690946132 9
-169.42036925589122 -99.10836598213855 -1.463120589270755 9
-169.39857182461202 -99.30717439304898 -1.4599993518701937 9
-169.376175127675 -99.5059160277317 -1.4573511054244077 9
-169.35336891062548 -99.7046118563575 -1.4558786177324834 9
-169.33037219366605 -99.90328624023098 -1.4551829691363036 9
-169.30714067228317 -100.10193280336048 -1.4533347287462248 9
-169.28340238888487 -100.30051859630949 -1.4500818255850756 9
-169.25894981555004 -100.49901807077593 -1.4464447386862425 9
-169.23381882894944 -100.69743368582344 -1.4432460647230683 9
-169.2080922707099 -100.89577325621431 -1.4403642525949627 9
-169.18177298598323 -101.09403452712513 -1.4372129021740827 9
-169.1547947691963 -101.29220655206764 -1.4337167790109737 9
-169.12713960038403 -101.49028522929474 -1.4305933690043866 9
-169.09895979949647 -101.68829052991299 -1.4284193956327105 9
-169.07043818647833 -101.88624678735117 -1.4270478330415577 9
-169.04166101322858 -102.08416561551144 -1.4257710055697246 9
-169.01263130677168 -102.2820476661207 -1.4244943536726828 9
-168.9833121157921 -102.47988735908035 -1.4226871831997812 9
-168.9535409111567 -102.67765931739132 -1.4199237502986513 9
-168.9231339972888 -102.87533471701 -1.4163470250901329 9
-168.89200143697198 -103.07289755176375 -1.4126440125841275 9
-168.86013399282427 -103.27034284839311 -1.408906611664208 9
-168.8275692266565 -103.46767385033627 -1.4057655404583191 9
-168.79449333613155 -103.66492024200554 -1.4037258152406837 9
-168.7611154432466 -103.8621158918247 -1.4025609925572988 9
-168.7274970148718 -104.0592702847017 -1.4011851312983392 9
-168.6935726171192 -104.25637194939743 -1.3994572818763318 9
-168.6592985259109 -104.4534131671596 -1.3977459389107532 9
-168.6247178586494 -104.65040112255522 -1.3963455994797074 9
-168.58988508619495 -104.84734489460133 -1.395068817008763 9
-168.55473289333096 -105.044231705073 -1.3930183576953818 9
-168.5190894408646 -105.24103001648338 -1.3900784674344038 9
-168.48281055352734 -105.43771272508212 -1.3866910216479953 9
-168.44585627872334 -105.63426964966104 -1.3832084624014294 9
-168.40821629978652 -105.83069574724796 -1.3798442474968364 9
-168.370018251018 -106.02701414626617 -1.3776186219222348 9
-168.3315080022037 -106.22327212050193 -1.3766602743142664 9
-168.29284192960037 -106.41949939966135 -1.3756340191196348 9
-168.2538636444271 -106.61566429490489 -1.373476438922538 9
-168.21435939677448 -106.81172383290155 -1.3704084271933978 9
-168.1742582857763 -107.00766273296672 -1.3674839010639508 9
-168.13361173841304 -107.20348942885893 -1.3648393861947647 9
-168.0924645251613 -107.39921120977836 -1.362323667944619 9
-168.05082592010453 -107.59482897167655 -1.359816585397109 9
-168.008695938647 -107.79034183141341 -1.3572673814903455 9
-167.96604213993746 -107.98574109670025 -1.3544345398541298 9
-167.92280435500464 -108.18101140359488 -1.3512895780764826 9
-167.87898218811105 -108.37615112618742 -1.3487050178954614 9
-167.8347777856224 -108.57120522210214 -1.3473724910251106 9
-167.79042063351838 -108.76622497457848 -1.3468837209987785 9
-167.74587877997342 -108.96120219936776 -1.3452998501119915 9
-167.70089713024635 -109.15607795534144 -1.3423728664238523 9
-167.65527126884172 -109.35080445304006 -1.33893275946653 9
-167.60898972100588 -109.54537653572112 -1.335636631333514 9
-167.56208475396375 -109.73979887063227 -1.3325828892896383 9
-167.5146511013964 -109.93409271074441 -1.330238524756055 9
-167.46683675434096 -110.12829344976952 -1.3286619241356834 9
-167.4187519908766 -110.32242731934801 -1.3272848816151122 9
-167.37037578865392 -110.51648852443755 -1.325658317126962 9
-167.3216625569178 -110.71046529479902 -1.3238575613516173 9
-167.2726145920198 -110.9043578472377 -1.3222391712516566 9
-167.22327496210576 -111.0981766044565 -1.3208473720752072 9
-167.1736536029612 -111.29192344285084 -1.3191845291841109 9
-167.12364594010143 -111.4855707345605 -1.3168581379166233 9
-167.0731265494669 -111.67908541306394 -1.3139483135738323 9
-167.02202106501704 -111.87244640319335 -1.310833486846815 9
-166.9702985524629 -112.06564283054927 -1.3075650429052181 9
-166.91798506312446 -112.25867968512854 -1.3049503881783466 9
-166.86529129480132 -112.45161356117372 -1.303625290899639 9
-166.81245304705058 -112.64450815234206 -1.303225396941481 9
-166.75947627796825 -112.83736438362921 -1.3020316996123862 9
-166.7061716697679 -113.03012985105944 -1.2998260866211777 9
-166.6523931456662 -113.22276389810503 -1.2973250704745507 9
-166.5981587266216 -113.41527047859023 -1.2950922949422923 9
-166.54351855252034 -113.60766228075175 -1.293075946117152 9
-166.48849009565936 -113.79994316097446 -1.2910319890670947 9
-166.43306309846733 -113.99210947871418 -1.28892920468769 9
-166.3772274554326 -114.18415756056693 -1.2867822375291398 9
-166.32097648070368 -114.37608441254446 -1.2846025779238377 9
-166.26430546507115 -114.5678875684828 -1.2824255529642814 9
-166.2072317596269 -114.75957129334175 -1.2804173717699467 9
-166.14979141557325 -114.95114555794521 -1.2785987493472708 9
-166.09201090643634 -115.14261748059472 -1.276821444005503 9
-166.03388304125352 -115.33398413899687 -1.2749691945469308 9
-165.97539472422528 -115.52524086164793 -1.2730713012024268 9
-165.9165511176573 -115.7163886298392 -1.2712654592192432 9
-165.8573728480613 -115.90743321262768 -1.2695682933698287 9
-165.79786295708809 -116.09837481919598 -1.2677151326486293 9
-165.73796470749943 -116.28919476882442 -1.2654986168955005 9
-165.67761168767882 -116.47987130910171 -1.2629930726192835 9
-165.6167837632023 -116.67039705736254 -1.2605475006755325 9
-165.555499983414 -116.86077679806536 -1.2582060909185022 9
-165.4937745220106 -117.05101375608113 -1.2558792942970816 9
-165.43160135287255 -117.24110473316549 -1.2534970318779382 9
-165.3689712621939 -117.43104553738918 -1.2510867659686176 9
-165.30589197958955 -117.62083770943445 -1.2487772227783023 9
-165.24238555601974 -117.81048763541763 -1.2465836772587697 9
-165.17845437065773 -117.9999949208046 -1.2442092792831165 9
-165.11403443252362 -118.18933630343928 -1.2414222567916329 9
-165.049051560938 -118.37848499974088 -1.238320095561367 9
-164.98349156486825 -118.56743471241879 -1.2353587058479032 9
-164.91739089725803 -118.75619643885653 -1.2325947271502056 9
-164.8507656061647 -118.94477378702808 -1.2297022697506237 9
-164.7835593201355 -119.13314424699625 -1.226427418382667 9
-164.71571048111466 -119.32128350500469 -1.2230441703014967 9
-164.64732448722336 -119.50922860830515 -1.2208306872482846 9
-164.5786474245574 -119.69706831091479 -1.2199433034496094 9
-164.50983378021417 -119.88485790510413 -1.2189584172746275 9
-164.4407224326264 -120.07253735699936 -1.2167690629883405 9
-164.37109648378956 -120.26002624731568 -1.2136288282484637 9
-164.3008935239731 -120.44730053564291 -1.2107188757316627 9
-164.2301812149672 -120.63438364973935 -1.2081869429222603 9
-164.15900507865445 -120.82129065220575 -1.20564338402613 9
-164.08732462525555 -121.00800427951918 -1.2027857498420125 9
-164.01508846294135 -121.19450326902317 -1.199805127516371 9
-163.94236048296102 -121.38081136999274 -1.197589724037915 9
-163.86930148918373 -121.56699017102513 -1.1962497057466064 9
-163.79604479339 -121.75309086043146 -1.1953311271132834 9
-163.72262369023963 -121.93912666988652 -1.1944822461334768 9
-163.649044113975 -122.12510027392571 -1.1935062151209979 9
-163.57519392460867 -122.31096656115575 -1.191489295194251 9
-163.50086181877325 -122.49664028749926 -1.1883192705579602 9
-163.42588075072373 -122.68205338204879 -1.1847024849338994 9
-163.3502387176748 -122.86719810307197 -1.1811855565812652 9
-163.27395907032582 -123.05208063712355 -1.177873982747868 9
-163.19712772257097 -123.23673445138016 -1.1752569716291856 9
-163.11988306860863 -123.42121589720873 -1.1733942118566498 9
-163.04233613217804 -123.60557019565174 -1.1718504582407496 9
-162.96450312964186 -123.78980385765007 -1.1702895890686833 9
-162.88637718380457 -123.9739138488824 -1.168603493101583 9
-162.8078875280537 -124.15786906952741 -1.1662923074472398 9
-162.72890989227213 -124.34161491649766 -1.1632955219400483 9
-162.64935258414536 -124.52511065547996 -1.1601298085442715 9
-162.56923560624122 -124.7083631751994 -1.1571931834670837 9
-162.48859914169137 -124.89138793079555 -1.1544116588550677 9
-162.40743978261364 -125.07418114720684 -1.1514442162416803 9
-162.3257176892266 -125.25672297755386 -1.1482504152511503 9
-162.24342574387606 -125.43900851789533 -1.1453462661027995 9
-162.16066702760187 -125.62108313121524 -1.1431282579552038 9
-162.07756165021306 -125.80299996851636 -1.1414411872563417 9
-161.9941387253028 -125.98477101879791 -1.139570675014884 9
-161.91035138831634 -126.1663739025625 -1.137429303307887 9
-161.82617536012486 -126.34779684875768 -1.1353985780552858 9
-161.74166742036033 -126.52906602830069 -1.1337713103874034 9
-161.65689111174694 -126.7102106931857 -1.1322646401942746 9
-161.57174581387306 -126.89118182129492 -1.1295784123056152 9
-161.4859939966834 -127.07186511097953 -1.1255564869694692 9
-161.39947977999975 -127.2521849332163 -1.1215154922965267 9
-161.3123262168045 -127.43219781593675 -1.1184644122359544 9
-161.22470693222616 -127.61198429426537 -1.1162293533983672 9
-161.1366943606927 -127.7915777440528 -1.1140127821850976 9
-161.04827662649788 -127.97097224857907 -1.1117142660268802 9
-160.9594180635397 -128.15014947767582 -1.1090015661067874 9
-160.87001419685566 -128.32905473260587 -1.1056206149251104 9
-160.77995584843845 -128.50763065356688 -1.1018434019325845 9
-160.68928923715487 -128.68589906092012 -1.0989147683229208 9
-160.59818977014956 -128.86394760092827 -1.0969833388870627 9
-160.50675910042375 -129.04182612726342 -1.094841319611941 9
-160.41484747862697 -129.21945570832244 -1.0915677375298944 9
-160.32226079674254 -129.39673459229795 -1.0873504108445877 9
-160.2289126056865 -129.57361455257228 -1.0830465363647601 9
-160.13480582687782 -129.75009179590967 -1.0787643780213305 9
-160.03998312679306 -129.92618468130772 -1.0750909983488075 9
-159.9446067646676 -130.10197874973264 -1.0724728584167054 9
-159.84885582079858 -130.27756917055427 -1.0706935102378292 9
-159.75278756364892 -130.45298568440205 -1.068767873779228 9
-159.65635835985188 -130.6282038345211 -1.0665755917774566 9
-159.5595317622129 -130.80320293933093 -1.0642764839805041 9
-159.4623042889955 -130.97797975092675 -1.061991756697094 9
-159.3646801454832 -131.15253514720098 -1.059753541573225 9
-159.26668123641258 -131.32688037788068 -1.0577078287509103 9
-159.16834409788368 -131.5010352667145 -1.0558711658093005 9
-159.06968761086569 -131.67500954488753 -1.0539557721472343 9
-158.97067242489433 -131.84877963524957 -1.0517437278936743 9
-158.87125441490798 -132.0223192646902 -1.0494440517312562 9
-158.7715048685865 -132.1956687619333 -1.0480048897622516 9
-158.67159043020388 -132.36892348369923 -1.0475394179752804 9
-158.57164195669733 -132.5421583513497 -1.0474332399245923 9
-158.47166598557743 -132.71537724139452 -1.0472213939000976 9
-158.3716416816593 -132.8885683505275 -1.0468302783769003 9
-158.27150774712464 -133.06169613271916 -1.045926106444671 9
-158.17116946160047 -133.23470543013448 -1.0444699625033125 9
-158.0705569348232 -133.40755543417393 -1.0428736830263983 9
-157.96968335762054 -133.58025337717405 -1.0414488723996653 9
-157.86857694500833 -133.75281516914876 -1.0401456664981852 9
-157.76723847938834 -133.92524069181883 -1.0387380339334256 9
-157.66564608961943 -134.0975165909712 -1.0371996335225155 9
-157.56379453120542 -134.2696393829972 -1.0358081205579628 9
-157.46173418988482 -134.4416385893466 -1.0347734491398228 9
-157.35952411711204 -134.61354887961951 -1.0340199553274527 9
-157.25718186590146 -134.7853804166143 -1.0332048573735388 9
-157.1546907289838 -134.95712313080946 -1.0322866879344865 9
-157.0520386612695 -135.1287697265585 -1.0313567295980222 9
-156.94923189476478 -135.30032376801466 -1.0304839675394324 9
-156.84627934301224 -135.4717904035956 -1.029638403195278 9
-156.74317356466605 -135.64316491351912 -1.0286842023040523 9
-156.6398936288903 -135.81443443874502 -1.027606797240632 9
-156.53644462496197 -135.98560188190555 -1.0268323274492006 9
-156.43291651807718 -136.15672155611165 -1.0266827220343349 9
-156.32941170970227 -136.32785531463466 -1.0270183024344568 9
-156.22595647992165 -136.49901902534387 -1.027206682691545 9
-156.12251429658323 -136.67019061084684 -1.0271719689480352 9
-156.01906427632804 -136.84135745564186 -1.0271966998472994 9
-155.91564183806386 -137.01254098362358 -1.0274943188542363 9
-155.8122875488828 -137.18376572901124 -1.0278773370066796 9
-155.70893983698141 -137.35499443828672 -1.0274969151904756 9
-155.60545285503287 -137.52613887640663 -1.0262523390365041 9
-155.5017168736321 -137.69713257492546 -1.0247659488541336 9
-155.39774627620994 -137.86798388096224 -1.0235078849302233 9
-155.29357883518793 -138.03871524218465 -1.022432958769464 9
-155.18922767673655 -138.20933427607656 -1.0213366554688823 9
-155.0846855920359 -138.37983636410328 -1.020194013225731 9
-154.97994489888717 -138.55021656105066 -1.019006900083522 9
-154.87499834800153 -138.7204700478902 -1.0177767244782363 9
-154.7698392079532 -138.8905922981466 -1.0165167443331908 9
-154.6644679174354 -139.0605832301666 -1.015286918775606 9
-154.55889082534043 -139.23044642608036 -1.0140941636537417 9
-154.45310940552557 -139.40018243830573 -1.0128564863198866 9
-154.34710892864135 -139.56978175026202 -1.011512053396791 9
-154.24087101504367 -139.73923255391065 -1.0100479879306328 9
-154.13437050447575 -139.90851844403724 -1.0084061150645933 9
-154.02757666167926 -140.07761923515972 -1.0065821792608038 9
-153.9204944763932 -140.24653750298876 -1.0051627595392731 9
-153.81324399424383 -140.41534914973653 -1.0045898972153335 9
-153.705962507079 -140.58414109246038 -1.0046854448027445 9
-153.59869163262888 -140.75293966620694 -1.0046448797446306 9
-153.49139417976033 -140.9217213032969 -1.0043711317664843 9
-153.38404189457162 -141.09046810046178 -1.004048355195246 9
-153.27664270288523 -141.25918508069626 -1.003815319891019 9
-153.16921062216693 -141.42788112444984 -1.0036366413831295 9
-153.0617406912492 -141.59655304136172 -1.0033525281142643 9
-152.954212317001 -141.7651876988102 -1.002943846525499 9
-152.84660851599548 -141.9337742517208 -1.0024771042561182 9
-152.73892536910597 -142.10231013758326 -1.002002415749268 9
-152.63116244378207 -142.27079501139656 -1.0015469219114086 9
-152.52333382442666 -142.43923784915418 -1.0012331829791281 9
-152.41546555081868 -142.60765530312008 -1.001075567066134 9
-152.30757703522858 -142.7760597859096 -1.0009598090737901 9
-152.19966530428854 -142.94444938723078 -1.0007998116429275 9
-152.09172325162984 -143.11281955251533 -1.000606212493893 9
-151.98374946543063 -143.28116937279134 -1.000427046561736 9
-151.8757472237364 -143.449500941495 -1.0002680043172902 9
-151.76771795870823 -143.61781516779592 -1.0000965736446263 9
-151.65965673792562 -143.7861088781504 -0.9998882577854306 9
-151.551557442484 -143.95437813735947 -0.9996457200703796 9
-151.44341538254523 -144.12261991770845 -0.9993809865140866 9
-151.33522704696426 -144.29083193999003 -0.9990959084999922 9
-151.22699383540555 -144.4590150885352 -0.9988704184699886 9
-151.1187327751488 -144.6271803160023 -0.9987647416219593 9
-151.01046316575406 -144.7953400396722 -0.9987524034953819 9
-150.9021901560372 -144.96349757115945 -0.9987138620877831 9
-150.7939072402885 -145.13164872266958 -0.9986347958110969 9
-150.68561047912738 -145.29979095854875 -0.9985629602026936 9
-150.57730527208648 -145.46792775497752 -0.9985343366125542 9
-150.4689979556082 -145.636063191037 -0.9985200211328394 9
-150.36067942042175 -145.8041913990465 -0.9983895022742926 9
-150.2523278422529 -145.97229832309122 -0.9981285929491988 9
-150.14394243346595 -146.14038345517903 -0.998088341989274 9
-150.03559104769897 -146.30849049332633 -0.9985332460196882 9
-149.92735220632585 -146.47667000108393 -0.99936827979229 9
-149.81925368688167 -146.64493978506323 -1.0001643708002852 9
-149.71128147243348 -146.81329067207085 -1.0008696124419676 9
-149.6034244186597 -146.9817153423737 -1.0015515494425125 9
-149.49568457994104 -147.15021499354646 -1.00226106839604 9
-149.38806640105955 -147.318792366908 -1.0029904665389706 9
-149.28057020465909 -147.48744756338226 -1.0037049707379957 9
-149.17319291948854 -147.65617850996023 -1.0044005373971772 9
-149.06593374770958 -147.82498457017803 -1.005115878148347 9
-148.95879949979 -147.99386991798258 -1.005880148485221 9
-148.8517973016996 -148.16283892885627 -1.0066561428323961 9
-148.74491428334701 -148.33188336975593 -1.0072759616140903 9
-148.63812111562174 -148.50098462939795 -1.0077201543972505 9
-148.5314002622615 -148.67013153715078 -1.0081888255363933 9
-148.42477353301 -148.83933774697422 -1.0088326327666186 9
-148.3182668594828 -149.00861952175353 -1.009536218801312 9
-148.21184413356877 -149.1779541195022 -1.0097791336559898 9
-148.10541818578992 -149.34728669554855 -1.0095000992823113 9
-147.99892574770678 -149.5165774447665 -1.0091129180068275 9
-147.89238497522373 -149.68583779507497 -1.0089291082405103 9
-147.78582765764423 -149.85508775009444 -1.0088673366575678 9
-147.67924187289597 -150.0243197670977 -1.0085606688577358 9
-147.57257972175637 -150.19350363101574 -1.007965525604477 9
-147.4658053937417 -150.36261673532937 -1.0072961400856102 9
-147.35892522791255 -150.5316630048165 -1.0067137853682695 9
-147.2519532064222 -150.70065117346704 -1.006194427054461 9
-147.14489040430877 -150.86958182128467 -1.0056296426254525 9
-147.03772727484773 -151.03844881805324 -1.0050068193797514 9
-146.93046113469183 -151.20725039955187 -1.0044431754705403 9
-146.82311229419884 -151.3759994240889 -1.0040269428800963 9
-146.71570461075422 -151.54471100646933 -1.0037257494155005 9
-146.60824458482415 -151.71338923711085 -1.0033935739032904 9
-146.50072443217496 -151.88202913339137 -1.003012929551267 9
-146.39313929564176 -152.05062758105538 -1.0026385931022004 9
-146.28549505306557 -152.21918831378466 -1.0023117918779363 9
-146.17779872102733 -152.3877157887932 -1.0020013413739755 9
-146.07004063933573 -152.5562037773482 -1.0015665894668722 9
-145.96219742743878 -152.72463725914668 -1.000991581343929 9
-145.85425962022924 -152.89301013659707 -1.0005107224856016 9
-145.7462636208905 -153.0613457227037 -1.0003004252095749 9
-145.6382531650081 -153.2296720330178 -1.0003039537824059 9
-145.53024164585102 -153.39799764487623 -1.0002654192857396 9
-145.4222174862456 -153.56631513878742 -1.0001539783249738 9
-145.31417168016787 -153.73461874275662 -1.0000238536198112 9
-145.20610583405767 -153.90290948454626 -0.9999158526101692 9
-145.09802347494488 -154.07118962231618 -0.9998237943089423 9
-144.98992482584688 -154.23945929412508 -0.9997198015066864 9
-144.88180739124743 -154.4077168936188 -0.9996006366923696 9
-144.7736704876529 -154.5759619802923 -0.9994973068313507 9
-144.66551949308015 -154.74419801315145 -0.9994331472265799 9
-144.55736003657805 -154.91242861236748 -0.999378359962333 9
-144.44918183336966 -155.08064715493268 -0.9991985528673178 9
-144.3409615046818 -155.2488385896861 -0.9988780643268179 9
-144.23268372977665 -155.4169930500741 -0.9985552772011056 9
-144.1243602389109 -155.58511807470148 -0.9983343352563089 9
-144.0160075257011 -155.7532242672024 -0.9981953720312796 9
-143.90763147141203 -155.9213154061229 -0.9980487886165303 9
-143.79922922347663 -156.08938965304606 -0.997883667110749 9
-143.69079734897693 -156.2574447918752 -0.9976947245950872 9
-143.58233138864549 -156.425477932224 -0.9974779853312393 9
-143.47382751452986 -156.59348658959956 -0.9972594466002371 9
-143.3652957652289 -156.7614772425383 -0.9971563543579729 9
-143.25675758910933 -156.92946374459615 -0.99718252128166 9
-143.14822928672808 -157.0974566244701 -0.9972479589237164 9
-143.03970958816015 -157.26545506192096 -0.9972849479693287 9
-142.93119378061 -157.43345601291222 -0.9972955590936179 9
-142.8226782560656 -157.6014571467563 -0.9972891305290892 9
-142.71416031693582 -157.76945672061657 -0.9972670977292926 9
-142.60564103893543 -157.9374554292434 -0.9972908992210245 9
-142.49713349303033 -158.10546171644972 -0.9974067676698327 9
-142.3886530402344 -158.27348550431805 -0.9976113993661258 9
-142.28021328771428 -158.44153556327916 -0.9978898960969654 9
-142.17182639814982 -158.60961971526564 -0.9982401537215967 9
-142.063500831317 -158.7777433944358 -0.9986021855191557 9
-141.95523332841776 -158.94590447998613 -0.9989308531879106 9
-141.84701879447732 -159.1140996659612 -0.999241801333618 9
-141.73886049511688 -159.282331013797 -0.9996055771231412 9
-141.63076857258477 -159.45060499963557 -1.0000299934138568 9
-141.52274385653746 -159.61892213098952 -1.0003593321787931 9
-141.4147567052448 -159.78726338494306 -1.0004764248647506 9
-141.30677425203172 -159.95560767149146 -1.0004699713228218 9
-141.1988110544109 -160.12396429548954 -1.0007399402827546 9
-141.09092068893477 -160.2923675696646 -1.0013337772277446 9
-140.98314333061614 -160.4608432062804 -1.0020131407362425 9
-140.87547253119297 -160.62938700013765 -1.0025986964722604 9
-140.7678932981885 -160.79798926206078 -1.0031142213330304 9
-140.66040335620545 -160.9666484420186 -1.0036669238545235 9
-140.55301089211773 -161.1353696860175 -1.0042693952181072 9
-140.44571892213725 -161.3041548550494 -1.004832164175622 9
-140.338512912848 -161.47299465583262 -1.005287917101739 9
-140.2313755624709 -161.64187803601968 -1.005659432289035 9
-140.12430177239136 -161.8108017071016 -1.006049404077617 9
-140.01729648365415 -161.97976876795502 -1.0064701394245117 9
-139.9103627863017 -162.14878114670452 -1.0068865970856644 9
-139.80349688948115 -162.3178364157814 -1.0072724169349896 9
-139.69669428287185 -162.48693168998793 -1.0076477864992315 9
-139.58996130274787 -162.65607091376575 -1.0081037104394301 9
-139.48331320389818 -162.82526364716804 -1.0086500531403053 9
-139.37675055804223 -162.9945102121571 -1.0090435592858342 9
-139.27022608889425 -163.16378082593258 -1.0091012521094613 9
-139.1636840335475 -163.33304036672234 -1.008856042218801 9
-139.05708631072883 -163.50226484749987 -1.008456284766467 9
-138.9504093975731 -163.67143944917902 -1.0079228452642415 9
-138.8436658130694 -163.84057204835557 -1.0078353337979242 9
-138.73698205727501 -164.00974229586114 -1.0086297305275058 9
-138.63050143035144 -164.179040408844 -1.0101220939203126 9
-138.52426850198498 -164.3484942220961 -1.0114832565168246 9
-138.41824662179482 -164.51808025192335 -1.0126132645503076 9
-138.31240642597407 -164.68777963773238 -1.0136703018843645 9
-138.20674959606313 -164.85759319595277 -1.0147733194308388 9
-138.101284102596 -165.02752571618356 -1.0159249724603399 9
-137.99601943472743 -165.1975827370925 -1.0171372254528728 9
-137.89096632604173 -165.36777041068208 -1.018410531763973 9
-137.78612295243767 -165.5380872646977 -1.0195420685605807 9
-137.68144721555987 -165.70850738833116 -1.0203794565713555 9
-137.57689661828726 -165.8790046392246 -1.0211557154970492 9
-137.4725549253024 -166.04962966350377 -1.0229193823148213 9
-137.36860962865205 -166.22049619081164 -1.025794349981505 9
-137.26521140103472 -166.39169490724598 -1.0291333239418086 9
-137.1623834508244 -166.56323689860974 -1.0324505793950447 9
-137.06011804058446 -166.73511420264614 -1.0355795850943148 9
-136.95831588625717 -166.9072662665938 -1.0377716892527353 9
-136.8568025826167 -167.07958938339914 -1.0389420160030407 9
-136.75547293881453 -167.2520205615524 -1.0402304539952787 9
-136.65444972467853 -167.42463081021626 -1.0424911715112148 9
-136.5538939824899 -167.5975136242082 -1.045509538684522 9
-136.45384971196233 -167.7706935034863 -1.0483225502309195 9
-136.35426495226397 -167.94413838061885 -1.0508157647649154 9
-136.25510775247608 -168.11782778853686 -1.0533523376450913 9
-136.15641892742676 -168.29178353274278 -1.056203799431125 9
-136.05825338696576 -168.46603552339468 -1.0593581875671807 9
-135.96066008887433 -168.6406088370134 -1.0627620190235647 9
-135.86368309946693 -168.81552458338766 -1.0664043823158873 9
-135.76731030934351 -168.99077351053216 -1.0694109177653477 9
-135.67135150430872 -169.16625022825167 -1.0711295460540844 9
-135.57559493980074 -169.34183780889296 -1.0719681627777025 9
-135.48005481184532 -169.51754266656158 -1.0737483385499245 9
-135.38492994153194 -169.69347200278597 -1.0766844553153978 9
-135.29037076600284 -169.8697064807155 -1.079934347860633 9
-135.19635689358742 -170.0462331092081 -1.082870788182238 9
-135.10283639372537 -170.22302160679416 -1.0855617017912234 9
-135.00979486370701 -170.40006227244132 -1.0883098048583009 9
-134.91724853753172 -170.57736220636787 -1.0911512712059181 9
-134.82521307217408 -170.75492804834067 -1.0940621557788586 9
-134.73369945258634 -170.9327634192371 -1.0970246727841302 9
-134.642715717368 -171.11087033190518 -1.0999801997245195 9
-134.55223686486352 -171.28923428256763 -1.10266769047911 9
-134.46221096084471 -171.46782730412085 -1.1050567519070784 9
-134.37259502259357 -171.64662617720825 -1.1072983054266976 9
-134.28337688340397 -171.8256239510264 -1.1095042823072572 9
-134.19455324234363 -172.00481821089141 -1.111754566903962 9
-134.10616614496485 -172.18422813053851 -1.1144037618502685 9
-134.01829451088327 -172.36389043847606 -1.1174894334278478 9
-133.93096133746448 -172.54381493568027 -1.1201452380258174 9
-133.84400959123485 -172.72392475357444 -1.1217300720525063 9
-133.75725771216804 -172.90413122911372 -1.1225583213396209 9
-133.6707019564712 -173.08443151381766 -1.1240234102121913 9
-133.58448308723138 -173.26489249877739 -1.1262851428648721 9
-133.49867389280513 -173.44554873653559 -1.128249056320855 9
-133.4131193361892 -173.62632630246944 -1.129105795099463 9
-133.32763172627457 -173.80713569682482 -1.129204777455942 9
-133.24222163162113 -173.98798137824005 -1.1300941812975511 9
-133.15706071386924 -174.168944149912 -1.131954149788304 9
-133.07227726784245 -174.35008426319405 -1.1340568754826807 9
-132.98784796897328 -174.53139011580376 -1.1358642601941809 9
-132.90372260475255 -174.71283733866676 -1.1374606857977336 9
-132.81989896980616 -174.89442391757456 -1.1392197787738079 9
-132.73641384370836 -175.07616599209803 -1.1411836056245888 9
-132.65327688441306 -175.25806746896558 -1.1429278953426685 9
-132.5704086516252 -175.44009201630521 -1.1441392792243579 9
-132.48772284987797 -175.62220016689267 -1.145120097406791 9
-132.4053062464491 -175.80442997270217 -1.1472076481700064 9
-132.32338603642958 -175.98688238688533 -1.15055390278197 9
-132.24211238570655 -176.1696238425003 -1.1539430806487878 9
-132.1613799437919 -176.3526062675309 -1.1564781932249764 9
-132.0810449266645 -176.53576423519348 -1.1584913460724655 9
-132.00115422666624 -176.71911563719038 -1.161449296603485 9
-131.9219093055637 -176.9027459064182 -1.1655194141800191 9
-131.84343941437467 -177.08670916087107 -1.1695589895132938 9
-131.76563259058344 -177.2709548676139 -1.1727266139325452 9
-131.6883339925919 -177.45541397675697 -1.1751481761726248 9
-131.6114604893271 -177.64004994291346 -1.1773779434122118 9
-131.53498701506425 -177.82485253873682 -1.1794863348464744 9
-131.4589490389329 -178.0098355556921 -1.1823377928471699 9
-131.38356676491028 -178.1950857882406 -1.1865669300814248 9
-131.30908583364408 -178.3806998888145 -1.191875198742929 9
-131.23557961862397 -178.56670331171875 -1.1969516542928083 9
-131.16298242698338 -178.75306403502591 -1.2016441827814728 9
-131.09124615085506 -178.93975726546645 -1.2062708002804283 9
-131.02039009378484 -179.12678594826292 -1.21106388668919 9
-130.95044687189966 -179.3141583962311 -1.2160272633948799 9
-130.88145184391664 -179.50188228561785 -1.2211775438387862 9
-130.81344255426765 -179.6899647733958 -1.2265129341485292 9
-130.7464121049582 -179.87839782676826 -1.231393663965181 9
-130.6802150694068 -180.06712617764066 -1.2353547431857486 9
-130.61468960116892 -180.25608906993557 -1.2386803741178574 9
-130.54983988190162 -180.4452841196743 -1.2426031794117554 9
-130.4858029742019 -180.63475566061697 -1.2472640363287812 9
-130.42269899359025 -180.82454108155773 -1.2523612139433906 9
-130.3605840781296 -181.01465222440564 -1.2576772148879134 9
-130.29949016265087 -181.20509242539416 -1.2628956636603155 9
-130.23926218221723 -181.3958086161352 -1.2666521478802912 9
-130.17959617633193 -181.58670281762613 -1.2688009289195934 9
-130.12030146075054 -181.77771248315256 -1.271009364734679 9
-130.06154932513064 -181.96888814751364 -1.2744749575047538 9
-130.00356341924564 -182.16029683973412 -1.2787395111610647 9
-129.94629749475664 -182.35192342167008 -1.281833786951058 9
-129.88949077066133 -182.54368744348096 -1.2835385220587037 9
-129.832941113318 -182.73552657636714 -1.2847691188441563 9
-129.77664517596173 -182.9274398303764 -1.2861817654275358 9
-129.7206409243987 -183.11943881947764 -1.2878603940157578 9
-129.66501627930265 -183.31154831705143 -1.2901652762253477 9
-129.60989880382976 -183.5038035386949 -1.2931321841954406 9
-129.55535977074825 -183.69622366851192 -1.2959533790726843 9
-129.50129400080434 -183.888777708965 -1.2980506179998164 9
-129.4475670303845 -184.08142638038024 -1.2995440357738834 9
-129.39411521803285 -184.27415126689 -1.3009484116205126 9
-129.3409311348661 -184.46695051186614 -1.3023259061066448 9
-129.2880452637215 -184.6598321990528 -1.3041850713272638 9
-129.23559978544372 -184.85283354538362 -1.3068895011204344 9
-129.18374573409068 -185.04599401044985 -1.3101091863271959 9
-129.13243828911163 -185.23930093150437 -1.3124316053983185 9
-129.0814774464654 -185.43270034695684 -1.3137055638958077 9
-129.03075994524832 -185.6261636473786 -1.315343450529709 9
-128.98049239907573 -185.8197434811669 -1.318353560029798 9
-128.93093051999878 -186.01350528359518 -1.3224688199328216 9
-128.882171876508 -186.2074716444191 -1.3265481229579192 9
-128.83418882263453 -186.4016312301105 -1.3304597239034996 9
-128.78692737149711 -186.59596702933945 -1.33388770175826 9
-128.74026338971112 -186.79044749164504 -1.3366070467422846 9
-128.694069920976 -186.98504076683244 -1.3388931921635703 9
-128.64838411232645 -187.17975345512866 -1.3419185734004957 9
-128.6033726473714 -187.37462250785472 -1.3458111070012995 9
-128.55915786837446 -187.56967427599832 -1.3499067627310133 9
-128.5157160660443 -187.76490024632022 -1.3537347316591135 9
-128.47299890508083 -187.96028601000154 -1.3573766241847673 9
-128.4310064988131 -188.15582845952042 -1.3611779689218042 9
-128.38977709150015 -188.35153338145946 -1.3651779918472162 9
-128.34935362045096 -188.54740690869355 -1.3694253386177706 9
-128.30979016209508 -188.74345549644391 -1.3739544736868128 9
-128.27113193024553 -188.93968362986297 -1.3784831214292272 9
-128.23325508908263 -189.13606450082372 -1.3818190697752966 9
-128.19590318571275 -189.33254675250527 -1.3838379471861895 9
-128.15890502041333 -189.5290955318882 -1.385757203322335 9
-128.1223587380134 -189.7257280356883 -1.3884336724425197 9
-128.08640674166446 -189.92247001218234 -1.3916972394911193 9
-128.05108994266394 -190.11932757865975 -1.3948317553365908 9
-128.01636976809348 -190.31629147824304 -1.3977586752109503 9
-127.98221775344294 -190.51335442401464 -1.4006455834711231 9
-127.94864245167895 -190.71051633376388 -1.4036100916297307 9
-127.91566020085413 -190.9077785691571 -1.4066727525179805 9
-127.8832997569543 -191.10514381569178 -1.4099199041576227 9
-127.85159955802929 -191.3026157897528 -1.4133565370800358 9
-127.82055313849355 -191.5001914220742 -1.4163690218571587 9
-127.79001758232819 -191.69784705836153 -1.4185274334227487 9
-127.75983105263568 -191.89555626024764 -1.4200042518365794 9
-127.72993490830838 -192.09330923333815 -1.4215226165070791 9
-127.70035110685684 -192.29110918235057 -1.4231638381154161 9
-127.67111436757376 -192.4889609596325 -1.4250715598573134 9
-127.64229145646365 -192.68687334712797 -1.4273462691346464 9
-127.6139516208676 -192.88485535437653 -1.4298978342197817 9
-127.58611008591232 -193.08290819632404 -1.4323488735415264 9
-127.55873994862453 -193.28102700928844 -1.4346595524309167 9
-127.53183166801249 -193.4792091665412 -1.4370799831231411 9
-127.50543139838948 -193.67745926922072 -1.4397848950970418 9
-127.47958681125294 -193.87578215728465 -1.4425474532551206 9
-127.4542093894073 -194.07416563590647 -1.4444191309721615 9
-127.42910453399408 -194.27258424142585 -1.4453037105054518 9
-127.40415670193224 -194.47102254372402 -1.4463083002063453 9
-127.379496848416 -194.66949638206003 -1.4482053346394472 9
-127.35529433252472 -194.868026454156 -1.450796629787309 9
-127.3315996700371 -195.06661818041093 -1.453254430782832 9
-127.30837083564464 -195.2652650851091 -1.4554884726571788 9
-127.2855734182623 -195.4639617537045 -1.4576348670391996 9
-127.26320325510142 -195.6627069077879 -1.4597884345244476 9
-127.2412631747592 -195.86150016095732 -1.4619827113418755 9
-127.21977618287372 -196.06034291339776 -1.4643575254014618 9
-127.1987809553875 -196.25923795259644 -1.4669248539483497 9
-127.17828423595482 -196.4581848954434 -1.4692490913273029 9
-127.1581956083751 -196.6571737250372 -1.4710272107059763 9
-127.13841323519524 -196.85619330932704 -1.4724297559150363 9
-127.11893764558546 -197.05524292904488 -1.474166758335354 9
-127.09984889259123 -197.25432995398742 -1.4763147384843933 9
-127.0812149398849 -197.4534603171461 -1.478682543016925 9
-127.0630612143051 -197.65263500339748 -1.4811374200004401 9
-127.04539920525497 -197.85185359248263 -1.4835283067509741 9
-127.02814962104111 -198.05110837782536 -1.4852271418304388 9
-127.01116276089846 -198.25038600185715 -1.4861714853811885 9
-126.99434692068736 -198.4496780717932 -1.487165450080244 9
-126.97778972996446 -198.6489915171155 -1.4887667958578639 9
-126.96160664502706 -198.8483356412981 -1.4908337311540711 9
-126.94582803283424 -199.04771242448751 -1.492777521551045 9
-126.93041829261607 -199.2471181692016 -1.4945352681091777 9
-126.91535457081073 -199.44655023514227 -1.496301327814143 9
-126.900657343204 -199.64600959168703 -1.4982103547719912 9
-126.8863544754231 -199.8454977972825 -1.5002450556809883 9
-126.87246348752859 -200.0450151471351 -1.5023337099302978 9
-126.85899387186765 -200.24456095720203 -1.504466713224133 9
-126.84593849984887 -200.44413388664444 -1.5064244437025966 9
-126.8332411478556 -200.64373070627022 -1.5080548633447972 9
-126.8208550768489 -200.84334875699867 -1.509825783171887 9
-126.80901460326919 -201.04299928806273 -1.5136753927403148 9
-126.79817152104803 -201.2427043095862 -1.519801022082077 9
-126.78865131734054 -201.4424779046819 -1.5264349035931695 9
-126.78038526095561 -201.6423096400415 -1.5323559340139652 9
-126.77324055763225 -201.8421849652694 -1.5377955045146523 9
-126.76722265401622 -202.04209593374006 -1.5437050017316838 9
-126.76244351055207 -202.24203968661166 -1.5501846817917282 9
-126.75899283062692 -202.44201181561405 -1.5569013934921578 9
-126.75688635045486 -202.64200294076554 -1.5636279875126382 9
-126.75612164424078 -202.84200290929743 -1.5702519055189148 9
-126.75662927362151 -203.04200366221698 -1.5763155454080588 9
-126.75828879017102 -203.24199873542418 -1.5817756285904663 9
-126.76101913182491 -203.44198167574677 -1.5871703644104445 9
-126.76485784665884 -203.6419459450389 -1.5928608899151357 9
-126.7698613532009 -203.8418849297739 -1.598782384233521 9
-126.77604791650816 -204.04179114827767 -1.604676092898358 9
-126.7834069754885 -204.24165647112903 -1.610501921436249 9
-126.79182524981093 -204.44147886476404 -1.6149140984761587 9
-126.80089474579862 -204.64127395201072 -1.6170198477478779 9
-126.81018072763185 -204.84105938922272 -1.6174632103314595 9
-126.81962487613492 -205.04083648791834 -1.618798501571481 9
-126.82945100540798 -205.24059430945212 -1.6212735830076181 9
-126.83977446057649 -205.44032731947308 -1.623368716820228 9
-126.85037800158132 -205.64004642789158 -1.6240778832918297 9
-126.861005320231 -205.83976441835821 -1.6239066380713139 9
-126.87169532868614 -206.0394786449362 -1.624858583512089 9
-126.88270810223143 -206.2391749025741 -1.6271299961446974 9
-126.89423417691972 -206.43884251744524 -1.6297338067968958 9
-126.90624810320068 -206.63848180645996 -1.6320167273523583 9
-126.9186878152191 -206.83809496904453 -1.6340301040452403 9
-126.9315212225101 -207.0376829556942 -1.6359771925048772 9
-126.9447386872703 -207.23724578138797 -1.637879020994266 9
-126.95833199838918 -207.43678338015843 -1.6397472483586288 9
-126.97229549115305 -207.63629551800625 -1.6415895817164186 9
-126.98662528093391 -207.83578181842904 -1.64343865764775 9
-127.0013364668727 -208.0352402933249 -1.6454234803854904 9
-127.01645831446844 -208.2346677519426 -1.6475528540276283 9
-127.03198778058658 -208.4340637294261 -1.6493960334550453 9
-127.04782792200085 -208.6334356838321 -1.6506688776940668 9
-127.06387847563272 -208.83279134502902 -1.6517027512115814 9
-127.08023174706511 -209.0321220758966 -1.6538055113992387 9
-127.09712380079083 -209.2314070208577 -1.6570962542564331 9
-127.11468566905394 -209.43063429505793 -1.6601440781808097 9
-127.13273664206956 -209.62981863515546 -1.662006107831561 9
-127.15104883583686 -209.82897886644224 -1.6628908777638256 9
-127.16951555633332 -210.0281243251339 -1.6636207456920344 9
-127.18812067749367 -210.22725725422785 -1.6642894259871994 9
-127.20692010578412 -210.42637246777096 -1.6658196269974153 9
-127.22617036983665 -210.62544393409004 -1.6688189565160951 9
-127.24614905767135 -210.82444329130857 -1.6729246790159307 9
-127.26692334264212 -211.02336201221632 -1.6767074626457428 9
-127.28840343220752 -211.2222063655667 -1.680026907756711 9
-127.31053566169425 -211.42097885447748 -1.683409480364273 9
-127.3333806960117 -211.61967017286076 -1.6872010085263618 9
-127.35701675442529 -211.81826915137376 -1.6913327867965242 9
-127.38148225135984 -212.0167680206259 -1.6955352670114276 9
-127.40678596371451 -212.21516154461375 -1.6997771227842404 9
-127.4329075287454 -212.41344873277274 -1.7036819352641124 9
-127.45974542812637 -212.61164053946865 -1.7070036788045069 9
-127.48718910832014 -212.80974935426474 -1.7098740391584817 9
-127.51520365702659 -213.007777923231 -1.7128069989912278 9
-127.54381022418184 -213.20572184472428 -1.7158544846172956 9
-127.57303168358668 -213.40357618444625 -1.7190223979096304 9
-127.60289205126351 -213.60133497250243 -1.7223146193517274 9
-127.63340988770186 -213.79899298915663 -1.7255914379256632 9
-127.66452404311772 -213.99655816137346 -1.7283090428906631 9
-127.69611448534451 -214.1940481279496 -1.7304189985319784 9
-127.72810189116277 -214.39147408132564 -1.7324784961320772 9
-127.76052650520596 -214.58882825427347 -1.7348496086553566 9
-127.79344242489752 -214.7861007663253 -1.7373535201371404 9
-127.82680190197473 -214.98329906014965 -1.739294983996736 9
-127.86048202579275 -215.18044336265748 -1.7406152683912894 9
-127.89443263402741 -215.37754127963237 -1.7423025677610404 9
-127.92881499091472 -215.57456375339277 -1.7449981683095943 9
-127.96381685500495 -215.77147709182486 -1.7484365619994586 9
-127.99947490511039 -215.96827323865085 -1.7515871061588977 9
-128.03571432948024 -216.1649630566479 -1.7543471447064032 9
-128.07246079992785 -216.36155809509705 -1.7567557747499463 9
-128.1096487334756 -216.55807059652147 -1.758838259917073 9
-128.14722957301652 -216.7545097454521 -1.760979074906424 9
-128.18537178865236 -216.95084016792018 -1.7646668533534422 9
-128.2244035358242 -217.14699370360498 -1.7700292387283245 9
-128.26451809938396 -217.3429291211867 -1.7752226140181382 9
-128.30551701001576 -217.53868346844496 -1.7790561602040151 9
-128.34714682668852 -217.7343047713291 -1.7818709449304702 9
-128.38934635062 -217.92980255724544 -1.7849829230825334 9
-128.432195623244 -218.1251580694147 -1.788517350789521 9
-128.47574262854963 -218.32035952754154 -1.7920034869839618 9
-128.5199358276069 -218.51541665012198 -1.7951385122532 9
-128.564716478444 -218.71034049353253 -1.7981764817810038 9
-128.61016756632287 -218.90510846703611 -1.8020935255445878 9
-128.65647580726665 -219.09967335305333 -1.8069765510828668 9
-128.70376974452356 -219.29400143464474 -1.812016987868626 9
-128.75200784640091 -219.48809850122308 -1.8166966889177907 9
-128.80112533967986 -219.6819755753911 -1.821175569968071 9
-128.85114591113157 -219.8756208422085 -1.8260649537734934 9
-128.90215770488604 -220.06900584789352 -1.8314103369636912 9
-128.95416052533568 -220.2621265165155 -1.8360028864530595 9
-129.00690321919808 -220.45504795229525 -1.8390726098152732 9
-129.06010695839956 -220.64784300541749 -1.841014825944087 9
-129.1137104387181 -220.84052617104575 -1.843333050027814 9
-129.16781042704017 -221.0330695397218 -1.846165467967868 9
-129.22245813549083 -221.22545822221096 -1.8488504345364005 9
-129.27756802169907 -221.41771624162533 -1.8509683798267464 9
-129.33304877030685 -221.609869004981 -1.8529676658094327 9
-129.38905322357687 -221.80186890463338 -1.8565469951901477 9
-129.4459109504245 -221.9936154834934 -1.861841611515224 9
-129.50378179007762 -222.18505917128167 -1.8665048543739635 9
-129.56234317946362 -222.37629501878808 -1.8690530916095387 9
-129.62120984992325 -222.567436937122 -1.8699976804325529 9
-129.68027481605282 -222.75851625144801 -1.8712722780448974 9
-129.7396325062994 -222.94950451300926 -1.8730599810020152 9
-129.7993606426201 -223.14037788640795 -1.8750760790182777 9
-129.85947813249126 -223.3311290345693 -1.877140855809109 9
-129.91998793798268 -223.52175542536048 -1.8791064368549841 9
-129.98081353791798 -223.71228134974467 -1.8804144821196815 9
-130.04182117186352 -223.9027504167726 -1.8810382661507248 9
-130.1030327117506 -224.09315492348207 -1.88311307152634 9
-130.1649045603235 -224.28334387456118 -1.887984265654019 9
-130.22794264042818 -224.4731494991516 -1.8950208823013968 9
-130.29231168177307 -224.66251047643587 -1.9018458890875856 9
-130.35793011844538 -224.8514423330664 -1.9082269420660094 9
-130.42468532327885 -225.0399737544451 -1.9138038565290867 9
-130.49239403543564 -225.22816502951775 -1.918350516571568 9
-130.56087092423948 -225.41607830165344 -1.922121041847542 9
-130.63006552539898 -225.60372788324707 -1.9260642943676196 9
-130.70002406676304 -225.79109379410403 -1.9302679703466261 9
-130.77078217169904 -225.97815962389956 -1.934559649767779 9
-130.8423406950356 -226.1649207706543 -1.9388324308371867 9
-130.91469331022958 -226.35137522534373 -1.9430526494841114 9
-130.98781649296455 -226.53752886919412 -1.947095662230065 9
-131.06167456022376 -226.72339316418075 -1.9509581356696124 9
-131.13627390360108 -226.90896178623782 -1.9552283588526285 9
-131.211735685113 -227.0941798693 -1.9602676667796857 9
-131.28817186771775 -227.2789963923429 -1.9653436673098206 9
-131.36531872417356 -227.4635186289086 -1.9677727183985916 9
-131.4426472621076 -227.64796562212263 -1.9673394431873554 9
-131.51978599925033 -227.83249122192595 -1.966300883650884 9
-131.59680456277408 -228.01706659116073 -1.9660387324469757 9
-131.67383872710846 -228.20163549774276 -1.9663555319512802 9
-131.75092274166633 -228.3861837592465 -1.966527913027457 9
-131.82801912207427 -228.57072690395816 -1.9664915895183708 9
-131.90510128323731 -228.75527594156156 -1.9664183205015957 9
-131.98217620317715 -228.93982796883427 -1.9664132489826163 9
-132.05925546790468 -229.12437817509198 -1.966450414084234 9
-132.13633733010258 -229.30892731218256 -1.9664347146028756 9
-132.21341063628273 -229.49348005606163 -1.9663594803002593 9
-132.29047467470699 -229.67803669347342 -1.966372271974888 9
-132.36755750886374 -229.8625854171341 -1.9665634174729218 9
-132.4446855685184 -230.04711510953607 -1.9667669265828456 9
-132.5218001419635 -230.2316504789186 -1.966374749470527 9
-132.59878256478322 -230.41624146035525 -1.9653577955601593 9
-132.67564945992174 -230.60088105766417 -1.9656101628350535 9
-132.75278673952806 -230.7854068715268 -1.9682912921731224 9
-132.83061788372999 -230.96964056513082 -1.9727784777967172 9
-132.9092463646137 -231.15353677360753 -1.9767906328341234 9
-132.9885495702758 -231.33714407542146 -1.9801262909708568 9
-133.06844455651677 -231.52049417175164 -1.9834021364083592 9
-133.14896833156774 -231.70356785581055 -1.986994891564975 9
-133.2301710188926 -231.8863405707546 -1.9907244920793619 9
-133.31201184224727 -232.06882917314658 -1.9939347424497054 9
-133.39438623686914 -232.25107957887573 -1.9965891148345072 9
-133.47730150191077 -232.43308534162514 -2.0002797020525973 9
-133.56106870060623 -232.6146978713443 -2.0059721665159205 9
-133.64602824055348 -232.7957546064169 -2.013120281214939 9
-133.7322462815736 -232.97621819303626 -2.0197496428496833 9
-133.8195972388409 -233.15613881428445 -2.025696080416397 9
-133.90801659045218 -233.3355364741338 -2.0318795278210597 9
-133.99761285847995 -233.51434604834552 -2.0388526612528115 9
-134.0884978743404 -233.69250154242027 -2.045949674403191 9
-134.1804598430802 -233.87010591153557 -2.050789454544559 9
-134.27306269146217 -234.04737919898963 -2.053191344323132 9
-134.36600445396456 -234.2244731892141 -2.055124175988384 9
-134.45934982979102 -234.40135288351834 -2.0577610587173 9
-134.55321525405736 -234.57795700103225 -2.0608860026021834 9
-134.64761241741354 -234.75427854816692 -2.0637310307977925 9
-134.74248070719258 -234.93034800255487 -2.0662386677883284 9
-134.8378026767402 -235.10617223768585 -2.069050944258185 9
-134.93367840956904 -235.28169396737565 -2.0725486745746604 9
-135.0302033774719 -235.45685865053906 -2.0760972018327846 9
-135.1271706087218 -235.63177974899023 -2.0774472599979097 9
-135.22416503862007 -235.80668631792628 -2.07644714199311 9
-135.32096438966548 -235.98170074515969 -2.0759382829416895 9
-135.41786464522696 -236.15665864569482 -2.0776037199750954 9
-135.51522461054535 -236.33136084100252 -2.08087139583489 9
-135.6131300722178 -236.50575881768157 -2.083714013245028 9
-135.711478696705 -236.67990787594957 -2.085961940798886 9
-135.8102007159898 -236.85384517312258 -2.088139412208912 9
-135.9093218035146 -237.0275547458146 -2.09055664748875 9
-136.0088785849974 -237.20101463638707 -2.0930908982992777 9
-136.10884986455733 -237.37423635983848 -2.095308208345266 9
-136.20917479357058 -237.54725438433832 -2.097186283455969 9
-136.30985700943376 -237.720065034712 -2.0996809329463586 9
-136.4110713260537 -237.89256341114964 -2.103355927290623 9
-136.5130077970217 -238.06463551827278 -2.107874312365193 9
-136.6156985070739 -238.23625971656898 -2.112049237551113 9
-136.71906725176373 -238.40747767484453 -2.1157883784655613 9
-136.8230802127367 -238.57830503198548 -2.119748712518155 9
-136.92781988703794 -238.74868615917836 -2.1243161551685703 9
-137.03336794719672 -238.91856628527808 -2.1289520572284015 9
-137.13955931076558 -239.0880462683228 -2.1317674106661566 9
-137.24606048852888 -239.25733318212096 -2.1326368880977955 9
-137.3526866875081 -239.42654083524886 -2.1338155913567287 9
-137.45964931603507 -239.59553450123553 -2.1366240404256307 9
-137.56720753343208 -239.76414948561126 -2.140623336079889 9
-137.67541930906842 -239.93234712272968 -2.1442773066612806 9
-137.78420529809046 -240.1001747621316 -2.1474615677779614 9
-137.89351535509675 -240.26766108312108 -2.1506508175382884 9
-138.0033822229266 -240.43478185569796 -2.154122365260496 9
-138.1138449564013 -240.60150901222624 -2.1576811117068284 9
-138.224854917706 -240.76787286016642 -2.1606461721536023 9
-138.3363037982662 -240.93394342897602 -2.162967908376229 9
-138.44811629054593 -241.0997689983103 -2.165159559508428 9
-138.56030576516937 -241.26533938350795 -2.167520206151114 9
-138.6728983453549 -241.4306359818366 -2.1700095617583894 9
-138.78590195620762 -241.59565205760146 -2.1724873590338984 9
-138.89931214106227 -241.7603889498183 -2.174941051912635 9
-139.01312216525992 -241.92484972980296 -2.1773383659263645 9
-139.12732000440008 -242.08904155797012 -2.1796605347980926 9
-139.24189572136902 -242.2529701572871 -2.181991019120121 9
-139.35687596959386 -242.41661516200662 -2.184619821150337 9
-139.4723122092917 -242.57993851910388 -2.187566577353692 9
-139.58823711346957 -242.742915445856 -2.190535790844325 9
-139.70463348151077 -242.90555639580725 -2.1933558602146217 9
-139.82147924428057 -243.0678751758356 -2.1961157934848274 9
-139.93879092456856 -243.2298572516625 -2.1991244495834406 9
-140.05661112047244 -243.39146894097368 -2.2023947191577067 9
-140.1749337602146 -243.55271283925927 -2.205159023040955 9
-140.2936257285322 -243.71368622418817 -2.206972710855986 9
-140.41255346386563 -243.87448667459307 -2.2084072332251874 9
-140.53182928738346 -244.03502812880458 -2.211439795370226 9
-140.6517317454314 -244.19510037637826 -2.216212218554763 9
-140.77244859344353 -244.3545603425323 -2.2212635174388815 9
-140.89392546237053 -244.51344405237666 -2.22575003503199 9
-141.0160771993402 -244.67181010158868 -2.229895710476399 9
-141.1389138207933 -244.82964421266655 -2.234471731962172 9
-141.26250938672385 -244.9868830741448 -2.23952147321848 9
-141.38686389095116 -245.14352254251682 -2.243843176575139 9
-141.51178417620898 -245.29971267116144 -2.2467465220642446 9
-141.6370572118341 -245.45561959507282 -2.24854319187734 9
-141.76260134423254 -245.61130722880205 -2.2503019983459236 9
-141.8884233646446 -245.76677066465015 -2.2521256990996434 9
-142.0145765998229 -245.92196615957343 -2.2547435839241166 9
-142.14122924720598 -246.07675387011727 -2.258573178615091 9
-142.2685591865887 -246.23098544702762 -2.2633676128501925 9
-142.39664092292983 -246.3845940502763 -2.2682828667426236 9
-142.5254794887422 -246.53756762908571 -2.2732317922011447 9
-142.65502288926226 -246.6899439907681 -2.2772921955005687 9
-142.78507687420273 -246.84188559492216 -2.2799378303466975 9
-142.9154353250534 -246.99356569786065 -2.2814833768558374 9
-143.04602042573853 -247.14504998467555 -2.2830013866889955 9
-143.17684032558083 -247.29633205982518 -2.2845937747074028 9
-143.30794658824607 -247.4473667689137 -2.286958473341367 9
-143.4394973159965 -247.59801362531138 -2.2904927448852823 9
-143.57165645560136 -247.74812663248778 -2.2948663123724655 9
-143.7044555146653 -247.89767488763553 -2.2989563379702425 9
-143.83783761974988 -248.04670429208218 -2.302678696136954 9
-143.9717712160199 -248.19523803151446 -2.3064823998884156 9
-144.10629313725545 -248.34323804940402 -2.3106221365436026 9
-144.2414419483211 -248.49066502838596 -2.3148179705677774 9
-144.37714745529132 -248.63758055650345 -2.3181219825793744 9
-144.51326718018902 -248.78411328737906 -2.3204721650263864 9
-144.64970619139 -248.93034821060803 -2.322691320151385 9
-144.78649330056518 -249.07625664519765 -2.3252446506750593 9
-144.9236718289079 -249.22179671071038 -2.3279814960629475 9
-145.0612271807558 -249.3669812906229 -2.3303930262911594 9
-145.19910641242285 -249.51185952552825 -2.3324559135552 9
-145.33731078404585 -249.65642798328133 -2.3351174691350938 9
-145.47598028655838 -249.80054871826113 -2.3389119261238682 9
-145.6152593161387 -249.94407952937186 -2.3432923226665463 9
-145.7550848942115 -250.08707947767775 -2.346415500091973 9
-145.89525662714775 -250.22974099046326 -2.348150298457673 9
-146.03562842865543 -250.37220443797457 -2.3494707304139535 9
-146.17619751738178 -250.51447274905294 -2.3509251884163915 9
-146.31698821654854 -250.65652250735263 -2.3526725752012196 9
-146.45808326368865 -250.7982700557502 -2.355247743503056 9
-146.5996039721774 -250.9395919508831 -2.3586758143737945 9
-146.74161832780848 -251.08041806335018 -2.3620112858106546 9
-146.88405811522702 -251.2208144851813 -2.3647225157544556 9
-147.02683745498376 -251.3608650949491 -2.3669195645446726 9
-147.1699122191035 -251.50061345613972 -2.3689720858900163 9
-147.3132660220744 -251.6400763342647 -2.370924854161605 9
-147.4569250264776 -251.77922549555961 -2.37353514572765 9
-147.6010212521474 -251.91792063640943 -2.3772279983821045 9
-147.74568964244366 -252.05601816420824 -2.3815592139084734 9
-147.89090330783085 -252.19354348765378 -2.3850391580218164 9
-148.0365285020239 -252.33063360704278 -2.3875602132801634 9
-148.1824659493547 -252.46739015559444 -2.3897665164136512 9
-148.3287077704358 -252.6038209060194 -2.39201876801434 9
-148.4752649020945 -252.73991384571823 -2.3944777129908474 9
-148.62220445652738 -252.87559373834915 -2.397681193285169 9
-148.76963044533744 -253.0107438139668 -2.4016504398748766 9
-148.91758673814832 -253.14531329606694 -2.405271077898436 9
-149.06596472955522 -253.27941876440747 -2.4079205110320228 9
-149.21463924367234 -253.41319509891633 -2.4098317721116453 9
-149.36356819774042 -253.54668732129818 -2.4117826413099475 9
-149.5127642760908 -253.67988122304646 -2.4138413673365875 9
-149.6622563932245 -253.8127434356579 -2.4163000876590903 9
-149.8121116896108 -253.94519522507215 -2.4193217524941875 9
-149.96239202969028 -254.07716369566873 -2.4225196834378857 9
-150.11302605656155 -254.20872900667 -2.4246051629265954 9
-150.2638549930598 -254.34007175266277 -2.425503971073583 9
-150.41479525636066 -254.47128625145234 -2.4266560606521 9
-150.56595520302088 -254.6022465869368 -2.428863425331292 9
-150.71746368679996 -254.73280333159866 -2.4318135908292207 9
-150.86934194049854 -254.86293063146968 -2.434466174087386 9
-151.02154053535432 -254.99268376653555 -2.4367488990900212 9
-151.17403715865007 -255.12208622791698 -2.439199975257781 9
-151.32688035716347 -255.25107851086358 -2.442118815614938 9
-151.48012605873143 -255.37959243399573 -2.4453832600176244 9
-151.63378844019107 -255.50760834406898 -2.44858713515225 9
-151.78785426571508 -255.63513845131084 -2.4516980723298696 9
-151.94230997262326 -255.76219576067174 -2.4547150419337824 9
-152.09714237727783 -255.88879387132675 -2.4576374648309796 9
-152.25234175207612 -256.0149422143723 -2.460588984973531 9
-152.40793868504832 -256.1405996861661 -2.4639793158576926 9
-152.56399012563023 -256.26569213721075 -2.4678350737661097 9
-152.72053842325778 -256.3901628265377 -2.471867948439116 9
-152.87758847289123 -256.51399974220556 -2.4759185322602155 9
-153.0351361952091 -256.63720205217936 -2.4798640824255367 9
-153.1931391104313 -256.7598202508562 -2.4832990501934393 9
-153.3515297516795 -256.8819382331181 -2.4862052208887118 9
-153.5102729752166 -257.0035975890616 -2.489245304526312 9
-153.66941488148515 -257.1247335459792 -2.492784683052008 9
-153.82900259265566 -257.24528033267876 -2.4963938660173484 9
-153.98894937080416 -257.3653514207575 -2.4986586016894186 9
-154.14908152145043 -257.48517671953 -2.49950981060135 9
-154.30932178761415 -257.60485708094484 -2.5009550563614096 9
-154.46983540650172 -257.724168836514 -2.5040988293475217 9
-154.63081310236942 -257.8428539876036 -2.508514561349498 9
-154.79231147347673 -257.9608314206745 -2.5127997671970133 9
-154.9542997653932 -258.0781352306321 -2.5168380456384343 9
-155.11673153757584 -258.194823001841 -2.5203136605215097 9
-155.27952525859925 -258.31100552453483 -2.5230532034950306 9
-155.4425996083269 -258.4267939420509 -2.525271376044575 9
-155.60593824926008 -258.54220877032645 -2.527672035583289 9
-155.76956701296396 -258.65721171494863 -2.5303039828159886 9
-155.93349882245008 -258.7717825973838 -2.5328797695676486 9
-156.09771300604055 -258.88594837045184 -2.5352420865974254 9
-156.26218310231314 -258.9997443347768 -2.5373594459010205 9
-156.42687442104165 -259.11321996826007 -2.539128832261159 9
-156.5917471071824 -259.2264336856068 -2.5405694851578065 9
-156.7568190481179 -259.33935770575084 -2.5429527213156473 9
-156.9222504122021 -259.45175180491856 -2.5469726068152623 9
-157.08820421045135 -259.5633713681353 -2.5518768329474226 9
-157.25462586439897 -259.674294955176 -2.5552111792477263 9
-157.4213201926218 -259.7848099584182 -2.556814202330611 9
-157.58815016866865 -259.8951181113814 -2.5580035756630672 9
-157.75512749903356 -260.0052020011754 -2.559497608825245 9
-157.92228749106735 -260.11500913049224 -2.5613488342678625 9
-158.0896790246216 -260.22446338742236 -2.563728431193089 9
-158.2573596721771 -260.3334735211797 -2.566636558572959 9
-158.42536038208007 -260.4419895989283 -2.5694691126308156 9
-158.59364642079137 -260.55006368717324 -2.5718974190529367 9
-158.76218097010238 -260.6577508417269 -2.5742504895806553 9
-158.9310179018847 -260.7649624009823 -2.5775971490024885 9
-159.10026947400897 -260.87151717402264 -2.5820024240012276 9
-159.27001390043213 -260.97728641715383 -2.5866810967255236 9
-159.44024368955115 -261.0822735277828 -2.591207350015456 9
-159.6109369841031 -261.1865044863936 -2.5955112814319423 9
-159.7820546040493 -261.2900370075772 -2.599366141056934 9
-159.95354627487163 -261.3929491393193 -2.602762972990013 9
-160.125377643642 -261.4952927727455 -2.606079717485871 9
-160.29755367091235 -261.59705512761377 -2.6095207315573297 9
-160.47008440043524 -261.69821504878234 -2.613051638841713 9
-160.64297061538906 -261.79876646558154 -2.616561471121892 9
-160.81620715994418 -261.89871298215724 -2.620042160735314 9
-160.98978951576512 -261.99805742921654 -2.6235080468765406 9
-161.16371495248524 -262.09680036960333 -2.6269668507891373 9
-161.33798252732458 -262.1949391412141 -2.6304916375570957 9
-161.5126087769244 -262.2924379060417 -2.6343172760976183 9
-161.68762129618014 -262.389239832237 -2.638438600870515 9
-161.86300812074413 -262.4853614719931 -2.6418377484463185 9
-162.03866085874165 -262.5809982735658 -2.643968312010494 9
-162.21446771474984 -262.6763521857682 -2.645342378145138 9
-162.3904422951668 -262.77139464152623 -2.6476022657475515 9
-162.56667813953032 -262.8659501421349 -2.6508441582307563 9
-162.74322281537036 -262.9599286223522 -2.6538566227840086 9
-162.92000932994222 -263.05345285003307 -2.6559903331075843 9
-163.0969577674606 -263.14666973595456 -2.657435755719866 9
-163.2740350780416 -263.2396406584123 -2.658802913684213 9
-163.4512381912343 -263.332372270089 -2.660152859641129 9
-163.628589376431 -263.42482125656664 -2.6621535391946343 9
-163.80617108701378 -263.51682545599544 -2.6651626225108336 9
-163.98406625546463 -263.60822144302784 -2.668768369434658 9
-164.1622611534368 -263.69903304144 -2.671653146921345 9
-164.34068049345737 -263.7894033290171 -2.673729351911291 9
-164.51926692109208 -263.8794416197586 -2.6754871826863913 9
-164.69800886618054 -263.9691708955767 -2.6771887677769284 9
-164.87690636572273 -264.05859132104564 -2.679082433626802 9
-165.05601450859638 -264.14758862705 -2.6819616741701027 9
-165.23542328187008 -264.2359759981295 -2.685855327282872 9
-165.41517501148772 -264.32366407591996 -2.689431948476821 9
-165.59519553552335 -264.4108017416482 -2.6919807040522836 9
-165.77540312856468 -264.497553032022 -2.693999465190687 9
-165.95582632077847 -264.58385292045307 -2.6970756856301614 9
-166.1365636220147 -264.66949099148763 -2.701305193466924 9
-166.3176795289318 -264.7543270542907 -2.705711279917771 9
-166.49915383734745 -264.83839582883996 -2.7097738485077927 9
-166.68095619488 -264.92175288329804 -2.7136157811203554 9
-166.86308303633305 -265.00439723943816 -2.7176273609366373 9
-167.04554776250131 -265.08629210604613 -2.7218332150717988 9
-167.22835758665607 -265.1674141685455 -2.7260463410660285 9
-167.41150419996504 -265.24777387647066 -2.730167537104048 9
-167.59497805552687 -265.3273841758313 -2.734256607065169 9
-167.7787814385193 -265.4062300522032 -2.738502670712798 9
-167.96292406060778 -265.48427894566123 -2.742908029092747 9
-168.14740028514922 -265.56153577674917 -2.746980116604624 9
-168.33216746429065 -265.6380958248983 -2.750458918012761 9
-168.5171811918482 -265.71405876680615 -2.7535568362827045 9
-168.70243826956266 -265.7894248502459 -2.7569428560113387 9
-168.88796137771345 -265.86413188999023 -2.7606489725598022 9
-169.07375206220658 -265.9381711235489 -2.7639697697613492 9
-169.25976047447762 -266.0116635905775 -2.76653419343108 9
-169.44593387840212 -266.08473762744563 -2.7686201973478255 9
-169.63227133306475 -266.1573907998084 -2.7711011389899363 9
-169.81880435319383 -266.2295387390331 -2.7740166713207395 9
-170.00553550145193 -266.30117267506756 -2.776374791959889 9
-170.1923971400604 -266.37246703866606 -2.777654486831862 9
-170.3793165806428 -266.44360954312873 -2.778174750244604 9
-170.56627925064163 -266.5146373827386 -2.778937039649218 9
-170.75330706082468 -266.5854932599087 -2.7800094111934297 9
-170.9404165320384 -266.6561336460192 -2.781194820263543 9
-171.12760999800796 -266.72655130223404 -2.7823898256641266 9
-171.31488642961813 -266.7967477968246 -2.783511321302946 9
-171.502230277386 -266.86676413984765 -2.7842984808317386 9
-171.68961690795075 -266.93666601727676 -2.7847405590430006 9
-171.87703139396115 -267.0064931318642 -2.785176610146621 9
-172.06448226157957 -267.0762223875429 -2.785784588971527 9
-172.2519796330892 -267.1458264457272 -2.786448515497966 9
-172.43951322692848 -267.21533295095446 -2.7868044506572196 9
-172.62705997631414 -267.2848040007275 -2.78683221084253 9
-172.81460408770133 -267.3542821152031 -2.786790242335053 9
-173.00214756194774 -267.4237619159834 -2.786814184652212 9
-173.18969500857304 -267.49323099927335 -2.7869051554735114 9
-173.37725122125133 -267.5626764268002 -2.787066661953871 9
-173.56482108241119 -267.6320849972858 -2.787292394508521 9
-173.75240166392211 -267.7014646051201 -2.7873113055111034 9
-173.93997143155178 -267.7708733990847 -2.7869811437902277 9
-174.12750774776384 -267.84037250274145 -2.7864046007262986 9
-174.31500598521006 -267.9099743365351 -2.7859039076675116 9
-174.5024728148852 -267.97966076787196 -2.785500173462149 9
-174.6899123384408 -268.049420589427 -2.785098343687285 9
-174.87732212187882 -268.1192602134001 -2.7846485338728786 9
-175.06469928904582 -268.18918725732175 -2.784182958697709 9
-175.25204667726797 -268.2591940849647 -2.7838026944675702 9
-175.43937068390363 -268.32926355533664 -2.783508587402483 9
-175.62666993094942 -268.39939921427833 -2.783032530150145 9
-175.81392439271713 -268.469654222177 -2.7822338367477055 9
-176.00111279202713 -268.54008504653416 -2.7812052267395226 9
-176.1882302608206 -268.6107042426777 -2.7802375763004084 9
-176.3752822261536 -268.68149681542724 -2.7793506353504 9
-176.5622726341304 -268.7524517547502 -2.7784877160138612 9
-176.7492015255187 -268.8235685540009 -2.7776190776522425 9
-176.93606817322868 -268.8948487520381 -2.7767324667381312 9
-177.12286961975443 -268.96629966640114 -2.7757894515865678 9
-177.30960150888484 -269.0379322379922 -2.774787556094225 9
-177.49625980395535 -269.1097564415547 -2.773739745322208 9
-177.68284128051076 -269.18177981838124 -2.772652817967693 9
-177.86934380255732 -269.25400710536064 -2.7715851536271834 9
-178.05577609855678 -269.3264156029838 -2.7707198179178762 9
-178.2421536438952 -269.39896557404586 -2.7700538047015515 9
-178.42847156218875 -269.4716688369493 -2.7689162261840248 9
-178.61467629249438 -269.54466053705164 -2.7669552978386442 9
-178.8007123165837 -269.6180807069181 -2.764481895010986 9
-178.98658152714782 -269.6919231524414 -2.7624704533421682 9
-179.1723217825956 -269.76609007361486 -2.76098022169248 9
-179.35795720845135 -269.84051848917403 -2.7595422612377956 9
-179.54347794096637 -269.91523161054283 -2.757910827210372 9
-179.72887086517147 -269.9902610149501 -2.7561856473829236 9
-179.91414180449402 -270.06559160848593 -2.754679038243785 9
-180.0993083823346 -270.14117921423406 -2.7533976579416746 9
-180.2843676154169 -270.21702941509335 -2.751687503851427 9
-180.4692671089703 -270.2932671315614 -2.7492061805147454 9
-180.65395117834612 -270.37002509344416 -2.746181645904564 9
-180.8384076206708 -270.44732949100455 -2.743327164338545 9
-181.02265144848593 -270.5251398301075 -2.7406889376910324 9
-181.20669115126645 -270.60343134907384 -2.7380487506930593 9
-181.3905187368686 -270.68221907508376 -2.7352925074365455 9
-181.5741252981204 -270.7615203851223 -2.7325027147127865 9
-181.7575184024217 -270.8413144542469 -2.7299370373416667 9
-181.94071591159198 -270.92155658844524 -2.7276117352652833 9
-182.12373299692823 -271.00220891775666 -2.7254339018798484 9
-182.306578078248 -271.08325061487943 -2.723355065200238 9
-182.48925541239598 -271.1646703256075 -2.7212052231122557 9
-182.67173382226608 -271.24653462037287 -2.718454578315481 9
-182.85396004299727 -271.3289586378431 -2.715073806720166 9
-183.0358919853988 -271.4120312271515 -2.7114156234124414 9
-183.2175148009974 -271.4957772789337 -2.707663607850145 9
-183.39882259312589 -271.58020197982063 -2.7040736140641894 9
-183.57986510468263 -271.66519446542304 -2.701441387802119 9
-183.76072668033072 -271.7505717078555 -2.6998070617117143 9
-183.94146876072878 -271.83620057999366 -2.6984971927923502 9
-184.12209743434803 -271.9220684345705 -2.6971618099217594 9
-184.30260667815458 -272.00818834772207 -2.6955958977313816 9
-184.48294479530747 -272.0946657316788 -2.693162861343866 9
-184.66303179494497 -272.181663193529 -2.6898453723091773 9
-184.84282822125903 -272.2692598594674 -2.6867680830422978 9
-185.02239128986136 -272.35733580179806 -2.6845146977554695 9
-185.2017846681662 -272.4457575999939 -2.682711424231706 9
-185.3809891528529 -272.5345601676091 -2.680199263014366 9
-185.55993413598648 -272.6238828402119 -2.6769231187298357 9
-185.73858902462254 -272.7137849380522 -2.6739764792685277 9
-185.91701937767746 -272.8041334549067 -2.6719260615235934 9
-186.09529925354317 -272.8947784108668 -2.6705078435824023 9
-186.27344362115784 -272.9856883204136 -2.668904392982164 9
-186.45143075968 -273.0769052736558 -2.6670628640760867 9
-186.62924615194788 -273.16845696405863 -2.6651909194846564 9
-186.8068935390391 -273.2603345869033 -2.6633960174944886 9
-186.984378606439 -273.3525254167486 -2.6616452877217944 9
-187.16169952362029 -273.44503137908436 -2.6598371282322235 9
-187.338849818178 -273.537863449208 -2.657968384116673 9
-187.51582920013902 -273.6310209375492 -2.656198962613672 9
-187.69265208366687 -273.72447540084386 -2.654611513440681 9
-187.86933318846366 -273.81819780391425 -2.653121375450523 9
-188.04586731266463 -273.91219654525105 -2.6514669741977053 9
-188.22223696516792 -274.0065031172507 -2.649641821484464 9
-188.39844329537092 -274.1011144720203 -2.6481205263185545 9
-188.57453171306452 -274.1959455371432 -2.6471483107726983 9
-188.75054839314197 -274.29090983381997 -2.646465839790329 9
-188.92647789662 -274.38603519475197 -2.6452722520082372 9
-189.10226663965327 -274.48142022142486 -2.6435217526875534 9
-189.27787731149942 -274.5771330713265 -2.6416419270292404 9
-189.45331218446273 -274.673167870144 -2.639853560334453 9
-189.62857981918447 -274.76950712350566 -2.638182285045867 9
-189.8036954701817 -274.8661223699044 -2.6367072326288885 9
-189.97867843176212 -274.96297854355527 -2.635415801252579 9
-190.15351872693245 -275.06009244391635 -2.6335940300177754 9
-190.32813750462373 -275.15760288767854 -2.630873594993801 9
-190.50245523413747 -275.25564981506363 -2.6276674547183303 9
-190.67649354747334 -275.3541930609478 -2.6252486970869864 9
-190.8503366118059 -275.4530811260254 -2.6236885943467136 9
-191.02403993558133 -275.55221367521153 -2.622262950774829 9
-191.19758959644633 -275.65161431692536 -2.620598518837445 9
-191.37096336728547 -275.75132149213357 -2.618769013635967 9
-191.54415706500853 -275.8513415121764 -2.6170014331919815 9
-191.7171776562909 -275.95166083435635 -2.6153092481380456 9
-191.8900282134652 -276.0522727170891 -2.613594707769068 9
-192.0627022911496 -276.15318705391036 -2.6118074858399445 9
-192.23519250957668 -276.25441536935494 -2.6099665453611958 9
-192.4074961851663 -276.35596095661106 -2.608130237233464 9
-192.57961354123557 -276.45782201425254 -2.606303140562491 9
-192.75154568297785 -276.55999533266424 -2.604504062679967 9
-192.9232956806145 -276.6624745801792 -2.6027426770537923 9
-193.09486580374963 -276.76525476719405 -2.600973062954396 9
-193.26624645728577 -276.86835052311955 -2.599054070862414 9
-193.43742073156673 -276.9717885716041 -2.5969784315549247 9
-193.60837596002986 -277.0755883977743 -2.5948488839940196 9
-193.77910966420254 -277.17975211964466 -2.5927182320487177 9
-193.94962176333962 -277.28427790318585 -2.590624793300112 9
-194.11992249767522 -277.3891478028845 -2.58868628948665 9
-194.29002839095125 -277.4943340667611 -2.5868972802985812 9
-194.45993242637786 -277.5998463145647 -2.584728270942503 9
-194.62957232063306 -277.70578189849846 -2.581907453606282 9
-194.79888498648404 -277.8122393788292 -2.5787277039875005 9
-194.9678848308101 -277.9191935533447 -2.5760870384354333 9
-195.13663399027436 -278.0265429953896 -2.5740393669609354 9
-195.30518051546304 -278.1342094906249 -2.5722449233366467 9
-195.4735379221933 -278.24217165081694 -2.570529619324453 9
-195.64170892861333 -278.35042505640644 -2.568660138860344 9
-195.80963207101496 -278.4590621754136 -2.5659222574801164 9
-195.9772065892036 -278.56823479309264 -2.562300149931005 9
-196.144391010334 -278.6780041719236 -2.5590968848198674 9
-196.31128349129295 -278.788218404328 -2.556979217144263 9
-196.47799392340823 -278.8987077191075 -2.5556207808017657 9
-196.64454345973252 -279.0094383778532 -2.554023830664404 9
-196.81089870590955 -279.1204602621808 -2.552126690412583 9
-196.97703908490743 -279.2318037827544 -2.5502246638604764 9
-197.14297574604706 -279.3434511285964 -2.5484686763561126 9
-197.3087218176912 -279.45538137454594 -2.54675978093548 9
-197.47426285432977 -279.5676143487078 -2.544795833630136 9
-197.63956750985483 -279.6801948580422 -2.54256296439177 9
-197.80461697566906 -279.7931492663271 -2.5403321811275874 9
-197.96942221074724 -279.9064601440645 -2.5382418661032764 9
-198.13399578180025 -280.02010758623766 -2.5361919402576474 9
-198.29832173894516 -280.13411244066185 -2.5338770945207005 9
-198.4623667739353 -280.248520363933 -2.531298271194417 9
-198.62613799845718 -280.3633197869012 -2.5292952388421432 9
-198.78973713329904 -280.4783651868271 -2.5282962833246065 9
-198.95326555664974 -280.5935115509906 -2.5277787390846234 9
-199.1166750005589 -280.7088260164306 -2.526149732121723 9
-199.27982554409965 -280.82450565315924 -2.5233258968400234 9
-199.44262500784205 -280.9406795243699 -2.5203241389579727 9
-199.60509528358673 -281.05731422212205 -2.5176626339042474 9
-199.76727145456255 -281.1743575186223 -2.5152284966483562 9
-199.92915625859885 -281.29180291497096 -2.5126782258235916 9
-200.09073264683178 -281.409671888091 -2.5099943064860955 9
-200.25199488251866 -281.52797043994195 -2.5074107235853096 9
-200.4129641503246 -281.64666771355843 -2.505046489306452 9
-200.57366334693347 -281.7657304846988 -2.5028242419995026 9
-200.73409262954294 -281.885156409913 -2.5005089396858073 9
-200.8942382738885 -282.00496199913533 -2.498090063649549 9
-201.05409720981382 -282.12514980383395 -2.495780419823985 9
-201.2136915255377 -282.24568939199276 -2.493688074864629 9
-201.37304041894402 -282.3665540219487 -2.4915826353471244 9
-201.53209337670685 -282.4878072752774 -2.4887654289713663 9
-201.69075751671588 -282.6095676298279 -2.4852211711983463 9
-201.84900202978514 -282.7318731361112 -2.482168901298567 9
-202.00694117198358 -282.85457388489544 -2.4802264970248964 9
-202.16470147394958 -282.9775041752608 -2.479099465862202 9
-202.32232102263683 -283.1006141158015 -2.477895956495782 9
-202.47978382766667 -283.2239246196642 -2.47654751993179 9
-202.63705843990758 -283.3474755537304 -2.4747788271532802 9
-202.79407944892418 -283.47134827534126 -2.4724504259647446 9
-202.9507848976866 -283.5956196152931 -2.469851411550897 9
-203.1072017640003 -283.7202544336387 -2.467856688675273 9
-203.26341120929646 -283.8451493733652 -2.466513239442135 9
-203.41947039857044 -283.9702315914316 -2.465345311548352 9
-203.57537924515 -284.0955010237195 -2.464112155852763 9
-203.73112725900356 -284.2209706735312 -2.4627338918732837 9
-203.88667871326706 -284.3466839275007 -2.4609689435971793 9
-204.0419826161186 -284.4727025470724 -2.458817248469568 9
-204.1970201618304 -284.5990487706465 -2.456887955185875 9
-204.3518473946386 -284.7256529364921 -2.4554891004446704 9
-204.50652724271194 -284.8524369819143 -2.45449372435727 9
-204.66108328263252 -284.9793717102081 -2.453518155746776 9
-204.815515026394 -285.10645780404667 -2.4525274333917393 9
-204.96980402315702 -285.2337173728289 -2.4511961912368174 9
-205.12389113913852 -285.36122101545453 -2.4493599760772833 9
-205.2777187700047 -285.48903741829116 -2.447266331113851 9
-205.4313074432347 -285.61714117810027 -2.4456630227111753 9
-205.58472523843363 -285.7454496285336 -2.444592361208738 9
-205.73802386616788 -285.8739001024183 -2.4437350977943906 9
-205.8912156941514 -286.0024779730404 -2.4429299505854773 9
-206.04430190643942 -286.13118199129093 -2.4419871306911967 9
-206.19722283333795 -286.2600822164595 -2.4403335719981394 9
-206.34988190816767 -286.3892919418267 -2.4379525488456806 9
-206.50222685338318 -286.51887209595174 -2.435667391788427 9
-206.65430878860735 -286.64876136981593 -2.433893865055321 9
-206.80618872944459 -286.7788867544319 -2.4324754367220756 9
-206.9578777788554 -286.909234239624 -2.4309397966495214 9
-207.1093566767895 -287.03982570595184 -2.4292589823693915 9
-207.26061413592547 -287.17067370838174 -2.427586428244623 9
-207.4116582440431 -287.3017681268013 -2.425999543128803 9
-207.56249781267806 -287.4330979396674 -2.4244322292574716 9
-207.71312018029167 -287.5646766709566 -2.4226852401989585 9
-207.8634996640848 -287.6965327292247 -2.420750536032064 9
-208.0136216300699 -287.8286819400016 -2.418829985395146 9
-208.163497325507 -287.96111065195566 -2.417025351999612 9
-208.31313881761798 -288.093804207907 -2.4152449752148675 9
-208.4625279670079 -288.2267815807652 -2.4132127696853054 9
-208.61162845087335 -288.3600819888393 -2.4109320593127803 9
-208.7604493877914 -288.4936943464719 -2.4092108781469777 9
-208.9091051037374 -288.62749109880673 -2.408456190803173 9
-209.05770915065003 -288.7613455688222 -2.408163355182537 9
-209.20620843200186 -288.89531579144796 -2.406813412443757 9
-209.35444879114632 -289.02957181530155 -2.4043306455371485 9
-209.50233076170383 -289.16422292007525 -2.401709116568904 9
-209.64988401874348 -289.29923489938943 -2.399449224689281 9
-209.79715156058325 -289.43455865832425 -2.397396921551829 9
-209.94412516277376 -289.57020109870484 -2.395088977861116 9
-210.09076565486401 -289.7062029566554 -2.392513299977618 9
-210.23707389999808 -289.84256220754054 -2.3903713043545927 9
-210.38314378830552 -289.97917743730966 -2.389015601220146 9
-210.52907036509816 -290.11594598749014 -2.388068622845392 9
-210.67482160235372 -290.25290085434443 -2.386396456816726 9
-210.82028853450407 -290.390157167063 -2.383941386398947 9
-210.9654004988199 -290.52778909393976 -2.381385992956179 9
-211.11017727095836 -290.66577409347065 -2.3790729793546834 9
-211.25464818083825 -290.8040793620995 -2.3769046820371655 9
-211.3988095126312 -290.94270694964456 -2.3745882527142013 9
-211.5426376177889 -291.0816799313751 -2.3721147717471496 9
-211.68613157542788 -291.2209979895194 -2.369874921371422 9
-211.82934323409157 -291.3606064756567 -2.3680645735493524 9
-211.97232911043955 -291.5004460049384 -2.3665984204715778 9
-212.1151168777437 -291.6404876349403 -2.365220896436271 9
-212.2577166128608 -291.7807209881308 -2.363900567564849 9
-212.40010737808632 -291.9211667277557 -2.362122655920405 9
-212.54219770430436 -292.0619160775664 -2.359629237865424 9
-212.68389218566418 -292.2030640489026 -2.3566040580435392 9
-212.82515843524217 -292.3446409990592 -2.353597131766725 9
-212.96600227709692 -292.4866380877743 -2.350653320012636 9
-213.10644762675093 -292.6290290773664 -2.3480602627316034 9
-213.2465586057462 -292.77174914481503 -2.345961883585942 9
-213.38640224360208 -292.91473084641933 -2.34427450441763 9
-213.5260168549584 -293.0579361080429 -2.3427481006693034 9
-213.66542319374938 -293.20134480203217 -2.3413437162477044 9
-213.80459296321825 -293.3449835006554 -2.339265366368611 9
-213.9433862587878 -293.4889849962019 -2.3361153918077173 9
-214.08166217045022 -293.63348289707375 -2.3323308539333976 9
-214.2194342992415 -293.7784622619452 -2.329215981138236 9
-214.35680934731593 -293.9238186400203 -2.326838975976398 9
-214.49385440724112 -294.0694855767 -2.3245306651136333 9
-214.63054317067872 -294.2154862201952 -2.321957308895426 9
-214.76684093298127 -294.36185186887235 -2.3192550941060515 9
-214.90276163270292 -294.50856816763235 -2.3168296562694852 9
-215.03834846347925 -294.6555933042478 -2.3147007103933577 9
-215.17362911739153 -294.80289998275254 -2.3126111352566294 9
-215.3085950119058 -294.95049487808103 -2.310432898628295 9
-215.44323366503528 -295.09838833232504 -2.3081993964233107 9
-215.57754460659342 -295.24657960134124 -2.306009949043971 9
-215.7115345689159 -295.3950612925267 -2.303868083147992 9
-215.84520356425568 -295.54383200008175 -2.301666084423489 9
-215.97853607648446 -295.69290415941646 -2.2993504081444573 9
-216.11151874904493 -295.84228831694173 -2.29704550954493 9
-216.24418383803877 -295.9919547425335 -2.2951209105504833 9
-216.37659094280187 -296.1418495627298 -2.2935924231929015 9
-216.5087808578134 -296.29193575797143 -2.2921565337697953 9
-216.64075073530253 -296.44221541188426 -2.2906625308318276 9
-216.77249070968614 -296.5926968262066 -2.2890829698000914 9
-216.90398056276499 -296.7433968402716 -2.2873364065072166 9
-217.03519402190793 -296.8943372804696 -2.285434621240902 9
-217.16614356493957 -297.045506647524 -2.283981104252417 9
-217.29692998665382 -297.19681749576813 -2.2832753289181484 9
-217.4276520603779 -297.348184149816 -2.282910636735967 9
-217.55825809139702 -297.49965066409703 -2.281681054121626 9
-217.6886062081764 -297.6513388404802 -2.2795293010661477 9
-217.8186036169848 -297.80332798717154 -2.27723932083001 9
-217.94827189668345 -297.9555983939727 -2.275199946492489 9
-218.0776458418937 -298.1081189110507 -2.273336920521888 9
-218.2067328471157 -298.26088213089906 -2.271430228915869 9
-218.3355238626758 -298.4138948947963 -2.2694661191417644 9
-218.46401129492097 -298.56716274473973 -2.2674710464449057 9
-218.59219136610594 -298.7206878307497 -2.2654581134949696 9
-218.72006050636173 -298.8744720802815 -2.263418609631209 9
-218.84761177907757 -299.02852001483274 -2.2613267591485755 9
-218.97483628248082 -299.1828376683672 -2.259186267879649 9
-219.10173761524652 -299.33742106013983 -2.257186044676819 9
-219.22834780330996 -299.4922434368731 -2.255419588160502 9
-219.35469309624122 -299.64728268227935 -2.2536182964978897 9
-219.4806975784152 -299.8025986243706 -2.250988194663037 9
-219.60622446201813 -299.9582999144408 -2.247511408720674 9
-219.7312150075019 -300.11443240518076 -2.244378833713778 9
-219.85578924302612 -300.2708981153304 -2.242178971587824 9
-219.98008313336413 -300.427586323365 -2.2406698373258145 9
-220.1041412175152 -300.5844607315811 -2.239137142116612 9
-220.22795318968912 -300.74152968154544 -2.237523093441414 9
-220.35148213971436 -300.8988217353667 -2.235446054345708 9
-220.47463259513117 -301.05640987485384 -2.2327176301695175 9
-220.5973130524219 -301.2143638568198 -2.2296664349313127 9
-220.71955838596065 -301.37265532560974 -2.2272614423729182 9
-220.84147889770492 -301.5311973693199 -2.225551213829722 9
-220.96315186078414 -301.68992902337243 -2.224027016869822 9
-221.08457753892893 -301.84884980020075 -2.2224380625763356 9
-221.20574212535152 -302.00797007889986 -2.220691132212827 9
-221.3265952249933 -302.16732704941415 -2.2185116741551583 9
-221.4470648137351 -302.3269737468582 -2.215903942398524 9
-221.56713054395345 -302.4869244415795 -2.213631035431945 9
-221.6868895079264 -302.6471053187115 -2.2120687189258668 9
-221.80644826676402 -302.8074355246782 -2.2110367670314326 9
-221.92584360185052 -302.9678872080184 -2.2100049314635695 9
-222.0450705234435 -303.12846424125166 -2.2089283833289333 9
-222.16409906838842 -303.289188606859 -2.2074531089070066 9
-222.28284413340552 -303.4501222299262 -2.205404897677119 9
-222.401224022489 -303.61132445874534 -2.2030772229374787 9
-222.51927201188298 -303.77277021944883 -2.2013330185081843 9
-222.6370898529894 -303.93438415898555 -2.200215762948045 9
-222.75475058736728 -304.0961122191812 -2.1992924309422763 9
-222.87226037749753 -304.25794993249025 -2.19835007437296 9
-222.98961122925067 -304.4199031763547 -2.197256844667971 9
-223.10674293764055 -304.582014949697 -2.1956252806878447 9
-223.22356434973722 -304.74435025313375 -2.193448443094554 9
-223.3400270286103 -304.906943262597 -2.191350613942401 9
-223.45617984980854 -305.0697579414412 -2.1896385995690504 9
-223.57208315134417 -305.2327500609449 -2.1882616290202193 9
-223.68777766659244 -305.39589035663283 -2.1870706576069874 9
-223.80329217995273 -305.55915866666425 -2.1860316070696952 9
-223.9185969626816 -305.72257548148957 -2.184310802498788 9
-224.03353071713113 -305.88625267562065 -2.1814988476342543 9
-224.1479311051461 -306.05030274187993 -2.178042197294946 9
-224.2618132603561 -306.21471381474953 -2.175250746129537 9
-224.37529783492695 -306.3794000894898 -2.173190510374274 9
-224.48846218247252 -306.5443060821121 -2.1712213866998398 9
-224.60128296138475 -306.7094468240696 -2.1690294260270906 9
-224.7137264375826 -306.8748446623572 -2.166703006942922 9
-224.8257941631229 -307.04049762850184 -2.1645009733732734 9
-224.93750857926923 -307.2063893571244 -2.1624306552710424 9
-225.04886986421016 -307.37251832352837 -2.1601745185995687 9
-225.15982750409813 -307.5389168086631 -2.1575771064261526 9
-225.2703288653124 -307.7056185094646 -2.1547625150568126 9
-225.38037134105537 -307.8726237852967 -2.1520936395596526 9
-225.4899819380083 -308.0399132587994 -2.149583982427489 9
-225.59916420701558 -308.207482641564 -2.146901370481772 9
-225.70786814111705 -308.37536211884577 -2.143883435284506 9
-225.81605085258852 -308.54357740273423 -2.140897451863426 9
-225.9238194031048 -308.7120588235104 -2.1390153924544753 9
-226.031369353578 -308.88068041914363 -2.1382650488005477 9
-226.1387983271694 -309.0493788423782 -2.1372695811666573 9
-226.24598163344578 -309.21823286974654 -2.1353570455289734 9
-226.35277548237846 -309.3873334775041 -2.1328122923866055 9
-226.45915208416355 -309.5566973741868 -2.1304658265256133 9
-226.56515233691724 -309.7262972915344 -2.128364134956424 9
-226.6708018709128 -309.89611569338626 -2.1262828522864097 9
-226.7760900799765 -310.0661581472702 -2.1241126084638435 9
-226.8810032995064 -310.2364322005238 -2.1219006643836162 9
-226.98554726062514 -310.4069333434233 -2.1197846487400014 9
-227.08973914777096 -310.577649946286 -2.1177704583199377 9
-227.1935892666301 -310.7485746170891 -2.115761523770501 9
-227.29709218218 -310.91970966276614 -2.113710808255349 9
-227.40024133526182 -311.09105810454986 -2.1116436455926055 9
-227.50304068431484 -311.2626167073478 -2.1096337550161555 9
-227.60550035069855 -311.4343785693925 -2.107680522368752 9
-227.70761747065498 -311.606344362547 -2.105607129068413 9
-227.80935995364857 -311.7785318074348 -2.1033275670282197 9
-227.9107012910931 -311.950955380254 -2.101078798796634 9
-228.01171378674553 -312.12357203815554 -2.099549219787076 9
-228.11252783732283 -312.29630492314016 -2.0987555066337964 9
-228.21320809711264 -312.4691156569107 -2.097797369582698 9
-228.31367060286536 -312.64205284306547 -2.0962374329243034 9
-228.41381653254348 -312.81517372450577 -2.0942076996738535 9
-228.51360174847935 -312.98850294782244 -2.0920913287773497 9
-228.61301462747267 -313.16204578546666 -2.0899308536420134 9
-228.7120889343204 -313.3357819708783 -2.08832888355278 9
-228.81095887612938 -313.50963475168334 -2.0875779933319767 9
-228.9097569953517 -313.68352841200226 -2.0873014659873967 9
-229.00845797367415 -313.85747704940513 -2.0864062791897435 9
-229.10694345703712 -314.0315476925922 -2.084838790848211 9
-229.20513268765205 -314.2057858285403 -2.083121300236215 9
-229.30303155950787 -314.38018730580933 -2.0815072954835405 9
-229.40065943433632 -314.55474035517926 -2.0800385252993028 9
-229.49805356455806 -314.7294239630204 -2.078836092824374 9
-229.59526141852817 -314.9042118472305 -2.077878241498717 9
-229.69225751125896 -315.07911760078326 -2.0761924683351745 9
-229.78885324559894 -315.2542439619208 -2.0733070908232865 9
-229.8848576296121 -315.4296948862032 -2.069703646524863 9
-229.98028284057034 -315.60546234714064 -2.0667775571872995 9
-230.07526069239447 -315.78147237791075 -2.0645986990323335 9
-230.16987885911936 -315.95767545704473 -2.0625575663206703 9
-230.26412314689236 -316.1340784699784 -2.060358904922147 9
-230.35796577016364 -316.31069574167344 -2.058008018068146 9
-230.45138080730098 -316.4875396732154 -2.055520210934924 9
-230.54434363597522 -316.6646214290843 -2.0529133198515943 9
-230.6368718625722 -316.8419304957274 -2.0507405994941927 9
-230.72907705028865 -317.0194081433509 -2.0492695103557974 9
-230.821067381473 -317.1969974467701 -2.048113199404058 9
-230.91278589724104 -317.3747269432887 -2.0461548207766853 9
-231.00407870694167 -317.5526753307951 -2.0433411710878633 9
-231.09483296950415 -317.73089949639524 -2.0402302414435605 9
-231.18502986374855 -317.90940641003203 -2.037091325059987 9
-231.27467371344645 -318.0881912105046 -2.034173544776732 9
-231.3638764269818 -318.26719661070643 -2.032195270226778 9
-231.4528128458573 -318.4463346604727 -2.031178512684968 9
-231.54160101047574 -318.6255459623623 -2.030372256513274 9
-231.63023101402737 -318.804835407753 -2.0294143898789074 9
-231.7186733648894 -318.9842176520625 -2.028249118178809 9
-231.80687432742727 -319.16371874634115 -2.026715708928342 9
-231.8947660482923 -319.3433713748558 -2.024813787562888 9
-231.9823047563528 -319.5231963516668 -2.022858326368127 9
-232.06950052954886 -319.70318795764877 -2.021001052001568 9
-232.15636952345298 -319.88333748252387 -2.019214190055695 9
-232.24291595900178 -320.0636421324238 -2.0174178328375483 9
-232.32913704871575 -320.2441025874414 -2.015606456296071 9
-232.41502859640678 -320.42472015351734 -2.0137632749794343 9
-232.50058347931423 -320.60549742662556 -2.011880205764332 9
-232.5857947542053 -320.7864369059354 -2.009970769188003 9
-232.67066134528716 -320.9675383232594 -2.0080738651298913 9
-232.75518560875676 -321.1487997915909 -2.006191196054397 9
-232.8393681170148 -321.3302202377352 -2.0042993767645743 9
-232.9232053920265 -321.5118004379014 -2.002387155407977 9
-233.0066943291656 -321.6935410063459 -2.000475978058684 9
-233.08984120923168 -321.8754383594191 -1.998627468075324 9
-233.1726577325085 -322.05748648936395 -1.996839053230152 9
-233.25513946201474 -322.23968658899634 -1.9949043176099706 9
-233.33724608066765 -322.42205586127767 -1.9927241120492483 9
-233.41893648911332 -322.60461185044215 -1.9903926565120293 9
-233.50021076580975 -322.7873536471125 -1.9881803090897134 9
-233.5810929802228 -322.97026958877166 -1.9860949353274095 9
-233.66158481416312 -323.15335769910376 -1.9838490733113383 9
-233.74163776110674 -323.33663772660645 -1.9813048022420796 9
-233.82121104880449 -323.52012613350576 -1.9787975759566576 9
-233.90041144610865 -323.7037761455021 -1.9772886661307965 9
-233.97943147114407 -323.8875042368883 -1.9767960551362247 9
-234.0583591988079 -324.0712718432509 -1.975984597432929 9
-234.1370494827489 -324.2551407940255 -1.9742143879140432 9
-234.21533898616167 -324.4391807328994 -1.9717878932920987 9
-234.29319719766332 -324.62340396229143 -1.9695712641992997 9
-234.370671139435 -324.80778931287034 -1.9676107664436082 9
-234.4477899877758 -324.99232327924 -1.9656684255428343 9
-234.52454135279615 -325.1770102115061 -1.9636302845331572 9
-234.60090959784822 -325.3618558823829 -1.9615497349510165 9
-234.6769026389035 -325.5468562314262 -1.9595795084308774 9
-234.75254210684 -325.7320014722976 -1.9577260349709265 9
-234.82784216854589 -325.9172849438485 -1.955893171622304 9
-234.90280013887318 -326.1027070404587 -1.9540349198657623 9
-234.97741115145232 -326.28826905824286 -1.952152994254945 9
-235.05167105722694 -326.4739718760737 -1.9502523000885794 9
-235.12557615693916 -326.65981611740835 -1.9483355901122874 9
-235.19912903721251 -326.84579999881515 -1.946480908183066 9
-235.27234613055998 -327.0319164375095 -1.9447255461096693 9
-235.34524052293105 -327.21815964557993 -1.9429509631456472 9
-235.41777250006342 -327.4045441862467 -1.9408188093833465 9
-235.4898716927228 -327.5910964372473 -1.9383179120366152 9
-235.56149200915544 -327.777833212678 -1.9357557996860544 9
-235.63264168981075 -327.9647499307014 -1.9332792895801374 9
-235.70333568348988 -328.1518393915833 -1.930875888116722 9
-235.77358348193656 -328.3390967866858 -1.9285100187058657 9
-235.8433913274492 -328.5265187256761 -1.9261739711674235 9
-235.9127513128349 -328.71410692488206 -1.9236938076550711 9
-235.98162448732975 -328.90187429777893 -1.9209866046160002 9
-236.04997076548526 -329.08983412585997 -1.918120449761506 9
-236.11778045859504 -329.27798830862514 -1.9152891770860605 9
-236.18506155660668 -329.46633212658185 -1.9125044976271186 9
-236.25182191528523 -329.65486105680844 -1.909761450114535 9
-236.3180686148708 -329.84357118814006 -1.9070576732219708 9
-236.3838059267915 -330.0324595841159 -1.9043326250246608 9
-236.44901077357483 -330.22153233861985 -1.9014144657159775 9
-236.5136444779166 -330.4108006956202 -1.8983135424611082 9
-236.57772149157825 -330.6002581937682 -1.8956803478430426 9
-236.64137312637766 -330.78985942928983 -1.8938234713788582 9
-236.7047354139311 -330.9795575079126 -1.8925013339685521 9
-236.76783570763743 -331.1693425820485 -1.8910293564992595 9
-236.83063841847795 -331.3592262597608 -1.8893697383180361 9
-236.89311701209826 -331.5492169800621 -1.8876428835278378 9
-236.95526647254687 -331.7393156661113 -1.8859058500212675 9
-237.01708735685892 -331.92952138510236 -1.884219241014766 9
-237.07860768000785 -332.1198245267851 -1.8827546845369338 9
-237.1398713010218 -332.31021047459296 -1.8815179475093426 9
-237.20091038272042 -332.50066846988216 -1.8803642059066636 9
-237.2617310580294 -332.69119633392967 -1.8792248498108535 9
-237.3223325909728 -332.881794090528 -1.878023795815848 9
-237.38267974250772 -333.0724725154289 -1.8765456661974464 9
-237.44271737640108 -333.26324858391087 -1.8747837625792967 9
-237.50240642023203 -333.454134090237 -1.8729362354260566 9
-237.56174348527972 -333.645129325536 -1.8710969013436918 9
-237.62073271601605 -333.83623221369334 -1.8693280368224428 9
-237.67940657757285 -334.02743216531246 -1.8678058218267826 9
-237.73781388034283 -334.21871367868937 -1.8665374491212317 9
-237.79599474391793 -334.41006408389774 -1.865414845927926 9
-237.85396984708743 -334.60147703450025 -1.8643868857029007 9
-237.91174903384805 -334.79294945630954 -1.8632708488918015 9
-237.96925897287667 -334.9845027936292 -1.8615502673741282 9
-238.02637858185872 -335.176172565833 -1.8592209406201867 9
-238.08305562156244 -335.3679738039699 -1.8571201208749328 9
-238.13938958785477 -335.5598763849703 -1.8556436554527005 9
-238.19549317473087 -335.7518462992278 -1.8546397494875988 9
-238.25141016937744 -335.94387045551855 -1.8536796006012761 9
-238.30714431295257 -336.1359479149446 -1.852721896670177 9
-238.36265937207594 -336.3280889770619 -1.851292645122846 9
-238.41783284153007 -336.5203281721768 -1.8491678352628755 9
-238.47254080840884 -336.71270033355887 -1.8465678849071507 9
-238.52675976464144 -336.90521116516567 -1.8441152209244829 9
-238.58052416860093 -337.09784955385936 -1.8418425055381764 9
-238.63385648779442 -337.2906078746499 -1.8395969966677417 9
-238.6867514765192 -337.4834865631309 -1.8373065816901484 9
-238.73920067779176 -337.6764869815102 -1.8349811177073432 9
-238.7912001041507 -337.86960911765414 -1.8326483979685793 9
-238.84274836905664 -338.06285216078174 -1.8303116725547097 9
-238.89384820009448 -338.25621424797424 -1.828019561775254 9
-238.9445112217745 -338.4496912445489 -1.825794965878251 9
-238.99474963091888 -338.6432788878043 -1.8236246859540597 9
-239.04456962233883 -338.83697462908196 -1.8214716151312225 9
-239.09397388994867 -339.03077691749445 -1.8193304143250946 9
-239.142957104733 -339.22468611217266 -1.8171064589659902 9
-239.19149656945325 -339.41870670279775 -1.8147552310389896 9
-239.23957448925333 -339.6128419844464 -1.8124330980756513 9
-239.28724493695123 -339.8070778733452 -1.810579358382158 9
-239.33460314538488 -340.0013903332974 -1.809205030338671 9
-239.3817056647294 -340.1957648304918 -1.8078449335030988 9
-239.42852384433584 -340.3902077565429 -1.8062804532952363 9
-239.47502394233794 -340.58472681685134 -1.8046441515657552 9
-239.52123320897888 -340.7793153705869 -1.803308222078662 9
-239.56721356617703 -340.97395861947865 -1.8022640505657603 9
-239.6129480781466 -341.16865990644794 -1.8005739626468307 9
-239.65824752231345 -341.36346221366074 -1.7977976344538975 9
-239.70292033822957 -341.5584090000212 -1.7943752468011005 9
-239.74697748182476 -341.7534965193312 -1.79154160177517 9
-239.79054614320668 -341.9486939335441 -1.7893554400853986 9
-239.8337166066596 -342.1439792884911 -1.7873629849530075 9
-239.87649600863932 -342.339350622108 -1.785351429140003 9
-239.91887394184693 -342.5348099016541 -1.7831778154794722 9
-239.96077379197735 -342.73037213305986 -1.7804417721021497 9
-240.00208137430772 -342.92605971703904 -1.7771516786098323 9
-240.04276471687973 -343.1218780693048 -1.7742792856872034 9
-240.08297103964634 -343.3177955943344 -1.7722794857576496 9
-240.1228510308475 -343.51377995360514 -1.770721574894895 9
-240.1623565018639 -343.70983962054726 -1.76840165574981 9
-240.2013254905779 -343.90600641373527 -1.7652666535656012 9
-240.23964156153903 -344.1023023336405 -1.761868176341513 9
-240.27728975808017 -344.29872752675755 -1.7584639515462346 9
-240.31427857003362 -344.49527751183814 -1.7552719733948692 9
-240.35071766215543 -344.691930206839 -1.752900696874639 9
-240.38677434295914 -344.88865350673166 -1.751365634584453 9
-240.42256434616792 -345.08542519253564 -1.7500550346427077 9
-240.45809042449312 -345.2822446757184 -1.748683455691455 9
-240.49333405259998 -345.4791152641165 -1.7471112711913082 9
-240.52821186553834 -345.67605091974053 -1.7449493369705114 9
-240.56260378148642 -345.8730716344257 -1.7422012477759155 9
-240.59645717031026 -346.0701857033093 -1.7396588211771484 9
-240.62986603177217 -346.26737600322025 -1.7376910866935407 9
-240.66293437164902 -346.4646236804732 -1.7361032546699833 9
-240.69567595646825 -346.66192556430786 -1.7343530757683272 9
-240.72805310427884 -346.85928742623616 -1.7324175121498198 9
-240.76005026483034 -347.0567113563972 -1.730561360097026 9
-240.7917009597093 -347.25419127262353 -1.7289079131936567 9
-240.82304211191754 -347.4517205263431 -1.727393321202192 9
-240.85408104154848 -347.64929739957324 -1.725839958463177 9
-240.88480817252815 -347.8469229883312 -1.7242383431031 9
-240.9152162031231 -348.04459797587316 -1.7226173171273274 9
-240.94530316489076 -348.24232208391646 -1.7209902978538392 9
-240.97506872852418 -348.44009477981103 -1.719377366714075 9
-241.00452191578438 -348.63791425221643 -1.7178343574454775 9
-241.03367697249925 -348.8357779760296 -1.716356438816692 9
-241.06252750393782 -349.033686356185 -1.7147035318522335 9
-241.09102248781008 -349.2316461320375 -1.7127640092016871 9
-241.11910930523734 -349.4296642431668 -1.7106274110508528 9
-241.14677693763738 -349.62774146341246 -1.7085424884118119 9
-241.17403808675152 -349.82587505127515 -1.7065228100003285 9
-241.2009031497362 -350.02406266890455 -1.7045383165976657 9
-241.22737696232574 -350.22230293646857 -1.7025750417349732 9
-241.2534615738244 -350.42059485300285 -1.7005892179778859 9
-241.27913864844845 -350.61893993020254 -1.6984593992055879 9
-241.3043782894639 -350.8173411041789 -1.6961826720589068 9
-241.3291611799455 -351.01579990143193 -1.6938830425853244 9
-241.353491066409 -351.2143147784861 -1.6916180536568826 9
-241.37737442102195 -351.41288383846654 -1.6893819731945399 9
-241.40081506869055 -351.6115056297305 -1.6871589442473902 9
-241.4238152962369 -351.81017895723704 -1.6849458667086596 9
-241.44637185775795 -352.00890318186435 -1.6826791877843028 9
-241.46846965348985 -352.2076788530049 -1.6803294545241232 9
-241.490096911571 -352.4065061680623 -1.6779994485419765 9
-241.51128975878365 -352.60538034153484 -1.6759735452401208 9
-241.53211144678434 -352.804293767192 -1.6742603313694808 9
-241.55260534232048 -353.0032411005405 -1.6726268389312493 9
-241.57277143718028 -353.20222192405777 -1.6709652627811118 9
-241.59260192867455 -353.4012366313443 -1.6692296743325656 9
-241.61206757149162 -353.6002873210588 -1.6672931029034372 9
-241.63112728240299 -353.79937702932295 -1.6651726428897493 9
-241.64980199912986 -353.99850317158365 -1.663583316682929 9
-241.6682460495058 -354.19765107810105 -1.6628557356306395 9
-241.68661105532055 -354.3968063635566 -1.6625687552947472 9
-241.70485234554238 -354.5959728128445 -1.6615588632823017 9
-241.72281406396058 -354.7951645024137 -1.6597808065678399 9
-241.74039567719726 -354.9943902967887 -1.6578858323960406 9
-241.7576180857563 -355.1936476248163 -1.656174945474412 9
-241.77451632349906 -355.3929326118522 -1.6546149743151042 9
-241.79110999778925 -355.59224310606396 -1.653114349761235 9
-241.8074098082093 -355.791577944862 -1.651657335532772 9
-241.8233999177625 -355.9909379381556 -1.6499403830083073 9
-241.83900781030468 -356.19032810083047 -1.64782327851234 9
-241.85415931893544 -356.38975351310467 -1.6454255764985286 9
-241.8688360073934 -356.58921455936263 -1.6430772057710639 9
-241.88305108725217 -356.7887089589896 -1.6407985881480753 9
-241.8968214905213 -356.9882344070677 -1.638628041542528 9
-241.91017134203395 -357.1877886121254 -1.6365832536136367 9
-241.9231172178128 -357.3873697576202 -1.634486057862293 9
-241.93559256396202 -357.5869806671545 -1.6318455895021213 9
-241.9474841205468 -357.7866267703012 -1.6286620818476187 9
-241.9587503182115 -357.986309306924 -1.6257631072479335 9
-241.9695040893832 -358.18602049058325 -1.6235298174982897 9
-241.97987048191013 -358.3857519043735 -1.6217983307140658 9
-241.9898982227076 -358.5855003473371 -1.620117999065501 9
-241.9995925760952 -358.78526557970736 -1.6184444950881778 9
-242.008912010724 -358.9850489566578 -1.6162482594555754 9
-242.0177160740455 -359.18485516892997 -1.613285727873203 9
-242.02587363857188 -359.38468845628273 -1.6100194809900794 9
-242.0334691887721 -359.5845444532628 -1.6077201583775855 9
-242.04070872333176 -359.78441394652214 -1.6064331982229092 9
-242.04773044270735 -359.9842907459787 -1.6053672956140796 9
-242.05452486068734 -360.1841752333977 -1.604158886742241 9
-242.06105949626433 -360.38406867274495 -1.60272407478673 9
-242.06726273912565 -360.5839726914321 -1.6008325618078172 9
-242.07304125861845 -360.7838891123309 -1.5984982748697163 9
-242.0783696420218 -360.9838180315176 -1.5965001791183873 9
-242.0833679079629 -361.1837558561334 -1.5951959016357167 9
-242.08815635340568 -361.3836989600183 -1.594199778068488 9
-242.09267559510505 -361.5836480185443 -1.5924540820658573 9
-242.0967650773692 -361.7836061275498 -1.5899191440278897 9
-242.10031554903568 -361.98357487723916 -1.5871941898813429 9
-242.10332958996483 -362.1835525891296 -1.5845540892736125 9
-242.10582886745348 -362.3835371879794 -1.5820978159058396 9
-242.10788116838327 -362.5835268219269 -1.5800966217802033 9
-242.1095801561495 -362.78351976788764 -1.5785557528347423 9
-242.11099413680424 -362.9835147765719 -1.5771823785786436 9
-242.11213678117088 -363.18351160483945 -1.5758423304600622 9
-242.11300693163227 -363.3835100957027 -1.5743719280324942 9
-242.11352724698475 -363.58350967458983 -1.5723232353934644 9
-242.113577840286 -363.7835095320054 -1.5696985106532126 9
-242.1131077744466 -363.9835089400964 -1.5672899317165203 9
-242.11221386411128 -364.18350735037404 -1.565460056974656 9
-242.11100003710288 -364.3835041878865 -1.563961743584501 9
-242.109455273276 -364.58349839665044 -1.5621193761820171 9
-242.10750425765752 -364.7834886554976 -1.559925946888505 9
-242.10514931909503 -364.98347463464796 -1.5582753598048875 9
-242.10255943629818 -365.18345811893363 -1.5575763746787308 9
-242.0999013831031 -365.3834408489874 -1.5573367582357005 9
-242.09711308102234 -365.5834215038175 -1.5562116536389663 9
-242.09400407731871 -365.7833970455434 -1.5541574778109235 9
-242.09046436871884 -365.98336560249936 -1.5521081876793605 9
-242.08655803576482 -366.18332782315525 -1.5504906904281426 9
-242.08235670042836 -366.3832843346534 -1.5489968825705307 9
-242.07778882041006 -366.5832324233985 -1.5467854924948068 9
-242.0727027736688 -366.7831675078278 -1.5438423076076364 9
-242.06702946508202 -366.9830870507777 -1.5411186575796105 9
-242.06087702072332 -367.1829929025521 -1.5390489962246174 9
-242.05436758008668 -367.38288729649867 -1.5374526598312919 9
-242.04753939087402 -367.58277073962967 -1.5358369605258075 9
-242.0403833874546 -367.7826427611433 -1.534164049453099 9
-242.03286542959077 -367.98250165958973 -1.5321539146400949 9
-242.02489928921108 -368.18234314530184 -1.5296788450881085 9
-242.01639701357948 -368.3821627166978 -1.5268417064348228 9
-242.00731838230612 -368.5819570207318 -1.5239226142244184 9
-241.99765025567999 -368.7817233659533 -1.5209563550738294 9
-241.98742659949224 -368.98146188585866 -1.5184767885276773 9
-241.97678056557587 -369.18117868482454 -1.5167269995382413 9
-241.96584413805147 -369.38087989784214 -1.5154182965232332 9
-241.95461563160418 -369.5805645898414 -1.5137655878196186 9
-241.94301879985917 -369.7802278852383 -1.5117535974748546 9
-241.93104786613532 -369.9798691729108 -1.5101952957589355 9
-241.9188480188428 -370.1794969639834 -1.509460488609175 9
-241.90656200554204 -370.37911959524564 -1.509096178172031 9
-241.89412300857057 -370.5787324806231 -1.5078712277030688 9
-241.8813471294635 -370.77832381371684 -1.5057448076928481 9
-241.86811919408925 -370.977885937725 -1.5035151878678008 9
-241.85447223931192 -371.17742014840087 -1.5015453281226392 9
-241.8404536088003 -371.37692859106755 -1.4997398668666784 9
-241.82606655628803 -371.5764106065029 -1.4978398072329433 9
-241.81128971786347 -371.7758639707848 -1.495836852782402 9
-241.79611684284913 -371.9752876265561 -1.493906553514366 9
-241.7805742285469 -372.1746830209602 -1.492128676797696 9
-241.76468423767722 -372.3740512345334 -1.490334206666921 9
-241.74839124864855 -372.57338673048935 -1.488064510872987 9
-241.73159621211323 -372.7726802860855 -1.485310348162275 9
-241.7142399510449 -372.9719259089431 -1.4825320034887919 9
-241.69634854469996 -373.17112451784357 -1.47993828762777 9
-241.67795367571296 -373.37027741568414 -1.4774197774104294 9
-241.65903665179147 -373.56938114607186 -1.4746801718618383 9
-241.63955097215177 -373.7684296286016 -1.471727212870089 9
-241.6195089005726 -373.9674228769206 -1.4692355393583736 9
-241.5990472928884 -374.166373819234 -1.4675105773216763 9
-241.57830691076808 -374.36529585053574 -1.4663035298670701 9
-241.55731410714057 -374.5641911027741 -1.464941683656268 9
-241.53603141819562 -374.7630554253516 -1.4633922669548027 9
-241.51443217439137 -374.96188571976836 -1.4617863760616314 9
-241.49251392285814 -375.1606812493137 -1.4601833036118954 9
-241.47027472947673 -375.3594412625029 -1.458529585509781 9
-241.44768814795427 -375.55816198855746 -1.4566807300847464 9
-241.42471440960702 -375.75683801506597 -1.4546533113568352 9
-241.40137311115546 -375.9554711354394 -1.4531280000309943 9
-241.37780923735465 -376.1540783633563 -1.4524125510861368 9
-241.35415665848623 -376.35267536883845 -1.4519410354570645 9
-241.33028979718395 -376.5512463814237 -1.4501847986870333 9
-241.3059389309739 -376.7497581601776 -1.447100331386407 9
-241.28093312689487 -376.94818900210373 -1.4438346100509047 9
-241.25531279875867 -377.14654190260103 -1.4409058632740355 9
-241.22914117181327 -377.34482257942216 -1.4382318301813193 9
-241.202443724483 -377.54303288210474 -1.4355907681362763 9
-241.17522474208076 -377.7411724795337 -1.4329595641344162 9
-241.14746246467982 -377.9392369262873 -1.4300418576166956 9
-241.1190808831284 -378.1372131807676 -1.4267040463784166 9
-241.0900115890717 -378.33508928595836 -1.4232496511196397 9
-241.06032443087983 -378.53287404604 -1.42049493582388 9
-241.0301657835993 -378.7305877585818 -1.4184621511691224 9
-240.99962869568242 -378.92824301031783 -1.4165315258786562 9
-240.96869267963518 -379.12583596145316 -1.4144245193886869 9
-240.9373246745223 -379.3233609188824 -1.4121770882070959 9
-240.90550803733137 -379.52081423865684 -1.4098856818880112 9
-240.8732353702063 -379.7181934374256 -1.4075647814134147 9
-240.84052109330176 -379.91549983395987 -1.4054639295971434 9
-240.80742510011166 -380.11274268152783 -1.403695082948168 9
-240.77400747293672 -380.30993131300403 -1.402141990632928 9
-240.74027557753706 -380.50706630806985 -1.4004930278883323 9
-240.70620762975574 -380.7041434069421 -1.3987368780082365 9
-240.67179515802053 -380.90116066725517 -1.3970300311508854 9
-240.6370582020066 -381.098121104565 -1.3954426584499566 9
-240.60201437316636 -381.29502726869214 -1.393848068460122 9
-240.56662400991817 -381.49187133565306 -1.3919069747028845 9
-240.53081586949205 -381.6886397600008 -1.389611360790245 9
-240.49454322047526 -381.8853232441528 -1.387246473951615 9
-240.45781128175042 -382.0819214991322 -1.384940055376267 9
-240.42063267898632 -382.27843558997876 -1.3827110451828784 9
-240.38302849251258 -382.47486871030605 -1.3806101362268264 9
-240.34502422064503 -382.6712251782308 -1.378622237286372 9
-240.30660379391483 -382.8675007935109 -1.3762672002871315 9
-240.26766427176008 -383.0636735488366 -1.3733303578078446 9
-240.22811151144575 -383.2597232176673 -1.3702276887567506 9
-240.1880382732024 -383.45566767036223 -1.3680695763632773 9
-240.14764013420907 -383.6515457361511 -1.366884035896859 9
-240.10703848997096 -383.8473813511502 -1.365803766532209 9
-240.06619777632557 -384.0431669324474 -1.3644415491979782 9
-240.0250678216012 -384.23889197690124 -1.362903610634731 9
-239.98364615864153 -384.4345556852396 -1.3614732339619113 9
-239.9419565431736 -384.63016259110964 -1.3601574177174922 9
-239.90000359677845 -384.82571313984283 -1.3587319934064197 9
-239.85775148795668 -385.02119913924236 -1.357096948534928 9
-239.81516302638173 -385.2166121118661 -1.355330589317912 9
-239.77223610004864 -385.4119511165924 -1.353641664027874 9
-239.72898787660665 -385.60721935342326 -1.3520355803359545 9
-239.6854220759306 -385.80241698013737 -1.3503543012372476 9
-239.6415139795145 -385.9975377258633 -1.3485273472671617 9
-239.59724322228973 -386.1925763453136 -1.346722676570536 9
-239.55266437883986 -386.3875449267412 -1.345387661913092 9
-239.50787295027598 -386.58246502469785 -1.3445179142553667 9
-239.4628989934799 -386.7773430555088 -1.3433502172268286 9
-239.4176354324449 -386.9721537146313 -1.341544541311617 9
-239.37196888914548 -387.1668702354546 -1.3393305672582028 9
-239.3258884141169 -387.3614895037293 -1.3373194985897332 9
-239.27943932706913 -387.5560213965465 -1.335530637543438 9
-239.2326360580492 -387.7504683290388 -1.3335985903535248 9
-239.18542756119464 -387.9448169125242 -1.331360722317696 9
-239.1377705905577 -388.139055754192 -1.3291572438325083 9
-239.08977292887639 -388.333210985796 -1.327892579540802 9
-239.04162488361567 -388.52732924397753 -1.3275696099609475 9
-238.9934126621301 -388.7214314271103 -1.3269686658913662 9
-238.94500426472618 -388.9154844807024 -1.3255472690034293 9
-238.89625314045784 -389.1094517384605 -1.3235746864970077 9
-238.8471323073746 -389.3033259664884 -1.3217664487044283 9
-238.79768055642765 -389.4971161216699 -1.3201561844684664 9
-238.74792606191778 -389.6908286275365 -1.3186128467473128 9
-238.69787351284285 -389.88446429280816 -1.3170781830967455 9
-238.64752164442757 -390.078022413282 -1.3154873765087787 9
-238.59684057713028 -390.27149459781043 -1.3136683053136657 9
-238.54578476939562 -390.46486824632325 -1.3116176421927277 9
-238.49432206707004 -390.6581341132485 -1.3094928832720403 9
-238.44244845985622 -390.85129001119896 -1.3073639856722565 9
-238.39016659741867 -391.0443355516703 -1.305298857508374 9
-238.33750892735745 -391.23727903363636 -1.3034777117164467 9
-238.2845238173123 -391.43013340105 -1.3018779223866455 9
-238.23118695315014 -391.6228909597155 -1.2996461255340648 9
-238.17732288845684 -391.81550109841913 -1.2964036873882412 9
-238.12275930229944 -392.0079140124015 -1.292620641996475 9
-238.06753047834687 -392.2001378019654 -1.2895422603498576 9
-238.0117839142817 -392.3922123008221 -1.2872158410738153 9
-237.95562455242327 -392.5841658675511 -1.285131390376372 9
-237.89906674127232 -392.77600240614976 -1.2830630475153941 9
-237.84210317960452 -392.96771950236155 -1.2807857397195652 9
-237.78462868684016 -393.1592838594427 -1.2777043379101467 9
-237.72648505374792 -393.3506454428214 -1.2738320956517104 9
-237.6676138002261 -393.5417846937312 -1.2703488489643417 9
-237.6081638466418 -393.7327454433729 -1.267776057240544 9
-237.5482981329161 -393.9235759155865 -1.265862637259416 9
-237.48806998255986 -394.11429184227933 -1.2639461736830147 9
-237.4274724242952 -394.30489107132126 -1.2619728032325628 9
-237.36645694588896 -394.4953573415053 -1.2594565607382289 9
-237.304890522545 -394.68564563278096 -1.256183014612632 9
-237.2426512641791 -394.8757144710258 -1.252620318985171 9
-237.17981958822438 -395.0655889469118 -1.2500016477997347 9
-237.1165860543477 -395.2553303926198 -1.2483591969859982 9
-237.05306957457216 -395.4449768174663 -1.2468330122224216 9
-236.9892389678677 -395.6345173640816 -1.2450442964548214 9
-236.9250482395703 -395.8239363421328 -1.2430735371765895 9
-236.86048621073869 -396.0132293028478 -1.2411324328264013 9
-236.79556074121848 -396.2023979461376 -1.2392336928315724 9
-236.73028318714734 -396.39144529714406 -1.237417003780133 9
-236.66467171109056 -396.58037698321624 -1.2356998254680143 9
-236.5987443700796 -396.769198638616 -1.2340616558894297 9
-236.532510383279 -396.9579129607584 -1.2324486202044176 9
-236.46597406650753 -397.1465210149882 -1.2308523517468826 9
-236.39912774659152 -397.3350194788275 -1.2291300887259096 9
-236.3319391618808 -397.5233960273363 -1.227219054612989 9
-236.2643842016676 -397.7116412878078 -1.2253640643315062 9
-236.1965432517182 -397.8997838469845 -1.2242080961349733 9
-236.12855317034177 -398.08787280661454 -1.2237478810950824 9
-236.06047106796598 -398.2759284133817 -1.2230245616215734 9
-235.9921887254213 -398.4639110912969 -1.2216168091932322 9
-235.92359003147547 -398.65177843170693 -1.2197977256657724 9
-235.85467539445145 -398.83953040203346 -1.2182842460115701 9
-235.78550837719698 -399.0271899342308 -1.2170870166012462 9
-235.71609487175022 -399.21475843949105 -1.215507559904843 9
-235.64632080003085 -399.4021925727869 -1.2132391127503939 9
-235.57607630572866 -399.5894506176723 -1.2106990443998478 9
-235.50542883584595 -399.7765575031317 -1.2089823550236158 9
-235.43454181791034 -399.9635742336753 -1.2081003457059531 9
-235.363480390438 -400.15052456962616 -1.2068620219328292 9
-235.29210557300354 -400.3373549315748 -1.2047446525315546 9
-235.22026728630792 -400.5240075309581 -1.202056462934294 9
-235.14794621232033 -400.71047408823756 -1.1996054945714545 9
-235.0751940697356 -400.89677321774917 -1.1974204544843279 9
-235.00203407908654 -401.0829124215336 -1.1951496973276323 9
-234.9284294436517 -401.268875815718 -1.1926390565919778 9
-234.85434704599865 -401.45464910498816 -1.190133545140887 9
-234.77985674101933 -401.6402595603694 -1.1882745013757527 9
-234.70508384196523 -401.8257568387705 -1.187055829535347 9
-234.63007031130795 -402.01115684366346 -1.185462835541248 9
-234.5546859292322 -402.1964057536766 -1.1830513306643549 9
-234.47879675855202 -402.3814482836751 -1.1802075924550304 9
-234.40243087735104 -402.56629514307497 -1.1779415215784843 9
-234.32570412457375 -402.75099278945174 -1.176284560558244 9
-234.24868833228103 -402.93556976319394 -1.1746937342169514 9
-234.1713633035295 -403.1200171351898 -1.1729315973758454 9
-234.09370028024364 -403.30432249325804 -1.1710585432016996 9
-234.0156958151328 -403.4884837545065 -1.1692323144260095 9
-233.93736018250303 -403.6725044357873 -1.1674592849833672 9
-233.8586999185034 -403.8563865258677 -1.16569256335442 9
-233.77971361873335 -404.04012876776875 -1.16391165553231 9
-233.70039909462335 -404.22372958172275 -1.1621207259375925 9
-233.6207559115369 -404.40718808395917 -1.1603306500303219 9
-233.54078458951875 -404.59050376986215 -1.1585421764899115 9
-233.46048603956538 -404.7736763367576 -1.156760101783001 9
-233.3798619537225 -404.95670588773254 -1.1549865179330545 9
-233.29891360626792 -405.1395923317228 -1.1532097629981661 9
-233.21763750879413 -405.3223333157005 -1.1513994368474532 9
-233.13602769350297 -405.5049253079514 -1.1495613598291132 9
-233.0540934046603 -405.6873718338697 -1.1478835098303304 9
-232.97187506119056 -405.8696908818291 -1.1464478818209716 9
-232.8894029755515 -406.05189578915207 -1.1449400563200112 9
-232.8065784248301 -406.23394037860766 -1.1425409005148803 9
-232.7232334318232 -406.4157465298323 -1.139256668349923 9
-232.63929960499877 -406.5972818767705 -1.1363220386756063 9
-232.55491356778677 -406.77860824933134 -1.1342750614079136 9
-232.47022296043087 -406.95979253566094 -1.132798935857885 9
-232.38524542689555 -407.14084186319985 -1.1310692320658728 9
-232.2999284307249 -407.3217310994692 -1.1290592239987056 9
-232.21425127584155 -407.5024501561693 -1.1271712391485862 9
-232.12825970806753 -407.6830203198632 -1.1255803692150552 9
-232.04199359043534 -407.8634599233024 -1.1239679953246533 9
-231.9553634161678 -408.04372458272263 -1.1215062084118672 9
-231.86821032315203 -408.22373629151446 -1.1181966070657958 9
-231.78046458460767 -408.4034601915325 -1.1151544246365275 9
-231.6922396862711 -408.5829501147924 -1.1128642646064053 9
-231.60365948803434 -408.76226490676055 -1.1110540396149262 9
-231.5147374731047 -408.9414099028189 -1.1090177696632983 9
-231.42542769792237 -409.12036163090124 -1.1067342831869433 9
-231.335714112782 -409.2991114534481 -1.1045835774509098 9
-231.24564276852257 -409.4776815360397 -1.1027305606765732 9
-231.1552628384641 -409.65609559045595 -1.1010738221561178 9
-231.06458257306718 -409.8343570057864 -1.099350496778758 9
-230.97358816848458 -410.01245821872413 -1.0975498676120912 9
-230.8822711893175 -410.19039433016115 -1.0957415287362695 9
-230.79063456906349 -410.3681660831787 -1.0939556492901104 9
-230.69868224515693 -410.54577472059594 -1.0921835899160435 9
-230.60641466716842 -410.723219768103 -1.0904029945687 9
-230.51383041353589 -410.9004998300528 -1.0886134292840242 9
-230.4209294887928 -411.0776141913563 -1.0868327394398216 9
-230.32771483562337 -411.2545635396241 -1.0850686473747855 9
-230.2341923262327 -411.43135015187295 -1.083381238064105 9
-230.14039152077908 -411.6079893710469 -1.0819260058155047 9
-230.04635429521764 -411.78450333754796 -1.080677760514468 9
-229.95205753291327 -411.9608789526434 -1.078810004369726 9
-229.85734571654473 -412.1370313272769 -1.0759649498239054 9
-229.76206672471614 -412.3128773399267 -1.0725948167575818 9
-229.6662475779851 -412.4884303244013 -1.0698688697494512 9
-229.57001151093104 -412.6637554203298 -1.067825338091393 9
-229.47344050553897 -412.8388957480186 -1.0659308745581313 9
-229.37653084821326 -413.01384867735385 -1.0639548991481393 9
-229.27926505254672 -413.18860406228356 -1.0618174946750636 9
-229.18159458565947 -413.363133684775 -1.0593123975484475 9
-229.0834543207501 -413.537399662077 -1.056436803022592 9
-228.98479408316166 -413.7113720352501 -1.0533812591912983 9
-228.8855943414933 -413.8850371015981 -1.0502279238809769 9
-228.78584915136403 -414.05838895402815 -1.0472109132941554 9
-228.6856430781476 -414.2314750851496 -1.0449330810586033 9
-228.58510870976102 -414.40437132405543 -1.0433827711232535 9
-228.48429853811055 -414.5771067723326 -1.0415215420778472 9
-228.38310198459362 -414.74961539105914 -1.0389023454306003 9
-228.28140826066158 -414.92183113909994 -1.035986624200493 9
-228.1792847951543 -415.09379305324086 -1.0339605589893466 9
-228.07689419545136 -415.26559629014764 -1.0328556430033906 9
-227.97434594391382 -415.4373049799307 -1.0319754818492743 9
-227.87164024474464 -415.6089194208143 -1.031020634610946 9
-227.7687576206275 -415.78042819902436 -1.0298353329222656 9
-227.66561918964894 -415.9517832309214 -1.0280194861586527 9
-227.5621146984051 -416.122917062101 -1.0255871912108294 9
-227.45819819304955 -416.29380116383794 -1.0233786155561004 9
-227.35395428570627 -416.46448605674567 -1.0217547487304828 9
-227.2494767053022 -416.63502783446563 -1.020558318216385 9
-227.14479870561206 -416.8054464644147 -1.0193857212105397 9
-227.03992093127727 -416.9757424266993 -1.018199911737104 9
-226.93481256130468 -417.14589635583616 -1.0165911601579012 9
-226.82937984436018 -417.31584917506365 -1.0143835510964612 9
-226.7235339953398 -417.48554483676793 -1.011878314716159 9
-226.61730070993067 -417.6549985791945 -1.0098478910940893 9
-226.51076670407065 -417.82426363746697 -1.0083127726150152 9
-226.40398515766165 -417.993372402703 -1.0068263852434458 9
-226.29694039911504 -418.1623144706883 -1.0051971908717952 9
-226.18961073299565 -418.33107570044393 -1.0034795107968368 9
-226.0819950752055 -418.4996548297988 -1.0018124834724176 9
-225.97410330849843 -418.66805744831646 -1.000199022040031 9
-225.8659379349045 -418.83628442201103 -0.9985403812208146 9
-225.75748636437487 -419.0043269613761 -0.9967942513124239 9
-225.64873558407945 -419.17217601025806 -0.9949943122247012 9
-225.5396852538658 -419.33983065511285 -0.993226770039001 9
-225.4303417696664 -419.5072943099888 -0.9914932397953328 9
-225.32070666876135 -419.6745671890877 -0.9897282448488162 9
-225.21077156925412 -419.8416429760322 -0.9879037494796659 9
-225.10052979247953 -420.0085164978653 -0.9860905546763028 9
-224.9900009986889 -420.17520012325815 -0.9844697002638864 9
-224.8792188115729 -420.3417155209434 -0.9830426813381357 9
-224.76820324411847 -420.5080753585142 -0.9816265207811102 9
-224.65694663604393 -420.67427400121653 -0.9801429516081803 9
-224.54543950719662 -420.8403046284156 -0.9786288030792565 9
-224.4336860257352 -421.00616960732117 -0.977178167315032 9
-224.32169754161185 -421.1718761386443 -0.9757880420998909 9
-224.2094716323379 -421.33742198925273 -0.9742721978675741 9
-224.0969780260494 -421.5027858513746 -0.9725510457227797 9
-223.98419366650086 -421.6679513770164 -0.9708850759215139 9
-223.8711913821109 -421.8329680519665 -0.9699392539898908 9
-223.75809468297626 -421.99792016094335 -0.9697125416226008 9
-223.6449661519522 -422.16285032487133 -0.9693792691670148 9
-223.53174485696326 -422.32771669896755 -0.968586740338082 9
-223.41836052862496 -422.4924710396049 -0.9674695346357137 9
-223.3047925505076 -422.6570989355079 -0.9663711377743873 9
-223.1910468808258 -422.821604084761 -0.9653165127890462 9
-223.07714378151815 -422.98600021050356 -0.9644961908989959 9
-222.96313178514058 -423.150320859609 -0.9639915489450072 9
-222.84905825881464 -423.31459879976467 -0.9636898929546349 9
-222.7349292171404 -423.47883814712935 -0.9633036323739633 9
-222.62072867448455 -423.6430277747536 -0.9628218892434403 9
-222.50644657455013 -423.8071606618341 -0.9623274853332681 9
-222.39208519922732 -423.97123833207473 -0.9618557895369874 9
-222.2776481471365 -424.13526322304375 -0.9614028242798524 9
-222.16313754876074 -424.2992367737179 -0.9609584406459487 9
-222.0485547290099 -424.46315987459167 -0.9605203566425714 9
-221.9338978399475 -424.62703118230115 -0.9600456084918476 9
-221.8191586682176 -424.79084487152727 -0.9595158504610454 9
-221.70433115713843 -424.9545966316166 -0.9590036661322646 9
-221.5894357572432 -425.1183007807752 -0.9586942471685985 9
-221.4745070631749 -425.28198157746465 -0.9585980124599993 9
-221.3595819624943 -425.44566489071224 -0.9587442682733218 9
-221.24470168816833 -425.60937964170023 -0.9591455280522316 9
-221.12990441168105 -425.77315260055286 -0.9597127376231619 9
-221.01519577939266 -425.9369876857222 -0.960218682917171 9
-220.90056414107724 -426.10087666329355 -0.9606551064172844 9
-220.7860031007476 -426.2648149854629 -0.9610954274364304 9
-220.67151715263284 -426.42880574479426 -0.9615709937537525 9
-220.5571115874664 -426.5928525931971 -0.9620691848032972 9
-220.44278708238474 -426.7569559506195 -0.962557803474391 9
-220.3285418632177 -426.92111451976194 -0.9630358308387779 9
-220.21437517161831 -427.0853277101779 -0.9635173104535325 9
-220.10028833768874 -427.2495963848701 -0.9640082377464732 9
-219.9862825448285 -427.41392130707266 -0.9644988050033927 9
-219.87235537378072 -427.5783007539112 -0.9649639946135562 9
-219.7585025309019 -427.74273170899676 -0.9654060500797491 9
-219.64472595415492 -427.90721545012804 -0.9659091855530199 9
-219.53104014479965 -428.07176191248357 -0.9665093483494321 9
-219.4174560604793 -428.2363785897195 -0.9670818453195301 9
-219.30393883625172 -428.40104140262633 -0.967308642380287 9
-219.19042939299885 -428.5657095880153 -0.9671894797447876 9
-219.07689626571786 -428.73036143305353 -0.9670996638790279 9
-218.96336395763484 -428.8950138357394 -0.9671993894442444 9
-218.84986106295963 -429.059686516313 -0.9674241128624207 9
-218.736392466699 -429.2243828386777 -0.9676092138718131 9
-218.62295043851958 -429.38909746376845 -0.9677479093422585 9
-218.50952962849172 -429.5538266965313 -0.9678738865660206 9
-218.39612970861805 -429.71857031009756 -0.9680015244131195 9
-218.28275138780234 -429.8833287917704 -0.9681415642687271 9
-218.16939932737998 -430.04810534101483 -0.9683214018214443 9
-218.05608021837176 -430.21290454998706 -0.9685365472549264 9
-217.94279027659599 -430.3777238117424 -0.9686457056706912 9
-217.82950462154002 -430.5425460208885 -0.9685885694422977 9
-217.7161981487135 -430.7073539184137 -0.9684219663539636 9
-217.60286665209483 -430.872144610584 -0.9682908288637787 9
-217.48951704363355 -431.03692284598776 -0.9682010295462218 9
-217.37615395977514 -431.20169180962625 -0.9681205370127899 9
-217.26277725431902 -431.3664514001101 -0.9680356802331871 9
-217.14938597885 -431.53120096426676 -0.9679407903612717 9
-217.03597710236264 -431.69593841296324 -0.9678214104771629 9
-216.92254649466057 -431.8606608991499 -0.9676776213370404 9
-216.8090914473073 -432.02536655377975 -0.9675287086978014 9
-216.6956121303714 -432.19005548791233 -0.9673829032229601 9
-216.58210916496574 -432.35472812336343 -0.967242835748269 9
-216.4685841373367 -432.519385550273 -0.9671152151400039 9
-216.3550391232968 -432.6840291978378 -0.9669984840618518 9
-216.24147281852632 -432.8486581611718 -0.9668470032850229 9
-216.12787711533264 -433.0132668374381 -0.9666412961007784 9
-216.01424593460405 -433.1778510243947 -0.9664516316048124 9
-215.90059899932447 -433.3424243351231 -0.9664571956021043 9
-215.78696963727876 -433.5070097763021 -0.9666560215374375 9
-215.6733718505301 -433.6716170140373 -0.9667858420107855 9
-215.5597805414386 -433.83622872381414 -0.966734735703098 9
-215.44616862775794 -434.0008262110426 -0.966569356219798 9
-215.33253350381523 -434.16540767650116 -0.9664596679740186 9
-215.21888555264914 -434.3299802866299 -0.9664101680404831 9
-215.10522822029864 -434.4945464172298 -0.9663256846350546 9
-214.99155076624595 -434.65909864705606 -0.9661656042646457 9
-214.87784148990568 -434.82362889088057 -0.9659481708786518 9
-214.76409539328444 -434.98813368337346 -0.9657199049003788 9
-214.65031109261028 -435.1526120505359 -0.9654864518531548 9
-214.53649320269727 -435.31706717440596 -0.9653283280304404 9
-214.4226583274688 -435.481510543749 -0.9652798919727065 9
-214.30882308138996 -435.6459536558543 -0.9653059014753552 9
-214.19499114811728 -435.8103990599016 -0.9653164944700281 9
-214.08115931880081 -435.9748445354589 -0.965306918686998 9
-213.96732380073087 -436.1392874577352 -0.9652701607306495 9
-213.85347975678314 -436.30372447854825 -0.965203227867874 9
-213.73962410266137 -436.46815346287684 -0.9651525660856212 9
-213.6257707942279 -436.632584070069 -0.9652366024529611 9
-213.5119427852479 -436.7970321873727 -0.9654550851893161 9
-213.39815214690563 -436.96150616827526 -0.9656600289042688 9
-213.2843889093997 -437.12599910781825 -0.9657882872105075 9
-213.1706414451023 -437.2905029535518 -0.9658641300826796 9
-213.05690702916183 -437.4550158178641 -0.9659494391729089 9
-212.943187684542 -437.61953910079984 -0.9660476815712901 9
-212.82948618645486 -437.7840747195697 -0.9661683886736285 9
-212.71580673309535 -437.9486255692367 -0.9663156275074514 9
-212.6021520948305 -438.11319355850355 -0.9664499020526923 9
-212.48851054033486 -438.2777705837483 -0.9664705103815701 9
-212.3748626706545 -438.4423432474405 -0.9663768688099152 9
-212.2611969184256 -438.6069035606182 -0.966275539213766 9
-212.14751759978677 -438.7714545035872 -0.9662119905851303 9
-212.03383015956095 -438.93599983591247 -0.9661671164540495 9
-211.92013302885786 -439.10053847145815 -0.9660922022053213 9
-211.80642094834982 -439.26506677442 -0.9659883438380215 9
-211.69269491229858 -439.4295854317618 -0.9659403511354165 9
-211.57896855239616 -439.5941038659948 -0.9659844111961293 9
-211.46525618537936 -439.75863197279256 -0.9661000509029088 9
-211.35156461546785 -439.923174451489 -0.9662350718507816 9
-211.23789663674947 -440.0877332276528 -0.9663862512232819 9
-211.1242538756563 -440.2523094201046 -0.9665383466125075 9
-211.0106356869963 -440.4169025782314 -0.9666848544023099 9
-210.89704127637364 -440.58151214818093 -0.9668288071535335 9
-210.7834709632392 -440.746138344238 -0.9669779365594295 9
-210.66992565219675 -440.9107817842335 -0.9671319993592278 9
-210.55640512989044 -441.07544231645204 -0.9672758640725314 9
-210.44290692522054 -441.24011823504907 -0.9674030745389695 9
-210.32942915312378 -441.4048082374248 -0.9675347703878509 9
-210.21597769821904 -441.56951636786613 -0.9677248473391282 9
-210.10256247757238 -441.7342494456834 -0.967967833123375 9
-209.98917884825295 -441.89900427059257 -0.9680671290355812 9
-209.87579283068877 -442.06375745403284 -0.9679388535966365 9
-209.7623690767133 -442.22848466352474 -0.9676358975243075 9
-209.64889168658897 -442.39317493108666 -0.9672931046434453 9
-209.53535513530423 -442.55782441802324 -0.9669183181944111 9
-209.42175605465758 -442.72243077068117 -0.9665392898259716 9
-209.30809521668414 -442.8869944863758 -0.9661678598061969 9
-209.1943738353369 -443.0515163673225 -0.9658027083288995 9
-209.0805926370942 -443.21599688546667 -0.9654404708905346 9
-208.9667520809571 -443.3804363313687 -0.9650803780861544 9
-208.85285154969918 -443.54483424358625 -0.9647078974615446 9
-208.73888826839487 -443.7091886529061 -0.9643168291134918 9
-208.62486019350646 -443.8734981000549 -0.9639317111433993 9
-208.51077425964115 -444.03776738919635 -0.9636150942442027 9
-208.39664205872828 -444.2020045735977 -0.9633604962723424 9
-208.2824581323651 -444.3662058129178 -0.96293670279556 9
-208.16818267418313 -444.53034330708664 -0.9622450808001036 9
-208.05377810096022 -444.69439080528196 -0.961442661853964 9
-207.9392642912556 -444.858362125809 -0.9609297147151377 9
-207.82469158162704 -445.0222923259374 -0.9607149011112485 9
-207.71009062047452 -445.18620274189607 -0.9605281619945562 9
-207.5954519263749 -445.35008674247274 -0.960254298556028 9
-207.4807626004412 -445.5139353160288 -0.9599276720341732 9
-207.3660223139515 -445.67774822305864 -0.9596358645419382 9
-207.25123739288384 -445.8415298679269 -0.95938015070179 9
-207.13640876041697 -446.0052808660741 -0.9590864870238913 9
-207.02152635970546 -446.16899413320203 -0.9587232904588165 9
-206.90658219755346 -446.3326640368523 -0.9583745033194313 9
-206.7915989188123 -446.4963064721845 -0.9582540709382525 9
-206.67661535517152 -446.6599487079897 -0.9583626289024366 9
-206.56165274105075 -446.8236056565084 -0.9584596045216371 9
-206.446696652529 -446.9872671910673 -0.9584423880426389 9
-206.33173203456755 -447.15092274105046 -0.9584013188158921 9
-206.2167768140822 -447.31458488837495 -0.9585666312082739 9
-206.1018663773076 -447.47827847092344 -0.958941707590449 9
-205.98702198079846 -447.64201840055864 -0.9593327981407302 9
-205.87223616811252 -447.805799418598 -0.959657271781489 9
-205.75749931029512 -447.9696147383138 -0.9599465023860151 9
-205.64281323706695 -448.13346560552134 -0.9602804380834455 9
-205.52818581461298 -448.29735749775824 -0.9606580475020225 9
-205.41361606756232 -448.46128971588365 -0.9609589363816002 9
-205.29908514710226 -448.62524907416343 -0.9611317659885833 9
-205.18457448064854 -448.7892225800748 -0.9612364283209281 9
-205.0700873915057 -448.9532125399562 -0.9614255184722469 9
-204.95563873828593 -449.1172293200922 -0.96169721334568 9
-204.8412267678129 -449.28127169633564 -0.961825403189409 9
-204.72681614851084 -449.4453150158954 -0.9617136921443512 9
-204.61237121500827 -449.60933439301374 -0.9614533698350787 9
-204.49788968487638 -449.77332823359944 -0.9612769425612057 9
-204.38338695618143 -449.9373072793909 -0.9611892108107516 9
-204.26886664380098 -450.1012740430569 -0.9610285809502468 9
-204.15430837728906 -450.26521428676745 -0.9607261963325076 9
-204.03969565732984 -450.4291164785584 -0.9604491299853157 9
-203.92507302801823 -450.5930117388192 -0.9606226295875805 9
-203.81051727664553 -450.7569537168267 -0.9612500541702725 9
-203.69607410240042 -450.9209743218383 -0.9619068260341225 9
-203.5817262322091 -451.08506142674054 -0.9624121684847277 9
-203.46745201291563 -451.24919983534164 -0.9628439383778673 9
-203.35325823910534 -451.41339418973826 -0.9634001049321512 9
-203.23916677175373 -451.5776596385899 -0.9640862365884393 9
-203.12519216379513 -451.74200621797377 -0.9648016331801598 9
-203.01133404218263 -451.90643352262526 -0.9655034746497084 9
-202.8975895147366 -452.070939399855 -0.9661736456904346 9
-202.78394902009163 -452.23551716545535 -0.9667661507758104 9
-202.67039961130607 -452.40015783592423 -0.9672905335041407 9
-202.55694928864537 -452.5648668103921 -0.9680285676009847 9
-202.44364804381166 -452.72967831940684 -0.9690998848919123 9
-202.3305474489016 -452.8946276455821 -0.9704198686273138 9
-202.21766819805435 -453.059728572621 -0.9717740258515106 9
-202.10501444164703 -453.2249833693564 -0.9731388842013255 9
-201.99256709326892 -453.39037863676816 -0.9742063618831557 9
-201.88026091583578 -453.5558698644513 -0.9748458582351398 9
-201.76803101201327 -453.72141281103086 -0.9752004113541379 9
-201.65586501152384 -453.8869990053567 -0.9756321200210452 9
-201.54377834751685 -454.0526389097479 -0.9761573631862578 9
-201.43178435861032 -454.21834152074706 -0.9767444687720392 9
-201.31989169277574 -454.3841125618835 -0.9773800262111471 9
-201.2081046607068 -454.5499548282303 -0.9779717266761879 9
-201.09639354955056 -454.715848256096 -0.9782861076179695 9
-200.9847108033591 -454.88176079418014 -0.9783241175024345 9
-200.87303063771873 -455.0476750582314 -0.9783782047699748 9
-200.76137105226266 -455.2136031598424 -0.9785721138605706 9
-200.64975064458818 -455.37955761754165 -0.9787934430273455 9
-200.53814661262433 -455.54552309725244 -0.9787580504797131 9
-200.42651422788077 -455.7114695131065 -0.9784502488703395 9
-200.3148053333953 -455.877364435883 -0.9778267807411898 9
-200.20296532787634 -456.0431710274143 -0.9768693471688472 9
-200.09096059480134 -456.20886658056395 -0.9761094504367513 9
-199.97895317254248 -456.3745602152481 -0.9768904854490404 9
-199.86720781134306 -456.54043025374375 -0.9792186729643607 9
-199.75588508172632 -456.70658453604614 -0.9816908938101527 9
-199.64493579876913 -456.8729889983319 -0.9837136940431187 9
-199.53429309201545 -457.03959756028075 -0.9854629486122107 9
-199.4239549236014 -457.2064075359252 -0.9873827405577953 9
-199.313953325228 -457.37343904875144 -0.9894798869778341 9
-199.2042940618412 -457.5406953973633 -0.9914057375432034 9
-199.0949299637408 -457.70814595583585 -0.9930131426980047 9
-198.98583472908857 -457.8757733303587 -0.994952666563862 9
-198.8772251804304 -458.04371467113697 -0.9988619570071927 9
-198.769445296128 -458.21218793740945 -1.0047443389358846 9
-198.66270556130198 -458.3813237887838 -1.0108255680778864 9
-198.55694906378315 -458.5510780588378 -1.016359805633125 9
-198.4520952361612 -458.72139110242244 -1.0215378773689041 9
-198.3481339559879 -458.892249217872 -1.0268368573779982 9
-198.24509200455614 -459.063662773561 -1.0322744583099084 9
-198.14298731384287 -459.2356365969775 -1.0377317119810057 9
-198.04181970780016 -459.40816416068066 -1.0431590715980428 9
-197.9415901616577 -459.5812392866042 -1.0486306329197819 9
-197.84232860220501 -459.7548706550153 -1.0543304634492743 9
-197.74407955451335 -459.92907443601996 -1.0602325816722207 9
-197.64682374383813 -460.10383378178244 -1.0655486341047267 9
-197.55041656954495 -460.279066986408 -1.0699521572649624 9
-197.4547525002983 -460.45471257005096 -1.0746534608739193 9
-197.36019548393145 -460.63095207757937 -1.08262911394546 9
-197.26734955301342 -460.8080913036264 -1.0938275910072977 9
-197.17648217672283 -460.9862582400696 -1.1040691343904567 9
-197.08720256197267 -461.16523316827187 -1.1116427821936887 9
-196.99907634746995 -461.34477451328314 -1.117285832123501 9
-196.91194758989852 -461.52479779089845 -1.1227874401576208 9
-196.82580460739595 -461.705299688565 -1.1283236161639927 9
-196.74081193870668 -461.88635021541194 -1.135948402971861 9
-196.65747038153754 -462.068158960163 -1.1464923514572993 9
-196.57624369421723 -462.2509179197785 -1.1583253237053586 9
-196.4969553527969 -462.43453442689366 -1.167546354164862 9
-196.41910766146304 -462.6187729858294 -1.1741586092079876 9
-196.34250042792718 -462.80352618497415 -1.18168140739786 9
-196.267501227181 -462.9889311200904 -1.1915092128282607 9
-196.19450594286462 -463.1751364127191 -1.2028903375860571 9
-196.12361944711836 -463.3621598125434 -1.2140672731466973 9
-196.054801403347 -463.54995387186574 -1.2249362238634052 9
-195.98795098587246 -463.7384547646899 -1.2348451048788196 9
-195.92285709396182 -463.927569154475 -1.2435418830780323 9
-195.85930877209984 -464.11720582151275 -1.2512845918690456 9
-195.79719401645244 -464.30731698816925 -1.2586618308794273 9
-195.73645102945528 -464.4978765958095 -1.265805209974118 9
-195.6772048639775 -464.68890908905763 -1.2747575071074297 9
-195.61992107239607 -464.8805308446148 -1.2862944039907933 9
-195.56501695961717 -465.0728439874557 -1.2987176509478808 9
-195.51223370352946 -465.26575828882494 -1.3082172961242118 9
-195.4609906548988 -465.45909198418013 -1.3148032665669964 9
-195.4109555054918 -465.6527360079751 -1.3212170819060003 9
-195.3622467409801 -465.84671322898924 -1.3284790408513345 9
-195.3150119573433 -466.041055259572 -1.3362287614905881 9
-195.26925649603885 -466.2357538423635 -1.343671457483902 9
-195.22491887388725 -466.430781958316 -1.3508103499160733 9
-195.1819889259468 -466.62612401959035 -1.3581999058262995 9
-195.1405486093938 -466.8217850000854 -1.36604415117164 9
-195.10065881994532 -467.0177662364086 -1.3737482278388307 9
-195.062142350647 -467.21402420523856 -1.3800145626320968 9
-195.02471209875162 -467.410494686093 -1.384893485891218 9
-194.98823604873394 -467.6071433634317 -1.3900346994198656 9
-194.95285681649113 -467.80398887295337 -1.3960368211328784 9
-194.91866967901385 -468.0010428348511 -1.4014444207819492 9
-194.8851888123975 -468.19822111946803 -1.4031163065558416 9
-194.8517194751349 -468.39540510179063 -1.4027204222457328 9
-194.8188204307241 -468.5926812424617 -1.409880969125522 9
-194.78814166894344 -468.79031296143256 -1.424024241093272 9
-194.76024662037128 -468.9883642212468 -1.4374744098804408 9
-194.73485375431957 -469.18674859873477 -1.449025830306284 9
-194.7114464480204 -469.385375896495 -1.4574201214987028 9
-194.68945371722825 -469.58416437019605 -1.463830882451015 9
-194.6687751017595 -469.7830932438219 -1.470691813578846 9
-194.6495292608208 -469.9821676570115 -1.4783390157285197 9
-194.6319224616887 -470.1813915877374 -1.4871525128843697 9
-194.61597127268809 -470.3807534514443 -1.4938902712674178 9
-194.60084469342758 -470.5801827157281 -1.4954700801167882 9
-194.58588828844228 -470.77962421909825 -1.496979752007948 9
-194.57156820950405 -470.9791097851914 -1.5018485414587934 9
-194.55842661329848 -471.1786771101502 -1.5080758822684923 9
-194.5464325513349 -471.3783192805952 -1.5133452726119339 9
-194.5353986754101 -471.5780172113843 -1.517783110643524 9
-194.5252469576785 -471.7777603850169 -1.5222894806831206 9
-194.51601961599303 -471.9775477078668 -1.5270373808447166 9
-194.50775788165708 -472.1773778483799 -1.5319152720432898 9
-194.50047123233105 -472.37724627366293 -1.536795593205583 9
-194.49415948381622 -472.5771475691665 -1.541650909816314 9
-194.4887994001252 -472.7770764839146 -1.5462932713032984 9
-194.48434266247398 -472.97702794495325 -1.5506871599764187 9
-194.4807773041321 -473.1769973966317 -1.5554144862627497 9
-194.47825606788624 -473.3769825091594 -1.5611300698958448 9
-194.47697589524805 -473.57698131223856 -1.5678067115012781 9
-194.47711075845854 -473.7769852548223 -1.575257930472389 9
-194.47880990051056 -473.9769787012077 -1.5834498417733145 9
-194.48207688570804 -474.1769501152882 -1.5901556784429545 9
-194.48628902312868 -474.37690725352763 -1.5929007424013555 9
-194.4906809242539 -474.57686252058767 -1.5925381069544593 9
-194.49519202097034 -474.7768131990119 -1.5947789628194113 9
-194.50051694358152 -474.9767403683195 -1.6006797191581026 9
-194.50724522510845 -475.176626739149 -1.6080506701531367 9
-194.51535155239574 -475.37646551601114 -1.6144668450867063 9
-194.5246484886316 -475.5762526964866 -1.620055353614645 9
-194.5350537123825 -475.77598315757575 -1.6256654197778695 9
-194.54659694883094 -475.9756505817882 -1.6314528715318013 9
-194.55931563919543 -476.1752476471187 -1.637453348710248 9
-194.5732569157787 -476.37476298388617 -1.6437060154865637 9
-194.58846520783212 -476.5741846353126 -1.6500450903466022 9
-194.6048508959331 -476.77351317485494 -1.655389229339211 9
-194.62218309932362 -476.9727623804183 -1.6595434165794234 9
-194.64026329739568 -477.1719440895635 -1.663106391693818 9
-194.65905821923735 -477.3710592769924 -1.6667217266751484 9
-194.67858168286037 -477.57010558794883 -1.6704971995060334 9
-194.69893320660708 -477.76906919940444 -1.6751242467852006 9
-194.7203018702201 -477.96792430335677 -1.680726304862722 9
-194.7427250286535 -478.1666627205269 -1.6849105153435457 9
-194.76558577739095 -478.36535260068024 -1.6851284209835065 9
-194.7882310087411 -478.56406683828817 -1.6838553941323975 9
-194.81093071521602 -478.7627741879855 -1.6857743425678176 9
-194.83418159875993 -478.96141791793485 -1.6886606493019976 9
-194.8578913643625 -479.1600080728124 -1.6904468505032908 9
-194.8819775882798 -479.35855265358674 -1.6928176236052588 9
-194.90665403411427 -479.5570242924367 -1.6960411283803585 9
-194.93170194437013 -479.7554497498102 -1.6959882664108423 9
-194.95636868438086 -479.9539223983046 -1.6928769704941435 9
-194.98052168071766 -480.15245889055115 -1.6911380664430025 9
-195.00442187718056 -480.35102661627315 -1.6895937676012025 9
-195.0277291501075 -480.5496634968781 -1.6850977545478485 9
-195.04997716634807 -480.74842197067414 -1.6795829580522812 9
-195.07121615707595 -480.9472926244134 -1.6749453449396323 9
-195.0915848426547 -481.146254901949 -1.6705785600048062 9
-195.1110158597794 -481.34530970487293 -1.6655114617808473 9
-195.12936731771998 -481.5444656900296 -1.6597492284634843 9
-195.14651758665175 -481.74372919377447 -1.6534808722371728 9
-195.16237330488036 -481.9431033164526 -1.6467567325471282 9
-195.17679972697326 -482.1425912128958 -1.6388349392425727 9
-195.18940975989472 -482.34219773848713 -1.6285408609553218 9
-195.1997343743956 -482.54192797308383 -1.6162104885607553 9
-195.20769682260897 -482.7417699068762 -1.6054457838014498 9
-195.21375867984466 -482.9416880841761 -1.5971897054488273 9
-195.21830502882142 -483.1416481893895 -1.589477150110092 9
-195.22106204918913 -483.3416321023575 -1.5792632736910057 9
-195.2215318188888 -483.5416273897085 -1.5668697531153966 9
-195.21960485555223 -483.7416196094328 -1.5558290927072447 9
-195.2156952784913 -483.9415916048434 -1.5470429170773643 9
-195.2101604536132 -484.1415247219202 -1.5389302045859574 9
-195.20283527359337 -484.3413930242967 -1.5291057231156957 9
-195.1933784216772 -484.54116817556934 -1.5177293622228125 9
-195.18164408332763 -484.7408268287794 -1.5065623314863883 9
-195.16774508323007 -484.9403522350341 -1.4960421351267537 9
-195.1517761361493 -485.1397246602719 -1.4855653609036081 9
-195.13363668249121 -485.3389056450615 -1.4742459008724642 9
-195.1131691278737 -485.53785165017933 -1.4624183460462894 9
-195.09056857545102 -485.73656800477113 -1.453254284785439 9
-195.06648712621507 -485.93512335485286 -1.4475228256994055 9
-195.04139250213356 -486.13356048737796 -1.4416243731153682 9
-195.0146043996603 -486.33176145567063 -1.430386737575141 9
-194.98508075129604 -486.5295577868196 -1.4145198917196689 9
-194.95253438396946 -486.7268913305066 -1.4007754902391047 9
-194.91764195572583 -486.9238447916335 -1.3907546159693351 9
-194.8809468924794 -487.12047359008653 -1.3811734782932068 9
-194.84196930091568 -487.31664278788145 -1.3674434510459825 9
-194.79991543061897 -487.51215958136277 -1.3502329634147283 9
-194.7546633094572 -487.70697435911103 -1.3355362872198495 9
-194.7069251698683 -487.9012153177174 -1.3247201987420227 9
-194.6572800994609 -488.09497685713006 -1.3146879161248073 9
-194.60537693510335 -488.2881278820033 -1.3013100700052969 9
-194.5505874501482 -488.4804704716399 -1.2850830501369732 9
-194.49275123657387 -488.6719309853663 -1.2701480813659811 9
-194.4322667249341 -488.8625842399333 -1.2573977302978308 9
-194.36947807743417 -489.0524882953713 -1.245380292227514 9
-194.30431252732143 -489.241579246873 -1.2322716823428115 9
-194.23658214240925 -489.4297602383978 -1.2184039459866398 9
-194.16638281849936 -489.6170395266243 -1.2063151634336735 9
-194.0941363765035 -489.8035460691682 -1.1965231453189331 9
-194.02020209249173 -489.98938677220366 -1.187677074282492 9
-193.94456530074146 -490.17453521968184 -1.178141313721428 9
-193.86710628931093 -490.35892763298585 -1.168034136374854 9
-193.78780521378837 -490.5425384353007 -1.1582438613035786 9
-193.7067549817585 -490.72538517989915 -1.148946738531798 9
-193.62404499663833 -490.90748503653236 -1.1399875300195712 9
-193.53972103447057 -491.08884286032634 -1.1311827840061035 9
-193.45381280574526 -491.2694580811821 -1.122398423355023 9
-193.36624834878756 -491.4492763365479 -1.1126840728136946 9
-193.27684241412226 -491.6281833255823 -1.1018524349553735 9
-193.18542455671835 -491.8060709314651 -1.0902572306305693 9
-193.09191757799803 -491.98287296106446 -1.078309915147416 9
-192.99626661264608 -492.1585322678535 -1.0658592090348469 9
-192.89831239444342 -492.3329178415238 -1.0518633331502674 9
-192.7977816978759 -492.5058180457948 -1.036119664819973 9
-192.69451954190856 -492.6770950818398 -1.0208811409079332 9
-192.58890777003535 -492.84694844451326 -1.0086490220755715 9
-192.48145379383473 -493.0156561092859 -0.9986925634673055 9
-192.37217109437614 -493.18317526752236 -0.9862858418796908 9
-192.2605547220227 -493.3491264148347 -0.9705777281132186 9
-192.146263038026 -493.51324435971554 -0.9550348713331439 9
-192.02973096275437 -493.67580235190763 -0.9432788352420022 9
-191.911568114573 -493.83719370290703 -0.9343330784875243 9
-191.791775338219 -493.9973645347835 -0.9222481182296184 9
-191.6697376715941 -494.1558086137767 -0.9060119392083951 9
-191.5450043521489 -494.3121448831568 -0.889226799451346 9
-191.41788840115157 -494.46657152750976 -0.8754776233022463 9
-191.28888364343538 -494.619424432037 -0.8644136314372797 9
-191.15826927581617 -494.7708897809976 -0.8540060461560735 9
-191.0261127383605 -494.9210060603853 -0.8439241935342824 9
-190.8924610929414 -495.0697944153446 -0.8339321992966438 9
-190.75731717579563 -495.2172330046093 -0.823802880516261 9
-190.62066892241728 -495.3632850317143 -0.8133565657193195 9
-190.4824146256007 -495.5078164256427 -0.8015783871258362 9
-190.34236629805338 -495.6505994896744 -0.7883071605531947 9
-190.20043178759298 -495.7915048223263 -0.7756339062332708 9
-190.0568932812498 -495.9307877547433 -0.7654929961208666 9
-189.91210530888182 -496.06877782239746 -0.7572309576158667 9
-189.76609736200595 -496.20546747643294 -0.7472971181727206 9
-189.61859412982056 -496.3405330696334 -0.7351566124972346 9
-189.46938701097963 -496.47371996502534 -0.722451443730682 9
-189.31855536190523 -496.6050715259849 -0.7106464260205533 9
-189.1662448067094 -496.73470080661434 -0.6997721537631213 9
-189.01260574636245 -496.86274794542595 -0.6900054282292507 9
-188.85779297748866 -496.9893780155903 -0.6813704620949835 9
-188.70189587225542 -497.11467339427617 -0.6723324196359943 9
-188.54476794423545 -497.2384157364319 -0.6615544090981212 9
-188.38621793613663 -497.36032925465634 -0.6493981856615002 9
-188.22621271510303 -497.48033287130005 -0.6377261611950237 9
-188.0648617151468 -497.59852106198736 -0.6268003179675512 9
-187.9022864378421 -497.71501209518703 -0.616879798383867 9
-187.73863282632354 -497.8299856941377 -0.6081849504749615 9
-187.5740421632808 -497.94362009217537 -0.6002222994051262 9
-187.40846982561445 -498.05581584625537 -0.5905339170248294 9
-187.2417071228779 -498.166228455121 -0.5787862478171998 9
-187.07359776217532 -498.2745865683113 -0.5663958923395555 9
-186.9041843392165 -498.38089838193406 -0.5545213427504765 9
-186.7335562930181 -498.48524060970385 -0.5434200551553723 9
-186.56187994735782 -498.58784625182244 -0.5343549585839827 9
-186.38938825078833 -498.68908374332034 -0.5274867077868016 9
-186.21623251101124 -498.7891815025969 -0.5204646447469238 9
-186.04228171003612 -498.8878813904146 -0.5114053374252384 9
-185.86735310811372 -498.9848358552377 -0.5007093156611722 9
-185.69139828832186 -499.0799239917231 -0.4902810759620552 9
-185.51448354648434 -499.17321845179384 -0.4803637128934832 9
-185.3366588886852 -499.2647627065252 -0.4703880288212228 9
-185.15790814088373 -499.3544829448094 -0.4599075141803659 9
-184.9782012912759 -499.4422794740269 -0.44888125308219057 9
-184.797505744584 -499.5280247244259 -0.4371196981985455 9
-184.61578675387014 -499.6115677385395 -0.4246074250069729 9
-184.43307818671235 -499.69291882861705 -0.4137763931141908 9
-184.24963605708575 -499.77261227793434 -0.4064804895065416 9
-184.06575255790605 -499.8512710252276 -0.40222019094800865 9
-183.88157688249873 -499.9292356114486 -0.3987546467071354 9
-183.69713114853062 -500.00658909254963 -0.3948249194451112 9
-183.51208918344287 -500.08249274991437 -0.38187267391782814 9
-183.32574675969838 -500.15509878962075 -0.3615124490876281 9
-183.1381439216195 -500.22444820751025 -0.3480459108808177 9
-182.94980297643417 -500.29178791711996 -0.3376408642439827 9
-182.7605504019948 -500.35645069998685 -0.31949283394972405 9
-182.57005301578744 -500.41735799732555 -0.30048886651239004 9
-182.3786004931448 -500.4752514916081 -0.28773543111284017 9
-182.18648524570946 -500.5308713904535 -0.2754900030145894 9
-181.99365022064455 -500.5839166044118 -0.2612985714402299 9
-181.80011109283737 -500.6343560499549 -0.24908823848363987 9
-181.6060462695401 -500.6827226512155 -0.24000716838628527 9
-181.41163947636372 -500.7296884707806 -0.2347261788873112 9
-181.21706339392532 -500.7759789679674 -0.23237902754709147 9
-181.0223036025095 -500.8214885766298 -0.22576303940203762 9
-180.8271286009583 -500.8651441510501 -0.21337964993344202 9
-180.6313408491069 -500.9059968659311 -0.19814885514437616 9
-180.4349591922927 -500.94393550545055 -0.18364871292072557 9
-180.23806628219987 -500.97910066925954 -0.17009628013365888 9
-180.0407571442471 -501.0118211731806 -0.1590497752742948 9
-179.84314080121365 -501.042638849609 -0.1508217575617316 9
-179.64531173749148 -501.0720312264385 -0.14420052387013776 9
-179.44729476445963 -501.1001306118856 -0.13775375918965604 9
-179.2490938464311 -501.1269591095959 -0.13108999865378032 9
-179.05068468975836 -501.1522063434435 -0.12146327551372223 9
-178.85201170472357 -501.17519370074564 -0.10833790805186772 9
-178.65303938995945 -501.19542169121917 -0.09481573657451295 9
-178.45382894924893 -501.2132737342612 -0.084463732587694 9
-178.25446695023894 -501.2293661831042 -0.07687055003629424 9
-178.05499819232742 -501.24397082588024 -0.06920193919147058 9
-177.8554219807215 -501.2569841475713 -0.06092129382892042 9
-177.65573784341782 -501.26828054827257 -0.051982623915724814 9
-177.45595631854536 -501.27772067786833 -0.04233306786290769 9
-177.25609109168636 -501.28516460343997 -0.03207229376667964 9
-177.05615951805916 -501.2905557565126 -0.021876296721924957 9
-176.8561828956398 -501.2939271394602 -0.011869773017886599 9
-176.6561825761387 -501.29530726676666 -0.0019149022557737765 9
-176.4561793085941 -501.294686506471 0.00813900155061073 9
-176.2561936104561 -501.29204614611604 0.01825787030289333 9
-176.0562442459468 -501.2873957365183 0.028216170633463163 9
-175.85634814593115 -501.2807743836803 0.03797422643615696 9
-175.65652464337518 -501.2721949533263 0.04795362266299394 9
-175.45680338746575 -501.2615557591868 0.05859708458862185 9
-175.25721594888597 -501.24873252435384 0.06968872375251789 9
-175.0577758770048 -501.23377100570946 0.07987631733238379 9
-174.85847828102936 -501.2168909458409 0.08892617400793822 9
-174.65933887188376 -501.19815533367733 0.09933808010454229 9
-174.4604601860913 -501.17696034342003 0.11365723247052063 9
-174.2619621536126 -501.15256901399124 0.13080904920023542 9
-174.0638593648864 -501.1250636101358 0.14433059130063808 9
-173.86606114412697 -501.09534505240185 0.15314861174333613 9
-173.6684985684839 -501.06413958259884 0.16042825984266526 9
-173.4712065077809 -501.031344536669 0.16927209324681705 9
-173.27424300482426 -500.99666653037883 0.1792758122122288 9
-173.0776134189753 -500.9601089863263 0.1881114435823911 9
-172.88127184460302 -500.92196414295046 0.19540782473886023 9
-172.68521855772187 -500.8823280273205 0.20431692220271486 9
-172.4896380018912 -500.84050299514377 0.21780095842041367 9
-172.29474746625684 -500.7956484969245 0.23449260456796622 9
-172.10053273663664 -500.74789319570317 0.2467924486031539 9
-171.9067599100454 -500.6982855047225 0.25353781075128246 9
-171.7132872577582 -500.6475216582544 0.2606078041829039 9
-171.5203494880586 -500.5948477557841 0.2733717645441519 9
-171.32825625150298 -500.5392180606478 0.2904571852012588 9
-171.1370546657472 -500.4805341618923 0.30442741043726773 9
-170.94654668272756 -500.4195823066004 0.31417564321974245 9
-170.7565819000483 -500.35698349901514 0.3227096728119292 9
-170.56721764951462 -500.29263349005294 0.33268780516875496 9
-170.37855342469314 -500.22627750825615 0.34368043950185156 9
-170.1905896767278 -500.1579422000402 0.3534649752104656 9
-170.00323718360426 -500.08790901105465 0.3617310497701806 9
-169.81649314749637 -500.016252407669 0.371820498928596 9
-169.63066830022242 -499.94229092177403 0.38654440120253986 9
-169.44612311223858 -499.8652234591066 0.4045639064631171 9
-169.2628737823756 -499.78508441454966 0.4192547190563693 9
-169.08063461120642 -499.70264083853885 0.4297329715847437 9
-168.8991863663167 -499.6184943235921 0.438896111458931 9
-168.718570210012 -499.53260042664215 0.44908603562946176 9
-168.5388806854922 -499.44478298371365 0.46015425186566944 9
-168.36018007415828 -499.354958526362 0.4713954542233058 9
-168.182503027235 -499.2631229730371 0.48271971163917193 9
-168.00588059306915 -499.16927794305906 0.4940724930955557 9
-167.8303348138818 -499.0734354760184 0.5054106716266347 9
-167.65588609816035 -498.9756095114586 0.516744577353826 9
-167.48255885536935 -498.8758095248744 0.5281176009829845 9
-167.3103808441745 -498.7740412553541 0.5395360497271886 9
-167.1393747369771 -498.67031737889295 0.550881391331918 9
-166.96954660365265 -498.56467313276954 0.5620644935853659 9
-166.80090192388886 -498.4571445619784 0.5732047190553727 9
-166.63349013920464 -498.34770806360297 0.5848245658412005 9
-166.46739623815662 -498.2362918031995 0.5969818275588515 9
-166.3026623852464 -498.12288013463746 0.6086947247393307 9
-166.13919437391272 -498.007636482656 0.6192490508751329 9
-165.97689396934624 -497.8907306420367 0.6295631432719951 9
-165.81601213471163 -497.7718907080227 0.6435565222480204 9
-165.65707577488757 -497.65049573906595 0.6616380401032258 9
-165.50037205967666 -497.5262297193775 0.6784388100748115 9
-165.3454428502977 -497.39972445232195 0.6902085833873848 9
-165.19171983963633 -497.27175151335706 0.6981583851035347 9
-165.03907794236935 -497.14251389352836 0.7072362878444625 9
-164.88773263128368 -497.01177768883144 0.7179570770705852 9
-164.73781139876692 -496.8794086332091 0.7283767890037218 9
-164.58916056150926 -496.7455947089201 0.7371959448911779 9
-164.441609732086 -496.61054737719877 0.7456039987565903 9
-164.29547149271087 -496.47398595629016 0.7582511939191157 9
-164.15141623655 -496.33526514993974 0.7755355072148643 9
-164.00976362186458 -496.19409091546 0.7908395940862852 9
-163.86982338219084 -496.05118104524144 0.7999160676929102 9
-163.73080275029045 -495.90735872083934 0.8052381656815558 9
-163.59292042169332 -495.7624707338008 0.8161888081912584 9
-163.45712907142496 -495.61565533339507 0.8335959650481399 9
-163.32401737017605 -495.4663922762347 0.8507204836106924 9
-163.19312386619922 -495.3151477756727 0.8633384983667217 9
-163.0638423764935 -495.1625240320871 0.8725927169469967 9
-162.93602912963854 -495.008689271597 0.8826613039841583 9
-162.8098680216251 -494.85350420503096 0.893917024942155 9
-162.68549791154064 -494.69687250169517 0.9054533453246252 9
-162.5629198779197 -494.53882897019685 0.9167309243399716 9
-162.44211262841506 -494.3794291366582 0.9277663918195292 9
-162.32305730961374 -494.21871904285615 0.9386107861637211 9
-162.2057368344475 -494.0567382195641 0.9492824821722022 9
-162.09018023868416 -493.8934941640893 0.9604782393353316 9
-161.9765334597204 -493.72891343738894 0.9725932290240684 9
-161.86496299642806 -493.56291038054616 0.9856664217837658 9
-161.75566300319815 -493.39540436448766 0.9998293542933151 9
-161.64884508509618 -493.226318541462 1.015012298931981 9
-161.54443162308328 -493.05574223908985 1.0271222967612872 9
-161.4416274514751 -492.8841764494588 1.0339034187959384 9
-161.33961350605358 -492.7121339210051 1.0375942154273936 9
-161.23856404714113 -492.5395347713532 1.0454748122768982 9
-161.13929392760446 -492.36591693990215 1.058019542466974 9
-161.0423566697841 -492.19097681177453 1.071364277314178 9
-160.9476460886258 -492.0148105034314 1.0834389950025016 9
-160.8549725850688 -491.83756477583626 1.0946245630960738 9
-160.76431025548078 -491.6592883450627 1.1061044981155181 9
-160.67573568850244 -491.479968531331 1.1179542243886844 9
-160.58929566585465 -491.29960833220935 1.1297517484002793 9
-160.50496393552794 -491.118249426739 1.1412826908300302 9
-160.42271264749408 -490.93593532512455 1.1527547958721998 9
-160.3426072815263 -490.7526705902579 1.1647855330768053 9
-160.2647693707328 -490.56843638135695 1.1773918847840004 9
-160.18924817706156 -490.3832412298275 1.189655985390832 9
-160.11592715227295 -490.1971565348787 1.2011232700817949 9
-160.04470417724264 -490.0102498797184 1.212637815547167 9
-159.97586287934863 -489.82245970026503 1.2266497727979806 9
-159.90991290851713 -489.63364875762113 1.2431795910897312 9
-159.84700938789132 -489.44379794851915 1.2578645193638054 9
-159.78652302944803 -489.253149561888 1.2686327078046815 9
-159.72777183704622 -489.06196212022047 1.2766377069181416 9
-159.67058276194228 -488.8703113767011 1.285077513930494 9
-159.61507363466708 -488.6781686872809 1.2941588799305899 9
-159.5614129374707 -488.48549751985223 1.3044196311101197 9
-159.5098691502238 -488.29224723218806 1.3161055548867533 9
-159.46071805582625 -488.098368894823 1.3290908338200424 9
-159.41418409298205 -487.90384679229544 1.3430418180398047 9
-159.37046089917635 -487.70868397624946 1.3577793392239648 9
-159.3293701367607 -487.5129521045192 1.3690726408352623 9
-159.28997117765732 -487.3168631495885 1.3750698919370599 9
-159.2513195598335 -487.1206269486154 1.3776521469247007 9
-159.213300236598 -486.92427438933424 1.3817056755188233 9
-159.17624127125865 -486.72774065546116 1.3872406322165913 9
-159.14018660771825 -486.5310170396886 1.391475558559904 9
-159.10476275904597 -486.3341774005715 1.3937726569008069 9
-159.06975929660385 -486.13726414203506 1.3960723108008781 9
-159.03526626995514 -485.9402614523675 1.3989200939279245 9
-159.00133764634057 -485.7431601934502 1.4016911366667173 9
-158.96792484294056 -485.5459705042175 1.4040368431533676 9
-158.9347459142623 -485.3487415605299 1.403633178994016 9
-158.90113988901444 -485.1515856179484 1.399839032438665 9
-158.86669031035973 -484.95457452668893 1.3956517545347837 9
-158.83148684579794 -484.75769640998624 1.3921826465903973 9
-158.7956691166506 -484.56092968585745 1.3894032376470538 9
-158.75937090108053 -484.3642510134229 1.3872740702410848 9
-158.72266569731758 -484.16764788195627 1.385123394344241 9
-158.68550764113476 -483.97112985289414 1.3826668700057647 9
-158.64784253968355 -483.7747082107953 1.3799841585460044 9
-158.60963384924432 -483.57839152579623 1.3771305840822878 9
-158.57084892699908 -483.3821877677028 1.3741214746350496 9
-158.53146427721126 -483.18610349383556 1.3710205569340141 9
-158.49146351689188 -482.9901441621035 1.3678376172600222 9
-158.45085604542763 -482.794309740634 1.3649227731558449 9
-158.40972784213702 -482.59858385907586 1.3625183855714118 9
-158.36817693186626 -482.40294750608587 1.3605680136202916 9
-158.3262679552514 -482.2073877216348 1.3588381253977895 9
-158.28403967813693 -482.0118962378537 1.3572960474284281 9
-158.24146634959678 -481.81647928074136 1.3550672442356995 9
-158.1983316891672 -481.6211859662757 1.3515481757023575 9
-158.1543926805065 -481.42607163331974 1.3469597854729465 9
-158.1095363029199 -481.23116542934486 1.3422139624166287 9
-158.0637499514094 -481.03647626738825 1.3374174305298365 9
-158.0170913263522 -480.84199514298416 1.3335030714278315 9
-157.9698196745176 -480.64766127415334 1.3311127917284606 9
-157.92221353876403 -480.4534086727587 1.329782290581573 9
-157.87428129270353 -480.2592370283243 1.3276011087130197 9
-157.8258232347443 -480.06519661314456 1.32436914849269 9
-157.77669178318678 -479.87132510967785 1.320875013142726 9
-157.72691007147807 -479.67761893866333 1.3176596577547457 9
-157.6765304114103 -479.48406746231205 1.3146622325168549 9
-157.62556978463564 -479.2906684904327 1.3116334716064537 9
-157.57401802918736 -479.09742632311145 1.30854657734263 9
-157.5218648861238 -478.90434543160546 1.3054092075949186 9
-157.46910186714797 -478.71143030182407 1.302226569333515 9
-157.41572281056992 -478.5186848465917 1.2990505149343463 9
-157.36175128380336 -478.3261044223594 1.2960930172494292 9
-157.30723362654888 -478.1336778312896 1.2933754447424533 9
-157.25220568949155 -477.9413966868665 1.2907452578365672 9
-157.1966706114524 -477.74926140409264 1.2880984466920693 9
-157.1406244158363 -477.5572743740203 1.2854061585568304 9
-157.08404678151413 -477.3654432987112 1.282550706873273 9
-157.02690490727548 -477.17377993601764 1.2795241681470295 9
-156.9692037775483 -476.9822843875684 1.2768566648435102 9
-156.91106076338355 -476.79092207021273 1.2749088455365085 9
-156.85260689858208 -476.5996541607383 1.2734997204550453 9
-156.79387028921585 -476.4084732543633 1.2718928202379014 9
-156.73480044070706 -476.2173959381621 1.2700162967792183 9
-156.67539850162694 -476.0264220667879 1.2686188742977589 9
-156.61582352013517 -475.83550044513186 1.2682087785972143 9
-156.55616480947404 -475.64460247192557 1.2667987518319075 9
-156.49574050703234 -475.4539492477091 1.2600400577329136 9
-156.4336652614897 -475.2638285491802 1.2508418462529194 9
-156.37015950107724 -475.0741755862209 1.245120888036343 9
-156.30583178829897 -474.88480134714223 1.2415131210494639 9
-156.24078203785203 -474.69567612078345 1.2374445175828355 9
-156.17489050200345 -474.5068412176709 1.2324294359374717 9
-156.10790175203252 -474.3183927296241 1.2258058837659052 9
-156.03955313766915 -474.1304325067055 1.2182342981905403 9
-155.96977587118877 -473.942998104482 1.2105859884474774 9
-155.8986164166287 -473.7560849556305 1.2037917431974794 9
-155.82636632270058 -473.56958999469634 1.1989063837121139 9
-155.75337734243226 -473.38338400980473 1.1958218894731834 9
-155.6799719004756 -473.1973418650559 1.1944310848732493 9
-155.60641521173838 -473.01135921775676 1.193798036237355 9
-155.53266804288882 -472.82545229178635 1.1923592432436465 9
-155.45857832746418 -472.63968199030217 1.1901723943739935 9
-155.38408452095067 -472.4540731448437 1.1881546406307917 9
-155.30925555865045 -472.2685985934745 1.1865618003345502 9
-155.23414494400745 -472.0832376039235 1.1849133311538111 9
-155.15865074902996 -471.89803308599215 1.1824079044233187 9
-155.08261542264964 -471.71305071802163 1.1791601272435164 9
-155.00602096741125 -471.52829871370557 1.1765875091245435 9
-154.92905000954406 -471.34370267533336 1.175084842379293 9
-154.85187945484998 -471.1591904154468 1.1742531717105666 9
-154.77455702799608 -470.97474205682045 1.1734278820263542 9
-154.69708037987803 -470.79035804162066 1.1725298532368076 9
-154.61937193487702 -470.6060713738698 1.1707909244793373 9
-154.54124624256283 -470.4219617547831 1.167997288710463 9
-154.46254108843743 -470.2380991295244 1.1647454802374289 9
-154.3832860661942 -470.05447224941037 1.1620283803370837 9
-154.30358186331867 -469.8710397675093 1.1598193412999884 9
-154.2234835328248 -469.6877794720737 1.1576530527328228 9
-154.1429805013404 -469.50469667017444 1.1554002183684282 9
-154.06205488791076 -469.3217999459806 1.15301713049101 9
-153.98067523349613 -469.1391048674909 1.1504311773504474 9
-153.8988065973447 -468.95662888271147 1.1477142520767545 9
-153.81649255889306 -468.77435341080326 1.1456757451419552 9
-153.73388909844957 -468.5922082952796 1.144540019874997 9
-153.65111543176593 -468.4101401543064 1.143439679270736 9
-153.56801596812102 -468.22822112788936 1.1409373338894555 9
-153.4843345794653 -468.0465693029732 1.137114358056456 9
-153.39992611607525 -467.86525329587056 1.1331100703481414 9
-153.31480433421532 -467.684270884807 1.1292396579617667 9
-153.2290096987505 -467.5036071207984 1.1257844888967292 9
-153.14267020552901 -467.3232030768372 1.1232100699657996 9
-153.05594523357206 -467.1429840140092 1.1214636213619857 9
-152.9689305093669 -466.96290503480003 1.119886979645744 9
-152.88163084351132 -466.7829638673305 1.1182984418917348 9
-152.79402812085115 -466.6031695373421 1.1163882443284798 9
-152.70600807238654 -466.4235794605364 1.11364526111547 9
-152.61742226472145 -466.2442682680839 1.1101388821230564 9
-152.52820341447375 -466.0652708157132 1.1067142490259265 9
-152.43839989906957 -465.88656526720945 1.103604053858941 9
-152.34805484368584 -465.7081326375671 1.1005340704192152 9
-152.25712663928726 -465.52999713859555 1.0970532105739539 9
-152.16554473539696 -465.3521977029195 1.0932736817645778 9
-152.07336186205256 -465.1747088182704 1.0904944153073817 9
-151.98080598972413 -464.99741336641034 1.089071966400681 9
-151.88808554768406 -464.820204213257 1.0883653660447865 9
-151.79521158277444 -464.6430760199005 1.0873224306513782 9
-151.70212244623266 -464.46606093876795 1.0859548175158356 9
-151.60878437211548 -464.28917675927806 1.0845564022339151 9
-151.51520334711086 -464.1124207933562 1.0832077500792943 9
-151.42138295756385 -463.93579169952096 1.0818023177692544 9
-151.3272942658898 -463.75930555020597 1.0801653968824432 9
-151.2328978911515 -463.5829840039235 1.0783697656495277 9
-151.1382318821606 -463.40680699965236 1.0772359252298205 9
-151.04344416217978 -463.23069527556817 1.076988640901479 9
-150.9486691945453 -463.0545767626936 1.0771994952551849 9
-150.85391071718416 -462.87844947138643 1.0771662077497073 9
-150.75912454945248 -462.7023370998047 1.076904500917691 9
-150.66429305529707 -462.5262490965284 1.076696193275457 9
-150.56943636813827 -462.3501746349409 1.0766184827005567 9
-150.47456987830358 -462.1741054505979 1.0765216447363193 9
-150.37966334465676 -461.99805787063013 1.076160252010764 9
-150.2846700571132 -461.82205709811626 1.0755517391498772 9
-150.1895648617493 -461.64611674542255 1.0749246553308316 9
-150.09435322331063 -461.47023396126144 1.0743416042920972 9
-149.9990438446702 -461.29440413884276 1.0738205860909062 9
-149.90365088126023 -461.1186196534817 1.0733911054972338 9
-149.80819034106457 -460.94287185327426 1.0730457124682653 9
-149.71267014928944 -460.7671564708794 1.0726986160985092 9
-149.6170867609694 -460.59147546109006 1.0723263183386256 9
-149.52143640839387 -460.41583089956566 1.07194160432643 9
-149.4257192144067 -460.2402227517042 1.071565428488599 9
-149.3299367168908 -460.0646502153683 1.0711968158272047 9
-149.23408914449334 -459.88911319810666 1.0708218535304859 9
-149.13817486548518 -459.71361261590926 1.0704367312593268 9
-149.04219113267044 -459.53814999927937 1.0700221923442885 9
-148.9461293633366 -459.36273010101246 1.0695466783296506 9
-148.84997926846322 -459.18735861735723 1.0690310698963745 9
-148.753752392562 -459.01202924825293 1.0687077185239826 9
-148.65749125239302 -458.836718676101 1.0686402546705513 9
-148.56123462557366 -458.66140563185337 1.0687083973427218 9
-148.46498478363995 -458.4860888691777 1.0687150330327178 9
-148.36873055910607 -458.31077451276457 1.0686617463621668 9
-148.27246529798748 -458.135466213624 1.0685967695348237 9
-148.1761887793274 -457.9601640970537 1.0685333110030866 9
-148.07990235037258 -457.7848674263649 1.0684926898826994 9
-147.98361382359013 -457.6095719064767 1.06850984290987 9
-147.88733298633426 -457.43427215512946 1.0685655781991523 9
-147.7910494758447 -457.25897386993506 1.0684454163317023 9
-147.69472434485695 -457.08369846616904 1.0680906228775833 9
-147.5983226243911 -456.90846517517485 1.067622654855861 9
-147.50184619519885 -456.73327298738894 1.0672405456887217 9
-147.4053104321529 -456.558113481206 1.066939380450039 9
-147.30872276402474 -456.38298260159075 1.0666343723020184 9
-147.21207931826078 -456.20788250384703 1.066302303678677 9
-147.11537624844885 -456.03281532733456 1.0659606672773116 9
-147.01861501067077 -455.8577802881144 1.0656381265892847 9
-146.92179892525786 -455.68277557477245 1.0653303544475534 9
-146.82492647456678 -455.5078020573119 1.064985737875423 9
-146.72798927535504 -455.3328644109394 1.064590144628814 9
-146.63097997742454 -455.1579667379583 1.064174341854091 9
-146.53390054398312 -454.98310797671684 1.063788740054205 9
-146.43675624152027 -454.80828523443347 1.0634270933004109 9
-146.3395452313549 -454.6334995780985 1.0630134954969916 9
-146.24225559118005 -454.4587576943717 1.0625271644490868 9
-146.14488094006612 -454.284063177249 1.0620930999570033 9
-146.04745267674232 -454.10939853941767 1.0619160920908501 9
-145.95001557669536 -453.93473882884524 1.0619697767017704 9
-145.85258454432898 -453.7600757427982 1.0619350411062547 9
-145.7551320940164 -453.58542460557254 1.061724521176958 9
-145.65763925396928 -453.41079599372057 1.0615707274636899 9
-145.56015733725312 -453.236161294795 1.0618545723191741 9
-145.4627628824463 -453.0614778319105 1.0625429270508777 9
-145.36549310916158 -452.8867248823825 1.0632154449374815 9
-145.26832942378883 -452.7119128874413 1.063757052425693 9
-145.17125300236378 -452.5370524229342 1.0642471904937107 9
-145.07426904045278 -452.3621406890543 1.0648159885743673 9
-144.97739146506217 -452.18717002345437 1.0654573618734235 9
-144.880626095847 -452.0121372641621 1.0660847034340768 9
-144.78396723791607 -451.83704564094444 1.0666743094376936 9
-144.68741037985342 -451.66189773757105 1.0672668202637514 9
-144.59096333301025 -451.48668936299566 1.0679287876297157 9
-144.49463802028552 -451.3114140648172 1.0686400038160548 9
-144.39842471533882 -451.13607724974224 1.0691702769724278 9
-144.30228299638839 -450.96070113897304 1.069456625248815 9
-144.20617820019712 -450.7853047934812 1.0696586771150112 9
-144.11012408325453 -450.60988071600866 1.0700377543481903 9
-144.01415138295945 -450.43441209395934 1.0705531544433684 9
-143.91824537723642 -450.25890698701346 1.0707215538544745 9
-143.82232688299297 -450.08340872351357 1.0704107480797835 9
-143.72632610627184 -449.907955489348 1.0699024397101349 9
-143.63025872746965 -449.7325386726008 1.0696576994948588 9
-143.5341708224722 -449.5571330219671 1.0696244092767662 9
-143.43804848652337 -449.38174623808396 1.0691641605955247 9
-143.34179275635552 -449.2064327505824 1.068102358968639 9
-143.24531302213566 -449.0312424275365 1.0667310789730038 9
-143.1486072857209 -448.8561766211909 1.0655282722338009 9
-143.05170596323427 -448.6812189379867 1.0644822426341611 9
-142.95462058364936 -448.50636338938546 1.06339146272242 9
-142.85733584630077 -448.3316187671709 1.0622008359245096 9
-142.75984056196924 -448.1569915480014 1.0610321679320198 9
-142.66216030493206 -447.9824676557886 1.0600846779968505 9
-142.56433382980603 -447.8080256454152 1.059341258161031 9
-142.46637960774092 -447.63365538661117 1.0585852697785165 9
-142.36828735936527 -447.45936278721996 1.0577575207383074 9
-142.27004718043742 -447.2851535322661 1.0569087226928178 9
-142.17166444091092 -447.11102470521905 1.056121768879523 9
-142.07314981160474 -446.93697040667104 1.055381409612751 9
-141.97449734730634 -446.7629942021578 1.054509411453908 9
-141.8756775727753 -446.5891130604778 1.0534571006217712 9
-141.77667508258529 -446.41533591935655 1.052540064611493 9
-141.67756919707332 -446.24161765945485 1.052273948772525 9
-141.57847252351775 -446.06789416314916 1.0525841648772563 9
-141.4794148352548 -445.8941484669413 1.0525822858445184 9
-141.3803092363249 -445.72043002289064 1.0520776832140755 9
-141.28117951035455 -445.5467253107168 1.0526577590818575 9
-141.1823053200002 -445.3728752302574 1.0548768909404311 9
-141.08383076805836 -445.198798222451 1.0570052738283746 9
-140.9856875571393 -445.0245341007463 1.0587558189119937 9
-140.88785679086575 -444.8500945661412 1.0606272336556377 9
-140.7903622966353 -444.6754669214535 1.0625540555370052 9
-140.6931887053719 -444.5006603312665 1.0642953105592703 9
-140.596325879583 -444.3256812658182 1.066239853310201 9
-140.49985526645847 -444.15048597246476 1.0687257483594 9
-140.40374290913087 -443.97509380767787 1.0699105159387203 9
-140.30765082435695 -443.79969045287766 1.0691169260949636 9
-140.21139805248737 -443.6243752943247 1.0683754957823792 9
-140.11506317604088 -443.44910521667214 1.0681615903416044 9
-140.01870367121467 -443.2738486914783 1.0679977077309022 9
-139.9223030060994 -443.098614821537 1.0676917574347042 9
-139.82583856679935 -442.92341604853004 1.06729545715603 9
-139.72930727288949 -442.7482540884562 1.066933116353278 9
-139.63271593869007 -442.57312522420415 1.0666083960463064 9
-139.53606838925614 -442.3980273823884 1.0662833672316754 9
-139.4393625734501 -442.22296172068707 1.0659427738000717 9
-139.34259625833366 -442.0479294949985 1.0655975647473617 9
-139.24577133833674 -441.87292967683754 1.065274053388584 9
-139.1488917562939 -441.6979601040801 1.0649701832975502 9
-139.05195597770586 -441.5230216572456 1.0646178617143514 9
-138.95495194450194 -441.3481210626057 1.0641897038901575 9
-138.85787087879459 -441.17326322334526 1.0637872823138712 9
-138.76074225221686 -440.99843178704265 1.0636546674223633 9
-138.66361478653963 -440.8235997037142 1.0637909245294548 9
-138.5665174579018 -440.6487508863479 1.06394946688818 9
-138.46944113044225 -440.4738904082418 1.064031137422266 9
-138.37237366608966 -440.299025009608 1.0640655444722629 9
-138.27531407829633 -440.1241552395713 1.0641238268428703 9
-138.17826701462565 -439.94927851931277 1.0642072098984738 9
-138.08123393264827 -439.77439404032765 1.0642756168663636 9
-137.98421009534871 -439.5995044318721 1.0643129338476933 9
-137.88719167817837 -439.4246118170999 1.0643557841707103 9
-137.7901886516398 -439.2497106658506 1.0644921520474167 9
-137.69321776950477 -439.07479168469035 1.064711056870777 9
-137.59627045598387 -438.89985963212723 1.0646980093880678 9
-137.49928952328796 -438.7249462348873 1.0643265741152654 9
-137.40221815866417 -438.5500830150362 1.0637299539201615 9
-137.30504973322607 -438.37527368346935 1.0632281242688264 9
-137.20780300495622 -438.2005078821767 1.0628290480449518 9
-137.11048659732978 -438.0257808843724 1.0624046515185313 9
-137.01308934518937 -437.85109895823786 1.0619034514709325 9
-136.915599263203 -437.6764688257927 1.0613576063230608 9
-136.81801646616154 -437.50189047001356 1.0608443514581392 9
-136.72034716096 -437.32736048115555 1.0603637096827443 9
-136.62259187804375 -437.15287863569796 1.059844571750443 9
-136.5247401881645 -436.97845086145855 1.059258359128745 9
-136.42678417154497 -436.80408167164137 1.0586904660293017 9
-136.32874795366297 -436.6297575410529 1.0583459403352367 9
-136.2306717378076 -436.4554558941125 1.0582212690525228 9
-136.1325745841803 -436.28116604236806 1.0580521499601299 9
-136.03443483728265 -436.1069001888357 1.0577323824982572 9
-135.9362327642586 -435.9326694481966 1.0574105533408524 9
-135.83800437530397 -435.7584535318275 1.0574433924264481 9
-135.73981373796278 -435.58421634484085 1.0578310684557797 9
-135.6416988698911 -435.4099364760038 1.0582469505620014 9
-135.54364750449977 -435.23562085789325 1.0585598071455196 9
-135.44564351280636 -435.06127860104203 1.0588109630173688 9
-135.347686269205 -434.886910084302 1.0590996229724035 9
-135.24978296314347 -434.71251128489104 1.059426661664457 9
-135.15193494542515 -434.53808145632826 1.05971880323402 9
-135.05413227451967 -434.36362618896777 1.0599466102955755 9
-134.95636539689696 -434.1891508568644 1.0601479242468919 9
-134.85863897238715 -434.0146528703133 1.0604135784111364 9
-134.76096473778955 -433.84012567423554 1.0607385027072531 9
-134.6633390677095 -433.66557130470744 1.0609313751074538 9
-134.56572882962556 -433.49100829949134 1.0609153420689856 9
-134.46810087921946 -433.31645520224225 1.060765901432702 9
-134.37045043854576 -433.14191468686835 1.0606642638806976 9
-134.27278708706197 -432.9673813949386 1.0606160739066133 9
-134.17511664061192 -432.79285207360874 1.0605732291625352 9
-134.0774374971575 -432.61832762003604 1.0605164079921003 9
-133.97974739518298 -432.44380930031934 1.0604496509269608 9
-133.88204559123076 -432.2692975311907 1.060382655722829 9
-133.78433211830347 -432.09479229494815 1.060316271628396 9
-133.68660774125038 -431.9202931646066 1.0602595046515613 9
-133.58887461385393 -431.74579893643113 1.060215972206363 9
-133.49113421448428 -431.5713087844531 1.0601667415678764 9
-133.39338090778168 -431.39682586141066 1.0600663727244872 9
-133.29560564313985 -431.2223552301132 1.0599259120102171 9
-133.19782156244173 -431.0478895323907 1.0600211283720513 9
-133.1000843292095 -430.8733976110365 1.0604627885045073 9
-133.0024489038889 -430.6988487079008 1.061125655787748 9
-132.90492321896346 -430.52423843347424 1.0617091525794131 9
-132.8074914054354 -430.3495757438194 1.0622039341252334 9
-132.7101438626102 -430.17486608605054 1.0626901138623952 9
-132.61288334180688 -430.0001079923964 1.0631998691868971 9
-132.5157111621254 -429.82530078061734 1.0636690503163695 9
-132.41860448711626 -429.6504571522878 1.063943710026884 9
-132.32152915497923 -429.4755960839743 1.0640617486227217 9
-132.22449829135937 -429.3007103506873 1.064535195787116 9
-132.12759343945305 -429.1257548183275 1.0654755579372044 9
-132.03085889045593 -428.95070502448345 1.0663947315726452 9
-131.93426962594654 -428.77557496138104 1.0671477718632671 9
-131.8378177053201 -428.60036924267337 1.0680179817935644 9
-131.74153763918864 -428.42506910294554 1.0690873306500894 9
-131.64541851792174 -428.2496806415454 1.069718414249347 9
-131.54934749382198 -428.07426579268713 1.0696528853946607 9
-131.45325147439104 -427.8988646673464 1.069596171600644 9
-131.35717725133674 -427.723451601707 1.069890569178829 9
-131.2611401996375 -427.54801815716337 1.0698476454653623 9
-131.16503107868803 -427.37262423564147 1.0690743402573757 9
-131.06876385022736 -427.19731703199125 1.0682207933301213 9
-130.97237821617875 -427.02207483440236 1.0677235749050187 9
-130.87592442473488 -426.8468701566542 1.0673648252045966 9
-130.77939794140661 -426.67170555636113 1.066893187833718 9
-130.68277936773617 -426.4965917426052 1.066323942743463 9
-130.58606091865022 -426.32153304972854 1.0657658608858682 9
-130.48924758905451 -426.14652679697565 1.0652398635495381 9
-130.39234379730144 -425.9715706224836 1.0647240371625215 9
-130.29534845769405 -425.79666519641466 1.0641931038769745 9
-130.19825907530563 -425.62181196440935 1.063651714441978 9
-130.10107662909982 -425.44701043568654 1.0631325190533494 9
-130.00380592017967 -425.27225798892255 1.0626417964142003 9
-129.90644863708246 -425.0975537458796 1.0621205067803907 9
-129.80899169714985 -424.92290509814814 1.061500559486157 9
-129.7114192441309 -424.7483209898397 1.060831832175377 9
-129.61375244230445 -424.57378963020125 1.060462644492279 9
-129.51605318278027 -424.3992764177499 1.0604599689768335 9
-129.41837333362488 -424.22475235287084 1.060607738328694 9
-129.32071068951223 -424.05021866862916 1.0606567810745893 9
-129.22304832597416 -423.8756848276294 1.0606202703592609 9
-129.1253793131572 -423.70115470440817 1.0605922093000717 9
-129.0277077169086 -423.5266260257191 1.0605906717251226 9
-128.93003729363517 -423.3520966913265 1.0606000726413094 9
-128.83236789948282 -423.17756678165784 1.060602439808632 9
-128.73469832808294 -423.0030369712011 1.0605986913142167 9
-128.6370280701617 -422.8285075446995 1.0605953834901205 9
-128.53935738334224 -422.6539783581252 1.0605937768576374 9
-128.44168652687455 -422.47944926653355 1.0605931985245216 9
-128.3440155916015 -422.3049202191011 1.060592872569451 9
-128.24634461282804 -422.1303911960502 1.0605924802941873 9
-128.14867339039503 -421.95586230934407 1.0605898069548505 9
-128.05100146513357 -421.78133381586093 1.0605844267723386 9
-127.95332871018866 -421.60680578657366 1.0605825050021338 9
-127.85565654128962 -421.4322774294856 1.0605911503430427 9
-127.75798665905255 -421.2577477932261 1.0606049822909496 9
-127.66031677035139 -421.0832181606297 1.0605864379264414 9
-127.56264018915346 -420.9086922720401 1.0605282965050222 9
-127.46495496167775 -420.7341712204376 1.0605189952778027 9
-127.3672812605619 -420.55964372062243 1.0606604946261036 9
-127.26964487447108 -420.3850953458514 1.0609323578456418 9
-127.17205635773837 -420.21052019822383 1.0611912770887932 9
-127.07450950871173 -420.0359217605685 1.0614097070982604 9
-126.97699860659189 -419.86130324654494 1.0616115631315681 9
-126.87952391269548 -419.6866645209075 1.061824414445361 9
-126.78208731398598 -419.51200453832956 1.0620467203195219 9
-126.68468953060213 -419.3373229063263 1.0622675060647342 9
-126.58732999934757 -419.1626199504434 1.0624846624645017 9
-126.49000827657481 -418.9878959297622 1.0627014931138896 9
-126.39272474586082 -418.8131506424186 1.062921805982789 9
-126.29547998134481 -418.6383837802669 1.0631441222408997 9
-126.19827345587088 -418.46359564615756 1.0633581051120908 9
-126.10110343115893 -418.28878721486984 1.063561768148517 9
-126.00396936163162 -418.1139587999232 1.0637774464566196 9
-125.90687630087106 -417.9391076104378 1.064030883331071 9
-125.80983034472884 -417.7642302776442 1.0643029150248495 9
-125.71282333768701 -417.58933133390934 1.0644598024301075 9
-125.61583145220328 -417.41442400036595 1.0644758457628416 9
-125.51883378126531 -417.2395198771747 1.064417347955987 9
-125.42182603587992 -417.0646213432537 1.0643607276986717 9
-125.32480855310202 -416.88972821059133 1.0643058121386826 9
-125.22778147203985 -416.7148404020122 1.0642507374635706 9
-125.13074471390357 -416.5399579623479 1.0641951455177083 9
-125.03369820470678 -416.3650809337354 1.0641393214136228 9
-124.93664194176006 -416.1902093183649 1.0640835937617028 9
-124.83957594234907 -416.0153431072389 1.0640279665121715 9
-124.74250022641326 -415.8404822899405 1.0639724643511763 9
-124.64541481680929 -415.6656268544934 1.0639170920222922 9
-124.54831971709572 -415.4907767996483 1.0638615031836574 9
-124.45121484405456 -415.3159321723767 1.0638052986569837 9
-124.35410009884056 -415.1410930283328 1.063748795071551 9
-124.25697561789484 -414.96625929236706 1.063694201836166 9
-124.15984179639632 -414.79143074548915 1.0636419435116353 9
-124.0626987545438 -414.6166073215841 1.0635868861765312 9
-123.9655453263677 -414.44178966957975 1.0635231127302762 9
-123.86838010714068 -414.2669785711412 1.0634550520531438 9
-123.77120498349306 -414.09217297810454 1.0634136111664876 9
-123.67402546146216 -413.9173698300973 1.0634047291509126 9
-123.57684669570996 -413.74256626192175 1.0634188429831268 9
-123.47967144481312 -413.5677607397111 1.0634449308322134 9
-123.38250153121574 -413.39295224985256 1.063473053918982 9
-123.2853314138544 -413.21814387317977 1.0634340641154718 9
-123.18814745431985 -413.04334319302086 1.0633146739702861 9
-123.09093825719316 -412.86855654616727 1.06316222584483 9
-122.99370428817763 -412.69378367706736 1.0630312839123939 9
-122.89644924017486 -412.5190225365135 1.0629189639297745 9
-122.79917461606325 -412.3442722925339 1.0628047008193824 9
-122.70187951028349 -412.16953345179036 1.0626845428300706 9
-122.60456309969155 -411.9948064750959 1.0625621578584126 9
-122.50722548000667 -411.82009131236464 1.062441773278969 9
-122.409866991139 -411.6453877777544 1.0623229501500426 9
-122.31248764366282 -411.4706958689788 1.0622025939764117 9
-122.21508708598586 -411.2960157856054 1.0620801101303547 9
-122.11766517271982 -411.1213476119978 1.0619595064955607 9
-122.02022276140957 -410.9466908723016 1.0618454022367054 9
-121.92276090108095 -410.77204498372043 1.0617345364158977 9
-121.82527822006588 -410.59741071601104 1.0616041510394711 9
-121.72777068478716 -410.4227903262621 1.061449873069797 9
-121.63023706611996 -410.2481845045476 1.0613241451456594 9
-121.53268925711475 -410.07358660880794 1.061287407837066 9
-121.43514242252785 -409.8989881688077 1.0613254036902924 9
-121.33760110571151 -409.72438664687104 1.061338283919621 9
-121.24005817014975 -409.54978602908534 1.0613068623159152 9
-121.14250932894882 -409.3751887098856 1.0612926281871626 9
-121.04496568239831 -409.20058848921866 1.0613664482442933 9
-120.94744229658002 -409.0259769520126 1.0615163974807125 9
-120.849945336015 -408.8513506570085 1.0616587869806744 9
-120.75247117655044 -408.6767116324412 1.0617775357501744 9
-120.65501647473668 -408.50206174970947 1.0618866006742822 9
-120.55758137940869 -408.32740092890936 1.0620020670055568 9
-120.46016698848764 -408.15272855983545 1.0621230448844998 9
-120.36277372573821 -407.9780444088681 1.0622431963491932 9
-120.2654012735601 -407.8033486565162 1.0623613035674373 9
-120.16804937533006 -407.62864144933945 1.06247913083639 9
-120.07071821612111 -407.4539226876649 1.0625987114582474 9
-119.97340808459563 -407.279192214045 1.0627193241423623 9
-119.87611873245726 -407.1044501696041 1.0628359265699066 9
-119.77884932096157 -406.92969702378116 1.0629475498889256 9
-119.68159958433492 -406.75493292755965 1.0630649374498387 9
-119.58437194829075 -406.5801565359698 1.0632004703120876 9
-119.48716933969851 -406.40536622549064 1.0633449399823116 9
-119.38998784211127 -406.23056417605295 1.0634340920308811 9
-119.29281601425652 -406.0557567498159 1.063455580706077 9
-119.19564295514718 -405.88095000834153 1.063425902139708 9
-119.0984618958838 -405.70614771522446 1.0633640665708106 9
-119.00126733793975 -405.5313529276167 1.0632744812238948 9
-118.90405703521535 -405.35656689515724 1.063187682811467 9
-118.80683231779881 -405.1817888800445 1.063109538446531 9
-118.7095944088093 -405.0070182039353 1.0630348774093985 9
-118.61234323598788 -404.8322549084294 1.0629577410954743 9
-118.51507837687426 -404.6574992297584 1.0628785261834586 9
-118.4177997086993 -404.48275123747203 1.0628000471277097 9
-118.32050743823427 -404.3080108178378 1.0627228446639028 9
-118.22320168752806 -404.133277904359 1.062645107911742 9
-118.12588212526508 -403.95855268320327 1.0625647501067446 9
-118.02854832810576 -403.7838353918126 1.062483041443163 9
-117.93120081619652 -403.6091257414737 1.0624088475282456 9
-117.83384114707827 -403.43442286494826 1.0623438716617695 9
-117.73646979914378 -403.2597264968448 1.0622679321183688 9
-117.63908219905741 -403.0850391891375 1.0621577728889258 9
-117.54167283536489 -402.91036401699216 1.062030780214867 9
-117.44424910575944 -402.7356968560674 1.0620082580491963 9
-117.34683260185335 -402.5610256659905 1.062113511586619 9
-117.24944142172208 -402.38634035497785 1.0622713024250043 9
-117.15207483086115 -402.2116413352804 1.0623949315705796 9
-117.05472697135448 -402.03693187677817 1.062488974851665 9
-116.95739545628135 -401.86221331340334 1.0625860508644185 9
-116.8600817153842 -401.68748485034394 1.062692426340587 9
-116.76278705552721 -401.51274576128714 1.062802423488178 9
-116.6655113623229 -401.33799611245945 1.062909499703071 9
-116.56825414071169 -401.16323618237874 1.0630142214823037 9
-116.47101532171015 -400.98846601236585 1.0631205909694388 9
-116.37379530482836 -400.8136853829313 1.063229377056175 9
-116.27659427489463 -400.63889419380115 1.0633363294247307 9
-116.17941135182528 -400.4640929362093 1.0634365504154375 9
-116.08224544951445 -400.2892822158452 1.063533395129657 9
-115.98509797593498 -400.1144612535868 1.0636502750739385 9
-115.8879730813191 -399.93962774770057 1.063791688024138 9
-115.79087203322527 -399.7647809969773 1.0639038072340263 9
-115.69378261172243 -399.5899277887699 1.0639246083084075 9
-115.596689174382 -399.41507681062916 1.0638664949229408 9
-115.49958533885166 -399.2402316072844 1.0638163959025937 9
-115.40247490441405 -399.06539006883304 1.0637910117988403 9
-115.30536135324157 -398.8905502615083 1.063775401074252 9
-115.20824442385452 -398.7157123307671 1.0637523466528789 9
-115.11112284782375 -398.54087698131906 1.063723182671777 9
-115.01399636225811 -398.3660443591712 1.0636973498574427 9
-114.91686580990468 -398.191213996011 1.0636766619368905 9
-114.81973161417066 -398.01638565671004 1.0636526407680473 9
-114.72259207479814 -397.84156028694207 1.063615517035552 9
-114.62544507500581 -397.66673906396284 1.0635717739377466 9
-114.52829331591153 -397.49192048577555 1.0635666528172232 9
-114.43114479593206 -397.31710010453446 1.0636088453013355 9
-114.33400195982702 -397.1422765608441 1.063594598822372 9
-114.23684126469695 -396.9674629473228 1.063404360138521 9
-114.1396326201134 -396.7926759980424 1.0630637675732697 9
-114.0423650657466 -396.617921816918 1.0627524270710156 9
-113.94504867508148 -396.44319481985644 1.0625048438534646 9
-113.84769247872752 -396.268490002436 1.0622832409502214 9
-113.75029604367425 -396.0938076197049 1.0620440889037985 9
-113.65285636931878 -395.9191493536282 1.061789941292871 9
-113.55537238870373 -395.7445158104174 1.0615389580735852 9
-113.45784516098558 -395.56990641345374 1.061294627943492 9
-113.36027544654893 -395.3953207535612 1.0610496781312644 9
-113.2626621866733 -395.2207594390594 1.060795728763711 9
-113.16500392683697 -395.0462232994445 1.0605368970239062 9
-113.06730226726148 -394.87171144976406 1.0603019297785246 9
-112.96956216668583 -394.6972211201271 1.0600963493338547 9
-112.8717851683591 -394.52275145833244 1.0598561125199797 9
-112.77395681149949 -394.34831059776184 1.05950743043138 9
-112.67605966178274 -394.17390834129156 1.059105392088323 9
-112.57811711788891 -393.999531565139 1.0590342921827696 9
-112.4801974709009 -393.8251419396185 1.0593679515215162 9
-112.38235796241783 -393.65070734130455 1.059868026099681 9
-112.2845962784592 -393.47622909577177 1.0602599068699452 9
-112.18689390465691 -393.3017176274456 1.0605580809349966 9
-112.08924329582533 -393.1271772002217 1.0608657951842106 9
-111.99164896696699 -392.9526053047337 1.06120288221492 9
-111.89411505420598 -392.77799964411014 1.0615515435873617 9
-111.79664124586394 -392.60336041816 1.0618912740387108 9
-111.69922603529174 -392.4286884975818 1.0622237050404895 9
-111.60186914306328 -392.25398406740584 1.0625603729413793 9
-111.50457163893215 -392.07924655885535 1.062903493602466 9
-111.40733405360704 -391.9044757017196 1.063242243005819 9
-111.31015420505433 -391.7296727298105 1.0635641520398527 9
-111.21302938153619 -391.55483917081557 1.0638775732645005 9
-111.11596308343574 -391.37997311350176 1.0642407716248392 9
-111.0189656399504 -391.2050688663246 1.0646649374495536 9
-110.92204021242554 -391.03012470522117 1.065016331180266 9
-110.82515643226466 -390.85515746541506 1.0651408965321263 9
-110.72827535897903 -390.68018872626095 1.06506700804303 9
-110.63137925088975 -390.50522831871297 1.0649935472520407 9
-110.53447366946054 -390.3302731591022 1.0649587098372815 9
-110.43756625581727 -390.1553190125527 1.0649782393101188 9
-110.34066859952449 -389.98035946194966 1.0650702706707222 9
-110.2437931234731 -389.8053876299416 1.0652249521858836 9
-110.14694492155236 -389.63040069880697 1.0653735345552293 9
-110.05012103126852 -389.45540031336 1.0655028144187302 9
-109.95331870332166 -389.28038800027963 1.0656239321184622 9
-109.85653798082886 -389.1053637392877 1.0657497201101502 9
-109.7597796731057 -388.9303270856634 1.0658797503112152 9
-109.66304426028746 -388.7552777775721 1.0660109324132416 9
-109.56633186062876 -388.58021575423254 1.066142672931968 9
-109.46964237836343 -388.4051410727708 1.0662714989889546 9
-109.3729748459303 -388.2300542702087 1.066393410276791 9
-109.27632815193392 -388.054955962684 1.0665120622998314 9
-109.17970390511468 -387.8798452672995 1.0666529402837366 9
-109.08310670423583 -387.70471965339163 1.0668209385259282 9
-108.98653793851294 -387.529578359162 1.0669562957846142 9
-108.88998399964406 -387.35442888830494 1.0669901761022824 9
-108.79342723363996 -387.17928097426227 1.066927432167044 9
-108.69685365601359 -387.00414233004983 1.0668024381771248 9
-108.60025331600212 -386.82901844771726 1.0666217953972223 9
-108.50361830895719 -386.65391369167276 1.0664181926908198 9
-108.40694893350906 -386.47882790490894 1.0662292821348665 9
-108.31024772175141 -386.3037596993882 1.0660531696070794 9
-108.21351576394325 -386.1287084815099 1.065876346269652 9
-108.11675256538986 -385.9536745309686 1.0656962179186766 9
-108.01995759700446 -385.77865814674135 1.065513614302792 9
-107.92313053856876 -385.6036595142037 1.0653294911251157 9
-107.82627115974017 -385.4286787694762 1.0651450214392777 9
-107.72938009930823 -385.25371556572645 1.0649683638187373 9
-107.63245895138112 -385.0787690252771 1.0648010849724336 9
-107.5355081752438 -384.90383890048975 1.0646221115048107 9
-107.43852295097209 -384.7289278747763 1.0644071715937586 9
-107.34149748349728 -384.5540391729709 1.0641745825525095 9
-107.24443958745778 -384.3791684641145 1.0640520727145972 9
-107.14737203672819 -384.2043031122285 1.0640641696137167 9
-107.05031309414166 -384.02943298406547 1.0641169359424625 9
-106.95325748637144 -383.8545610055508 1.0641021777400017 9
-106.85619397375417 -383.679693413068 1.0640416665312487 9
-106.75912756700768 -383.5048274264091 1.0640878946653853 9
-106.66208113883309 -383.3299503545714 1.0642701450906966 9
-106.56507397732075 -383.1550514969387 1.0645083115340126 9
-106.4681053025222 -382.98013129419604 1.0647101301825077 9
-106.37116887692993 -382.8051932169382 1.064880465321186 9
-106.27426215503627 -382.63023868607957 1.065053968586747 9
-106.17738664965636 -382.45526686948295 1.0652372940549897 9
-106.08054375153647 -382.2802770027428 1.0654245668347462 9
-105.98373337959355 -382.1052691383982 1.0656090205330337 9
-105.88695505516526 -381.9302435496822 1.0657911109038944 9
-105.79020864398545 -381.7552003190887 1.0659740684229588 9
-105.69349439034428 -381.58013931945425 1.0661585134219382 9
-105.59681243741275 -381.40506047921633 1.0663423047741982 9
-105.50016239091727 -381.2299640226733 1.0665229765000577 9
-105.4035437479929 -381.0548502339454 1.0667020447505253 9
-105.3069571353561 -380.87971877647124 1.0668900850287337 9
-105.21040442126926 -380.70456863148627 1.0670891280423775 9
-105.11388618040992 -380.52939949090114 1.0672750730056588 9
-105.01739693515734 -380.3542143716892 1.0674201630679796 9
-104.9209288035678 -380.1790176132104 1.0674978499156735 9
-104.82445420532571 -380.0038244174508 1.0673235598445154 9
-104.72792390956678 -379.8286619255461 1.0668618514909944 9
-104.63129710602112 -379.6535526457371 1.0662820232530668 9
-104.53457548232967 -379.47849569825445 1.0657790550465367 9
-104.43777228212932 -379.3034838436958 1.0653426357898788 9
-104.340892908515 -379.1285141579588 1.0648993287758624 9
-104.2439341466935 -378.953588460079 1.0644350335300214 9
-104.14689306785188 -378.7787084112205 1.0639626782936906 9
-104.04976998733831 -378.6038738849069 1.0634971506705708 9
-103.95256608587648 -378.4290842779977 1.0630370440328678 9
-103.85528148789918 -378.254339574502 1.062572442597353 9
-103.75791515698407 -378.0796404037014 1.0621014426660733 9
-103.66046665183502 -377.90498706055894 1.0616357258082756 9
-103.56293844956244 -377.73037820215467 1.06118874169466 9
-103.4653335869256 -377.55581217168736 1.060751109052839 9
-103.36764815228872 -377.3812912176356 1.0602574356627268 9
-103.26987059894465 -377.20682187969777 1.0596951696979982 9
-103.17199742642546 -377.0324061747254 1.059214930798006 9
-103.07406274624206 -376.8580249777273 1.0589901104136907 9
-102.97611086770074 -376.6836534310973 1.0590105804699943 9
-102.87817845206098 -376.50927096539897 1.0592044041479645 9
-102.78029375677261 -376.33486172311376 1.0595577748973648 9
-102.68247934411944 -376.16041304801803 1.059976704516651 9
-102.5847343079805 -375.98592547837205 1.0603530008096123 9
-102.48705136294177 -375.811403139028 1.0606923740070229 9
-102.38942754178247 -375.6368477271388 1.0610354660542223 9
-102.29186462196043 -375.46225827238743 1.061390076609246 9
-102.1943642380709 -375.28763388466507 1.0617493187442058 9
-102.09692630495262 -375.1129746402246 1.0621052657514907 9
-101.99955027303103 -374.93828087632664 1.0624584470198444 9
-101.9022359916583 -374.7635527072955 1.0628126115813874 9
-101.80498374846009 -374.58879000253086 1.0631684788426459 9
-101.70779371722546 -374.41399269386096 1.0635236286891172 9
-101.61066546441467 -374.2391610472193 1.0638752760736094 9
-101.51359843359482 -374.0642953962734 1.064225121274384 9
-101.41659333535101 -373.8893953811529 1.0645850122687621 9
-101.3196522720252 -373.7144598801708 1.0649572221619004 9
-101.22277589516821 -373.53948856539694 1.0653147562940684 9
-101.12595807411765 -373.3644848196681 1.0656265545128674 9
-101.02918894147444 -373.1894540842748 1.0658242586816042 9
-100.93240798102953 -373.01442989474685 1.065432802986033 9
-100.83549904683947 -372.8394766437093 1.0643610585858954 9
-100.73836570331335 -372.66464784687184 1.0630099550288246 9
-100.64101202283442 -372.4899415197053 1.061840745362129 9
-100.54346938313833 -372.31534059981135 1.0608289862079447 9
-100.44575061748709 -372.14083826701165 1.0598009203082914 9
-100.34784819405594 -371.9664389488834 1.058723227654735 9
-100.24975525422781 -371.79214669875756 1.0576264061995535 9
-100.15147257759877 -371.61796134051133 1.0565455192853672 9
-100.053002981256 -371.4438815707783 1.0554773434590132 9
-99.95434687509331 -371.26990744538926 1.054399210820628 9
-99.85550202707867 -371.09604051191036 1.0533067770703728 9
-99.75646750903007 -370.9222815629619 1.0522258842678782 9
-99.65724879608476 -370.74862769219374 1.0511862176743445 9
-99.55785258905898 -370.57507528637296 1.0501671020670624 9
-99.45827042270687 -370.40162952452073 1.049024844930948 9
-99.35847719665708 -370.2283052295761 1.0477319347357708 9
-99.25846539323135 -370.0551070282288 1.0466196946908624 9
-99.15830948279063 -369.8819920027357 1.046068487168837 9
-99.05810651424409 -369.70890414140115 1.0460709520603642 9
-98.9579478143327 -369.53579072968415 1.046572952955615 9
-98.85791843340111 -369.36260266955367 1.0475641291447038 9
-98.7580870440629 -369.18930036050943 1.0487558358764413 9
-98.65845089587356 -369.0158856259197 1.049816717490587 9
-98.55898787038686 -368.84237152224193 1.0507644181454907 9
-98.4596890465798 -368.66876345323044 1.0517239731582195 9
-98.3605599755854 -368.4950584307643 1.052719308969688 9
-98.26160571333557 -368.3212537520323 1.0537282652867739 9
-98.1628258298183 -368.1473498871394 1.0547254165020221 9
-98.06421843910097 -367.9733481489769 1.0557132648204872 9
-97.96578351628268 -367.7992487937576 1.0567093467101034 9
-97.86752307617742 -367.6250509195602 1.0577170163045448 9
-97.76943803075451 -367.4507542375875 1.0587148015166616 9
-97.67152392949407 -367.27636144577883 1.0596780853269712 9
-97.57377530496542 -367.10187580920115 1.0606242522626053 9
-97.47619955568167 -366.92729344714706 1.06167385557428 9
-97.37881817354253 -366.75260265141105 1.0628499306463226 9
-97.28163770288171 -366.5778000137948 1.063873992056869 9
-97.18459511444331 -366.4029207589686 1.0644269695934152 9
-97.08760717548917 -366.2280113171991 1.0644756587781083 9
-96.990566240039 -366.0531313205253 1.0637927646602818 9
-96.89333988680109 -365.878353776276 1.062480790400462 9
-96.79608579375598 -365.70359150554964 1.064270899358698 9
-96.69955244144823 -365.5284312192198 1.07044753601156 9
-96.60418697410816 -365.35263052647457 1.076920886055835 9
-96.5098831417072 -365.1762589364878 1.0824768823344562 9
-96.41646100102966 -364.9994191539608 1.0868749423737738 9
-96.32375300572636 -364.82220051025746 1.091301600893064 9
-96.23225150737203 -364.64435847929855 1.1008640404357697 9
-96.14290157735574 -364.4654232351478 1.1146924852494868 9
-96.05608599483607 -364.285242850584 1.1289265010236775 9
-95.9717433691952 -364.10389827218626 1.1409916385438226 9
-95.88901960809697 -363.92180413062005 1.1466935270815837 9
-95.80700935139907 -363.73938706417584 1.1504054549114937 9
-95.72595949068881 -363.5565472916396 1.1571914775146004 9
-95.64636999879393 -363.3730687771589 1.1657635270276356 9
-95.56829812612412 -363.1889333912062 1.1736771466535891 9
-95.49162142028067 -363.0042036799625 1.18111593823396 9
-95.4165232908184 -362.8188267966373 1.19129185480355 9
-95.34366765146453 -362.6325685468801 1.2052103130972476 9
-95.27367553546598 -362.4452141823187 1.2212185488033442 9
-95.2066040389693 -362.256783471053 1.2362778532767533 9
-95.1422819798141 -362.0673911812741 1.2504066225432544 9
-95.08063396199027 -361.87711618311636 1.2646033497898423 9
-95.02173108844983 -361.68598240062164 1.2791695406680732 9
-94.96562361832432 -361.49401636895857 1.2935106914686245 9
-94.91215190460348 -361.301290332531 1.3065832868751102 9
-94.8610834401159 -361.10789255022553 1.3187593558223163 9
-94.81264859316866 -360.91381798271374 1.334492008013505 9
-94.76774949977633 -360.71892618323017 1.3550481007773836 9
-94.72712129879277 -360.52311090730717 1.3765534141971514 9
-94.69018523623895 -360.3265339846083 1.3926633987757235 9
-94.6558944628914 -360.129453285348 1.4040299818492488 9
-94.62401881107202 -359.931984131578 1.4183054936607762 9
-94.59545950668738 -359.7340443334909 1.4375241064945523 9
-94.57095208825521 -359.5355688719875 1.457433771560214 9
-94.54982145668076 -359.3366723238541 1.471485987713492 9
-94.53091866691715 -359.13753022332327 1.4804949792710431 9
-94.51402777948512 -358.9382250171065 1.492928973548383 9
-94.50017195678194 -358.73871550440504 1.5109129174752118 9
-94.49023584423698 -358.53896965449945 1.530696755348833 9
-94.48388924433198 -358.33905143638344 1.546805242551724 9
-94.48040260893838 -358.13905638068707 1.5595876671848377 9
-94.47943676845397 -357.93904931914057 1.5725063748043353 9
-94.48115024818235 -357.73905594518993 1.58638044249411 9
-94.48570494271273 -357.5391022596917 1.6007368866903358 9
-94.49311361937286 -357.339228942006 1.614927598824253 9
-94.50334082710167 -357.139481185702 1.6289419892945176 9
-94.5163410327537 -356.93989718474774 1.642692714471575 9
-94.53205633517777 -356.7405065244992 1.656161071554509 9
-94.55047005654593 -356.5413439849371 1.670033287713525 9
-94.57177402960828 -356.3424727717944 1.6852133787761576 9
-94.59622074371069 -356.14396463123603 1.701571867678511 9
-94.62393594132207 -355.9458827279314 1.71802973743339 9
-94.65489476922947 -355.7482800287603 1.7343594832345393 9
-94.68904612120625 -355.5512048110688 1.7502809502732366 9
-94.72625581969692 -355.35468589636645 1.7654430504523437 9
-94.76636446087274 -355.1587455986477 1.7798253308628544 9
-94.80919537338356 -354.9633845754224 1.7932520706359294 9
-94.8545522386845 -354.7685788386678 1.8056863941621895 9
-94.90239995456903 -354.57435382108383 1.8197793440526355 9
-94.95343436640147 -354.3809635807798 1.8386318647716144 9
-95.00852282635101 -354.18871620173024 1.861117160898393 9
-95.06762187607833 -353.99764506062996 1.8794877061191482 9
-95.12970232943181 -353.8074862311373 1.8922931255515516 9
-95.19399728839853 -353.6180640236476 1.9045728885991786 9
-95.26106947990824 -353.4296427392075 1.9218137374948656 9
-95.33179715891244 -353.24258904626066 1.9427301297621007 9
-95.40609949408939 -353.05690216870636 1.9591405860543185 9
-95.48290311968206 -352.8722010714438 1.9696131717858654 9
-95.5614365036879 -352.68823146340776 1.9798348211004297 9
-95.64234337325031 -352.505326470927 1.9956241154851633 9
-95.72659147793156 -352.32395277369926 2.015805798963294 9
-95.81432604274359 -352.144214293218 2.0333571849234873 9
-95.9048730089943 -351.9658536220889 2.047122560924015 9
-95.9976791844795 -351.7886686919769 2.0596557691029806 9
-96.09279823619256 -351.6127329756323 2.073407822563238 9
-96.19042149681634 -351.43818155633227 2.0880607431577576 9
-96.29053591582806 -351.2650377628058 2.101834157805595 9
-96.39293347362272 -351.09321831695627 2.1144550897237155 9
-96.49753601823103 -350.92272606496044 2.1283352675920084 9
-96.60477875820185 -350.75390092320987 2.1456788453455657 9
-96.71518890505803 -350.5871432979403 2.1655561798002037 9
-96.82874029795575 -350.42249187643625 2.182996287620377 9
-96.94489579253336 -350.2596513349566 2.19727686940924 9
-97.06322547368646 -350.09839479138515 2.210558947184052 9
-97.18374845729485 -349.9387830159573 2.224690755510954 9
-97.30657814790464 -349.7809373473134 2.239501628746556 9
-97.43172865488586 -349.62491858389404 2.2541459800785866 9
-97.55912677457304 -349.4707342871737 2.2685122837074316 9
-97.68867501200171 -349.31836224334535 2.2821212996677698 9
-97.82020382538595 -349.1676857310954 2.2945835077858474 9
-97.95355406146567 -349.0185937905369 2.306859933297395 9
-98.08900768302999 -348.87141853450356 2.3234432648564445 9
-98.22721856729527 -348.72686564276387 2.3448867855929967 9
-98.36857051209303 -348.5853783713789 2.365766387025949 9
-98.51254106894719 -348.44651819044793 2.3819786385771136 9
-98.65845352354262 -348.3096960295518 2.3945204567975655 9
-98.80607827294588 -348.17475075913904 2.4077539511724373 9
-98.95554820792873 -348.04186819798275 2.4221886079511696 9
-99.10694869151749 -347.9111829624669 2.4366822962819725 9
-99.26018630205976 -347.78264093426765 2.4504164252695326 9
-99.41514456069021 -347.65616655199585 2.463862017606427 9
-99.57187795066594 -347.53190858274087 2.478967690743984 9
-99.73057343022016 -347.41018961142515 2.495919863729495 9
-99.89127254758905 -347.2911306644191 2.511358072322067 9
-100.05358275953853 -347.1742518051753 2.523027236234388 9
-100.21705887711332 -347.05899996811917 2.532014401743541 9
-100.38162612792148 -346.9453314062464 2.54257531715612 9
-100.54748511713989 -346.83358097127257 2.5550869513338657 9
-100.71463628677363 -346.7237723401374 2.5645822290232445 9
-100.8824969582256 -346.61502599136446 2.567860769550582 9
-101.05050186525348 -346.5064917067935 2.569404724139785 9
-101.21914692651781 -346.39898366370244 2.580395632541395 9
-101.38936586366374 -346.29400068440543 2.5968109812227986 9
-101.56098906248411 -346.1912920758208 2.6065984433946534 9
-101.73329955079835 -346.08973991902315 2.6115414329235116 9
-101.90618245956236 -345.9891875417572 2.618446632785116 9
-102.07984737545824 -345.8899940264429 2.6266342754308902 9
-102.25423608240753 -345.7920676255603 2.632868370042878 9
-102.42914129522975 -345.69506629743563 2.6375897390732486 9
-102.60452128799605 -345.598931619871 2.642869281627623 9
-102.78043382638734 -345.50377515959286 2.6485588622026404 9
-102.95686067059073 -345.40957339545776 2.653650496345963 9
-103.13372469637422 -345.31619649530893 2.6576678804028027 9
-103.3108513413098 -345.2233192925646 2.6592002205752907 9
-103.48800526295842 -345.13049400609685 2.6585215299384783 9
-103.66509348380119 -345.0375436837076 2.6580602184848217 9
-103.84216796165235 -344.94456723372787 2.6582263147863916 9
-104.01927446700645 -344.85165178480145 2.6586125873376543 9
-104.19640794498594 -344.7587877151468 2.658806599527204 9
-104.37355100279824 -344.665941916972 2.6588401797840673 9
-104.55069768947318 -344.5731030690682 2.658906687951091 9
-104.7278535878737 -344.48028181200766 2.6590387480653743 9
-104.90502341283909 -344.38748713239465 2.659191799333101 9
-105.08220632377862 -344.2947174339989 2.6593207590196473 9
-105.25940000786103 -344.20196831521804 2.659420985983649 9
-105.4366004943021 -344.1092321969658 2.659464332287135 9
-105.6138021426304 -344.0164983001811 2.659446055685759 9
-105.79100033719597 -343.92375780384066 2.659401777163757 9
-105.96819488795342 -343.8310103442808 2.65936746597419 9
-106.14538660872036 -343.7382574764194 2.65933593677605 9
-106.32257374254847 -343.64549584689314 2.659263706231284 9
-106.49975194737715 -343.5527171666645 2.659143465093853 9
-106.67691761673073 -343.45991455171975 2.6590027222102592 9
-106.85407055902307 -343.36708764037223 2.658869185532673 9
-107.03121131268833 -343.2742374659622 2.658734549094243 9
-107.20833744394486 -343.1813594014868 2.6585486830063814 9
-107.38544353540136 -343.0884431378997 2.6583031831570616 9
-107.56252525370306 -342.9954804326295 2.6580373118302667 9
-107.73958314072308 -342.90247233566504 2.657790510227528 9
-107.91661876583039 -342.80942185713843 2.6575501786365194 9
-108.09362918480115 -342.71632344218693 2.657240466486799 9
-108.27060693001843 -342.6231629523535 2.656848689857916 9
-108.44754724828239 -342.5299314002259 2.656468592002938 9
-108.62445705378774 -342.4366419391029 2.656194130486281 9
-108.80134582285284 -342.34331258480404 2.6560021527346245 9
-108.9782147438414 -342.2499456367347 2.6557535396554717 9
-109.15505670924003 -342.15652766286104 2.655425070723042 9
-109.33186665024066 -342.06304908909885 2.655093832575555 9
-109.50864910387192 -341.9695185246945 2.654836973597931 9
-109.68541078185143 -341.87594869591845 2.654639846458145 9
-109.86215314508154 -341.782342400024 2.6544145401138945 9
-110.03887240258835 -341.68869250323837 2.654146398170571 9
-110.21556642115144 -341.5949949963644 2.6538958055352295 9
-110.3922406118931 -341.50126009556044 2.6537231431079196 9
-110.56890200885397 -341.4075010774097 2.6536115771381144 9
-110.74555159768559 -341.31371982088075 2.6534601379074694 9
-110.92218431692888 -341.21990680973437 2.6532520025689466 9
-111.09879776885106 -341.1260575361787 2.6530806600633885 9
-111.27540125731342 -341.03218949860883 2.6530395505244813 9
-111.45200624448094 -340.93832425538596 2.6530797742144974 9
-111.62860658932864 -340.8444502837062 2.6529081262532137 9
-111.80517855521491 -340.7505229938307 2.65247577130357 9
-111.98170421010836 -340.6565087022568 2.651992399206184 9
-112.15819188283884 -340.5624230679569 2.6516675368878833 9
-112.3346556923195 -340.4682926341003 2.651452087331139 9
-112.5110920358657 -340.37411076100915 2.651051729130308 9
-112.68747959940933 -340.2798376452828 2.6504174518306693 9
-112.86380194595026 -340.18544260737946 2.6497288886706487 9
-113.04006520704962 -340.09093719345833 2.6491654952377615 9
-113.21628041467515 -339.9963421278342 2.6486806084452374 9
-113.392441659527 -339.9016466562549 2.6479945646471204 9
-113.56852610342727 -339.8068085689203 2.6470608048670417 9
-113.7445158678973 -339.7117948802292 2.646059633786383 9
-113.92041583202679 -339.6166149247083 2.645171128818765 9
-114.09623596738054 -339.5212875169459 2.6443581110254675 9
-114.27197266295475 -339.4258064442988 2.6433978327433594 9
-114.4476087379266 -339.3301404903831 2.64225322200603 9
-114.62312949722744 -339.2342630602741 2.641021473346708 9
-114.79853252991234 -339.13817035840157 2.6397996230314575 9
-114.97381848646806 -339.04186426843853 2.6385872237388583 9
-115.14898788232395 -338.9453463596029 2.6373816092483398 9
-115.32404109800984 -338.84861788702307 2.636182334881499 9
-115.49897782699911 -338.75167888055176 2.6349685600393093 9
-115.67379504213284 -338.6545245308822 2.6337194861568625 9
-115.84848917434698 -338.55714906618834 2.6324435364946144 9
-116.02305980186665 -338.4595523439288 2.6311911446153124 9
-116.19750964547178 -338.3617398423766 2.629970695280373 9
-116.37183951942869 -338.2637136648874 2.6287198963401717 9
-116.54604208299033 -338.1654614687603 2.6273766186123844 9
-116.72010781773189 -338.0669670627933 2.625932387319575 9
-116.89402392882369 -337.96820866062745 2.6243365101212675 9
-117.06777435123577 -337.86915889134053 2.62258056066719 9
-117.24134031567469 -337.76978595668936 2.6205910169378845 9
-117.41469282768985 -337.6700413580634 2.6182945844215935 9
-117.58780126098573 -337.56987402301297 2.6157462560298868 9
-117.76065601515774 -337.46926931273526 2.6132748310073413 9
-117.93326846451826 -337.36824893339764 2.610934894903669 9
-118.10564214284793 -337.26682146552673 2.6084701463528357 9
-118.2777457091218 -337.16493689404524 2.6056254338969898 9
-118.44954022101075 -337.0625324445754 2.602464669409395 9
-118.62101158513723 -336.95958737153234 2.5993692294031385 9
-118.79217046377047 -336.856122800309 2.5964022895907486 9
-118.9630170771466 -336.7521430624411 2.59323629616911 9
-119.13350585294916 -336.6475784882652 2.5895460519368445 9
-119.30358160769087 -336.5423439127449 2.5854331389317333 9
-119.4732295335716 -336.4364202459457 2.581501722100888 9
-119.64247495851896 -336.3298540803376 2.5778515137215585 9
-119.81134076157271 -336.22268781085603 2.574360270118924 9
-119.97983325877375 -336.1149359735924 2.570907125344886 9
-120.14795479203018 -336.006606394545 2.567499121025484 9
-120.31571070295709 -335.89771136447473 2.5641781367515453 9
-120.48310930784673 -335.78826760164964 2.5609510345855457 9
-120.6501560605211 -335.6782874878098 2.5577367000236713 9
-120.81684458225843 -335.5677654922507 2.5544551565414433 9
-120.98316606957471 -335.4566923778928 2.551132592300123 9
-121.14912305678119 -335.3450752648159 2.5479239333878416 9
-121.31472930170142 -335.23293746538 2.544854585107774 9
-121.47997984837912 -335.120275462917 2.541423398292618 9
-121.64479392813391 -335.00697703462157 2.5371374663463717 9
-121.8090744821815 -334.8929067214382 2.5321258164181373 9
-121.97277909026481 -334.778010151106 2.5271490280684477 9
-122.13591932993914 -334.6623130872989 2.5223314350457677 9
-122.29849933722184 -334.5458307110917 2.5174184920673683 9
-122.46048488905637 -334.4285230923564 2.512160912132463 9
-122.62183047413295 -334.3103345194561 2.50647337060426 9
-122.78244933686791 -334.1911597768987 2.4998563851633473 9
-122.94221414240431 -334.07084494351034 2.4922283895675257 9
-123.10102337431657 -333.94927111315525 2.484276287431531 9
-123.2588831116239 -333.8264642569255 2.476666027198529 9
-123.41582312562002 -333.70248250239626 2.469275344084661 9
-123.57181634799362 -333.57731303894275 2.461401416302836 9
-123.72678032768287 -333.45087393595315 2.452931306337961 9
-123.88064712294059 -333.3231014453977 2.444263442420318 9
-124.03341354215009 -333.1940129165647 2.435776863891167 9
-124.18508886255178 -333.063641760849 2.4273351626055426 9
-124.33561540313941 -332.9319470752206 2.4181701298698246 9
-124.48487111888433 -332.798816521463 2.4081606488004077 9
-124.63274449568253 -332.6641511658982 2.3976138814945527 9
-124.7791738727936 -332.52791392102176 2.3868161420508662 9
-124.92410654969169 -332.390079953224 2.375659120404315 9
-125.06742990974088 -332.25057389415576 2.3635472913014746 9
-125.208974577469 -332.1092725037639 2.35038779948859 9
-125.34864994666377 -331.96612675716216 2.3378021552507473 9
-125.48666602617499 -331.8213700454207 2.3272614148839925 9
-125.62328561417851 -331.6752856859271 2.3181134882108156 9
-125.75843240570532 -331.52784508806667 2.3068901580265426 9
-125.8917168006389 -331.3787314914267 2.2930815506601157 9
-126.02285325455603 -331.22772236243486 2.2789437353540265 9
-126.1519724219964 -331.0749726560079 2.2664377870885377 9
-126.27928793353468 -330.92071301606137 2.255176807204505 9
-126.40481396003483 -330.76500137180386 2.24320352486368 9
-126.52838591025515 -330.60774085968217 2.230244626499627 9
-126.64989372706307 -330.4488777840293 2.2174085772509375 9
-126.76943865711598 -330.28852734505796 2.2056172685465754 9
-126.88716384990249 -330.12683786126246 2.1947254556734355 9
-127.00314063889982 -329.9638933903763 2.184029515917458 9
-127.11737749783937 -329.7997217460997 2.173431302686241 9
-127.22981111509246 -329.63430599979995 2.1617766864428054 9
-127.34014141670608 -329.4674836116786 2.1481283640550672 9
-127.44802516752985 -329.2990667812399 2.132727013495982 9
-127.55324497413109 -329.12896788568014 2.1167302356617888 9
-127.65569152707154 -328.9571853420221 2.1002860975776865 9
-127.75528667051765 -328.7837354674942 2.0838284102612605 9
-127.85204305921371 -328.6086842013069 2.0676940083416118 9
-127.94598521947255 -328.4321042956323 2.0516821627647346 9
-128.03702596017916 -328.25401285124735 2.034902479704276 9
-128.1249862632597 -328.07438122828705 2.0172452133724277 9
-128.20970550124676 -327.89319458451877 1.9990529360998561 9
-128.29108810802188 -327.7104847729802 1.9805676121534224 9
-128.36905358253736 -327.52629346927034 1.9618497520723812 9
-128.44355982260004 -327.34067514663775 1.9431704601188924 9
-128.51459416802828 -327.15369409650657 1.9245474547268389 9
-128.5820949833894 -326.96540365692454 1.9053116267481023 9
-128.64585848919722 -326.7758251386673 1.8850181216780202 9
-128.7056925661881 -326.58498384065626 1.8645733300078806 9
-128.7619083279396 -326.39303701116506 1.84743426425546 9
-128.8151803026692 -326.20023717633853 1.833878280027445 9
-128.86591369507624 -326.00675952073743 1.820206605381294 9
-128.91376207832994 -325.81256393064746 1.804149510981498 9
-128.95828721882967 -325.617582944407 1.7865347842946175 9
-128.99949142515186 -325.4218617763998 1.7703259730288228 9
-129.03768248397293 -325.2255237741707 1.7557567489839 9
-129.07306220294942 -325.02866614005626 1.741374025766411 9
-129.1055411536269 -324.8313140830421 1.7263316415959662 9
-129.13498213889403 -324.633482422256 1.7106071256475097 9
-129.16123459841037 -324.4351999413631 1.6941251938809336 9
-129.1841392484247 -324.23650476268324 1.6768924514846648 9
-129.20360753006563 -324.03744304604834 1.6597813964894785 9
-129.21972722258988 -323.8380805230711 1.6432725092544604 9
-129.23261135314883 -323.6384849270344 1.6273206584979674 9
-129.2423533070208 -323.4387126158672 1.6117944851873145 9
-129.24903372782433 -323.2388126731681 1.5966660957012069 9
-129.25268159289433 -323.03883394352783 1.581313572345682 9
-129.25320395214914 -322.838824985647 1.5654102752943981 9
-129.25049881194016 -322.63883439769427 1.549140463994053 9
-129.24455710305463 -322.4389116501513 1.5330688365999536 9
-129.23542625415763 -322.23910676014214 1.5172153794827132 9
-129.22311136594394 -322.0394730233934 1.5010672811649435 9
-129.2075199668353 -321.84007113447785 1.4843691800563816 9
-129.18855910638533 -321.6409618016042 1.4673937055513282 9
-129.1662679669126 -321.4421954817383 1.4509305402159587 9
-129.14076312071674 -321.2438165914493 1.4350283597733469 9
-129.11217279004222 -321.04586193251936 1.4198157158222517 9
-129.08064829232464 -320.8483519947656 1.4053522736244795 9
-129.04632910636457 -320.6513075767926 1.391320459186214 9
-129.0092106452856 -320.4547731325837 1.3768600339510766 9
-128.9692075227423 -320.2588063931719 1.3619292577805922 9
-128.92625600354552 -320.063463082197 1.3467792557671359 9
-128.88033920821925 -319.8687944454429 1.3315192750961193 9
-128.83144751056213 -319.67485098172097 1.316174749326142 9
-128.77958434467712 -319.4816814457974 1.3008171235965387 9
-128.72476060321222 -319.2893335038613 1.2854735390097047 9
-128.66704237550448 -319.09783506759436 1.2707868491654701 9
-128.60660577075984 -318.90717464264344 1.2570279215817246 9
-128.54362699549517 -318.7173395236061 1.2439241166203274 9
-128.478167913656 -318.5283475864277 1.2308054817677143 9
-128.41023098829956 -318.3402325895376 1.2176459574712537 9
-128.33983169719883 -318.1530242738778 1.20459733085742 9
-128.26701167487164 -317.9667443468825 1.1917197837132052 9
-128.19182527355434 -317.78140881059926 1.1792249888782134 9
-128.11440947467509 -317.59699300543076 1.1676219467043143 9
-128.03494287614376 -317.4134517403367 1.1569271865229798 9
-127.95359593094629 -317.2307382215056 1.1470621122865672 9
-127.87052318301556 -317.0488029388207 1.1379957791677504 9
-127.78587570995639 -316.86759611406916 1.1296966542152438 9
-127.69979044335334 -316.6870682311731 1.122093127075002 9
-127.6123972074343 -316.50716994384896 1.1151745461870277 9
-127.52381283292426 -316.3278560458372 1.1087972349369766 9
-127.43413018792155 -316.1490889932675 1.10290577784343 9
-127.34344159335562 -315.9708306785351 1.097547880898503 9
-127.25185612272003 -315.79303159618394 1.0928333621884903 9
-127.15949135024934 -315.61563648648496 1.0887864989725322 9
-127.06649622272276 -315.4385716966922 1.0857924811945732 9
-126.97307736750601 -315.2617297668783 1.0839988974277868 9
-126.87942986676522 -315.0850088848804 1.083015168115132 9
-126.78560393336275 -314.9083830171173 1.081947709782446 9
-126.69157940823666 -314.7318629372548 1.0807814213618172 9
-126.59736743335078 -314.5554427378852 1.0798988419336604 9
-126.50303765255654 -314.37908534317324 1.0794464066544585 9
-126.40865456926285 -314.2027564402372 1.0791713788958435 9
-126.31418941528469 -314.0264716068941 1.078495688622566 9
-126.21956848199522 -313.85027045812217 1.0774320565996345 9
-126.12477400833717 -313.67416254742227 1.0766588958744157 9
-126.02989178253047 -313.4981017910624 1.0764358655476356 9
-125.93500725778223 -313.3220422906779 1.0765090709921359 9
-125.84011230376338 -313.1459884742762 1.0762978313438805 9
-125.74515338001598 -312.969969189841 1.0757945675547949 9
-125.65010075482128 -312.7940004610574 1.0752902753898712 9
-125.55496908738633 -312.61807440144935 1.0748963285977304 9
-125.45977295997285 -312.4421831846875 1.074505154188278 9
-125.36448738389015 -312.2663404509797 1.0738707387268478 9
-125.2690682914457 -312.0905701905103 1.0729975401603424 9
-125.1734938457788 -311.91488432953025 1.072155814910117 9
-125.07778336571839 -311.7392724605079 1.071448987349016 9
-124.9819549762709 -311.5637248528132 1.0707521734797547 9
-124.88598097144857 -311.3882568836749 1.0697798184510687 9
-124.78981160006826 -311.2128960072983 1.068540208669516 9
-124.69342776125904 -311.0376528695977 1.0674064714337252 9
-124.59686703406663 -310.86250703400145 1.0665213676969982 9
-124.50016825764034 -310.68743737846506 1.0657774032693952 9
-124.40333085584952 -310.5124444409975 1.064928843993126 9
-124.30633521734991 -310.33753921903843 1.063977803859346 9
-124.20918010050244 -310.16272250757385 1.0631490244107018 9
-124.1118982992875 -309.9879761997496 1.0625284730487208 9
-124.01452196660222 -309.81328254710434 1.0620202902552287 9
-123.9170482051242 -309.6386432857495 1.0614053863151809 9
-123.81945723986405 -309.464069533337 1.0606885950627805 9
-123.72175026998475 -309.28956066482067 1.0601265947108485 9
-123.62396728988145 -309.11509433589026 1.0598175514547403 9
-123.52614749688256 -308.9406486474314 1.0596505686423117 9
-123.42828960696205 -308.76622435510905 1.0593722198112592 9
-123.3303728040554 -308.59183314502314 1.0589854614552712 9
-123.23239636688702 -308.4174754199685 1.0587366504570925 9
-123.13439678207678 -308.2431306908108 1.0587199983539168 9
-123.03641106156593 -308.06877817360186 1.0588578900080754 9
-122.938447908646 -307.89441298068874 1.0589729640503887 9
-122.84050225148326 -307.72003795964355 1.0590598298078329 9
-122.74257135519314 -307.5456546469792 1.0591480736523746 9
-122.64465695421316 -307.3712620717689 1.0592490096201763 9
-122.54676081615648 -307.1968592444596 1.0593526488024916 9
-122.448881064603 -307.0224472198099 1.0594361658000329 9
-122.35101406753493 -306.8480280374713 1.0594999864659695 9
-122.25315825356238 -306.6736025809171 1.0595693482447885 9
-122.15531586355195 -306.4991695946389 1.05965390186521 9
-122.05748881910016 -306.32472800199815 1.0597373644582504 9
-121.95967310103353 -306.15028005743426 1.059782529297442 9
-121.86186182951464 -305.97582961940054 1.0597901789755764 9
-121.76405162287176 -305.80137858464263 1.059803141499103 9
-121.66624556961416 -305.6269252215477 1.0598377938498296 9
-121.56844654210352 -305.4524679195974 1.0598737774459008 9
-121.47064998480421 -305.2780092327471 1.059864573359784 9
-121.37284776231887 -305.10355372201315 1.0598109588142306 9
-121.27503579658105 -304.92910367375987 1.0597626254385386 9
-121.17721751704794 -304.75465716542413 1.0597385744053702 9
-121.07939668570512 -304.5802120880338 1.0597282132985677 9
-120.98157319992728 -304.40576849935997 1.0597073392329246 9
-120.88374509225271 -304.23132750271344 1.05967620826061 9
-120.78591227267822 -304.05688914853164 1.0596578327378496 9
-120.68807812766777 -303.8824515376594 1.0596610119133203 9
-120.59024595874985 -303.70801281857376 1.0596755039658934 9
-120.4924153310506 -303.533573235118 1.0596779079450007 9
-120.39458401338034 -303.35913403850566 1.0596688919384059 9
-120.29675225059077 -303.18469509146655 1.0596787500399103 9
-120.198924864024 -303.0102536903818 1.0597190653038333 9
-120.10110661712879 -302.8358071641257 1.0597775602130135 9
-120.0032977944757 -302.66135535341704 1.059826184077837 9
-119.90549651162227 -302.4868993154031 1.0598647285294798 9
-119.8077022655277 -302.3124393328268 1.0599101886418973 9
-119.70991712069686 -302.1379742490755 1.0599690621233102 9
-119.61214319138608 -301.9635028796535 1.0600362987205887 9
-119.5143807494348 -301.7890250729772 1.0601003609009398 9
-119.41662917323876 -301.61454117835416 1.0601610826484367 9
-119.31888828302894 -301.4400512975816 1.0602239149598638 9
-119.22115872266212 -301.26555507106553 1.0602909417270945 9
-119.12344099417555 -301.09105221857385 1.060357021038829 9
-119.02573372321645 -300.91654351032946 1.060410407104176 9
-118.9280346330023 -300.7420302217586 1.0604514032849819 9
-118.83034263888196 -300.5675129608281 1.060494591221198 9
-118.73265885963058 -300.3929911018328 1.0605455448123937 9
-118.63498430975639 -300.218464077354 1.0605966525157293 9
-118.53731722609906 -300.043932874412 1.0606305291042932 9
-118.43965450332654 -299.86939923113107 1.0606472156854436 9
-118.34199415901628 -299.69486425710863 1.0606604857996877 9
-118.24433629209747 -299.5203278969463 1.0606756038028544 9
-118.14668130547132 -299.3457899251495 1.0606943644243947 9
-118.04903025706767 -299.17124974996017 1.0607208664141083 9
-117.95138438605866 -298.9967066783087 1.060751233342937 9
-117.85374276187508 -298.82216123085567 1.0607680824658496 9
-117.75610272476214 -298.64761489554826 1.0607694187172771 9
-117.65846185006053 -298.4730690288127 1.0607615588371855 9
-117.56082001810492 -298.29852369759357 1.06075892687949 9
-117.46317821964331 -298.1239783476369 1.0607612898570409 9
